source_url,local_path,bytes,sha256
https://vl63.ru//modules/mod_djimageslider/assets/next.png,modules/mod_djimageslider/assets/next.png,861,64fbc6a4f85aa192bfa5c5e726b54677610e037e69732ed9e54dabb61e0cf3a6
https://vl63.ru//modules/mod_djimageslider/assets/prev.png,modules/mod_djimageslider/assets/prev.png,866,f59274a0295da100346a3aeb017458b615431784c07707a29e3aefc3555af828
https://vl63.ru/cache/jw_sigpro/jwsigpro_cache_00064f903d_14.jpg,cache/jw_sigpro/jwsigpro_cache_00064f903d_14.jpg,8411,d7366182c9698b117a093411db79b4d0a271453de6137a38a37a3fc99a7b821f
https://vl63.ru/cache/jw_sigpro/jwsigpro_cache_00064f903d_15.jpg,cache/jw_sigpro/jwsigpro_cache_00064f903d_15.jpg,10886,2d5afc077cc45ced603758424819d3d7d289e0a81ec8c890eabe7ba8c364a704
https://vl63.ru/cache/jw_sigpro/jwsigpro_cache_00064f903d_16.jpg,cache/jw_sigpro/jwsigpro_cache_00064f903d_16.jpg,10664,4273ef93acd805a5ebf0bab67501af938f5c8484f5aa321837700854a485a190
https://vl63.ru/cache/jw_sigpro/jwsigpro_cache_00064f903d_17.jpg,cache/jw_sigpro/jwsigpro_cache_00064f903d_17.jpg,10865,5ae30c5eefe5e37bb363aad48f8adda232458cc9be1b81cd9347d46ccffbe40a
https://vl63.ru/cache/jw_sigpro/jwsigpro_cache_00064f903d_18.jpg,cache/jw_sigpro/jwsigpro_cache_00064f903d_18.jpg,10491,35a18f6cf09318391899a973519f75c5d369dca3950752e4a45689d08ad0012b
https://vl63.ru/cache/jw_sigpro/jwsigpro_cache_00064f903d_19.jpg,cache/jw_sigpro/jwsigpro_cache_00064f903d_19.jpg,10576,144507892cf96ca05fb72b5ca5d2de781e436d27cae6f4bd04b564f39452445d
https://vl63.ru/cache/jw_sigpro/jwsigpro_cache_00064f903d_20.jpg,cache/jw_sigpro/jwsigpro_cache_00064f903d_20.jpg,8880,7c7017ac9333529d044c5d1a52ff914215cdb5ceb5ad2b4fe34b815807b5d012
https://vl63.ru/cache/jw_sigpro/jwsigpro_cache_007140c503_307-001.jpg,cache/jw_sigpro/jwsigpro_cache_007140c503_307-001.jpg,7719,06252440284a1405b5078bb4727256e2fd45d9f50aee5cf958cf0f6bc0d5ffca
https://vl63.ru/cache/jw_sigpro/jwsigpro_cache_007140c503_307-002.jpg,cache/jw_sigpro/jwsigpro_cache_007140c503_307-002.jpg,7025,3fd126a5b091d2940a8a185870e8e8d953cee8df8e9721022d5334a765a2ab28
https://vl63.ru/cache/jw_sigpro/jwsigpro_cache_007140c503_307-003.jpg,cache/jw_sigpro/jwsigpro_cache_007140c503_307-003.jpg,5620,b0a1011e009447d3a06a64cc81d3792acff61e0d80ef956383292aad53c65ba0
https://vl63.ru/cache/jw_sigpro/jwsigpro_cache_007140c503_307-004.jpg,cache/jw_sigpro/jwsigpro_cache_007140c503_307-004.jpg,8634,26a4ba637942d2956dfca1cba78297194e8613d31eee7cf1c790be29fccadc63
https://vl63.ru/cache/jw_sigpro/jwsigpro_cache_007140c503_307-005.jpg,cache/jw_sigpro/jwsigpro_cache_007140c503_307-005.jpg,6527,9b3c48bd23ffcb3c217e0d856d670681abc5d68084c3e2c38bff2a63d9b8cc77
https://vl63.ru/cache/jw_sigpro/jwsigpro_cache_007140c503_307-006.jpg,cache/jw_sigpro/jwsigpro_cache_007140c503_307-006.jpg,6262,c001ea1d9a17d54aa42cecf8590a09bfd297abfb7c914661ca5d5f75e9f0351c
https://vl63.ru/cache/jw_sigpro/jwsigpro_cache_007140c503_307-007.jpg,cache/jw_sigpro/jwsigpro_cache_007140c503_307-007.jpg,9699,a71dc4d1223bf9ceb31a231dcbe6351bc1e775e16c76640f66ae6e254f9cc3a5
https://vl63.ru/cache/jw_sigpro/jwsigpro_cache_007140c503_307-008.jpg,cache/jw_sigpro/jwsigpro_cache_007140c503_307-008.jpg,10331,a9338fdde272cf9fbb6a5c8bdf6af76bc2cedd6e8c5c7afa1ed4353e3051cb34
https://vl63.ru/cache/jw_sigpro/jwsigpro_cache_007140c503_307-009.jpg,cache/jw_sigpro/jwsigpro_cache_007140c503_307-009.jpg,6568,91ba9713c0fd5746c125de8f5fb6b0c4624372cb305f4e659b7e3a31cd6e7e8d
https://vl63.ru/cache/jw_sigpro/jwsigpro_cache_007140c503_307-010.jpg,cache/jw_sigpro/jwsigpro_cache_007140c503_307-010.jpg,6756,f26c2492e98770f5b55454484d2f0e939c7a48c339e6bcf81eb689728a770896
https://vl63.ru/cache/jw_sigpro/jwsigpro_cache_007140c503_307-011.jpg,cache/jw_sigpro/jwsigpro_cache_007140c503_307-011.jpg,7965,b2987e7e86965fd8571869b9ad56141c25e5ed63b3dd544364aa778c17169763
https://vl63.ru/cache/jw_sigpro/jwsigpro_cache_035f4b3c20_image00001.jpg,cache/jw_sigpro/jwsigpro_cache_035f4b3c20_image00001.jpg,11246,54b2764c00d8a17de9be4cbb31f941a0b2ff1c83c56119f9a4f840a5addade79
https://vl63.ru/cache/jw_sigpro/jwsigpro_cache_035f4b3c20_image00002.jpg,cache/jw_sigpro/jwsigpro_cache_035f4b3c20_image00002.jpg,7691,3cf6f84063769681b59adcb3a980521f9947b6b481956c00bedbdd7f01e63225
https://vl63.ru/cache/jw_sigpro/jwsigpro_cache_035f4b3c20_image00003.jpg,cache/jw_sigpro/jwsigpro_cache_035f4b3c20_image00003.jpg,9228,b0d031baa35be9333b964cf1a8854e5b4eacca9286aa13014085443af4f35192
https://vl63.ru/cache/jw_sigpro/jwsigpro_cache_035f4b3c20_image00004.jpg,cache/jw_sigpro/jwsigpro_cache_035f4b3c20_image00004.jpg,14341,2474a6089ab5a42e6e0d03649598abf0517e172c2a76294bc067fe1d48ac875e
https://vl63.ru/cache/jw_sigpro/jwsigpro_cache_035f4b3c20_image00005.jpg,cache/jw_sigpro/jwsigpro_cache_035f4b3c20_image00005.jpg,11376,339e885e5924fe242dfb9f64b779e735accfff61f8e9719db10c23690cfec881
https://vl63.ru/cache/jw_sigpro/jwsigpro_cache_035f4b3c20_lustra-utolena-v-natjazhnoj-potolok.jpg,cache/jw_sigpro/jwsigpro_cache_035f4b3c20_lustra-utolena-v-natjazhnoj-potolok.jpg,6456,7ea4437a66538c7fca6f6ef8c33dc0cfd2e04669c1940b5fb73df947a8941941
https://vl63.ru/cache/jw_sigpro/jwsigpro_cache_035f4b3c20_natjazhnoj-potolok-nad-lestnitsej-na-2-etage.jpg,cache/jw_sigpro/jwsigpro_cache_035f4b3c20_natjazhnoj-potolok-nad-lestnitsej-na-2-etage.jpg,6603,8e34686d9347bf03f429d799d6d16cde2d2c78478b784373f1453f8e90499c4a
https://vl63.ru/cache/jw_sigpro/jwsigpro_cache_0431a07ae3_24.jpg,cache/jw_sigpro/jwsigpro_cache_0431a07ae3_24.jpg,9611,167faaccd1b5123481f15bdb032e781f03cd21fe0641b4a1ca731f31e9b80d3f
https://vl63.ru/cache/jw_sigpro/jwsigpro_cache_0431a07ae3_hall.jpg,cache/jw_sigpro/jwsigpro_cache_0431a07ae3_hall.jpg,11946,607292ac30cfb6d630c585e251b85ff889fe99191d1d02556ffcf5e2b4a56726
https://vl63.ru/cache/jw_sigpro/jwsigpro_cache_0696192201_28.jpg,cache/jw_sigpro/jwsigpro_cache_0696192201_28.jpg,8034,1bc54d0f1f9864146c3c726985d41cd50db654a39f2830591060aacd3ebeae3f
https://vl63.ru/cache/jw_sigpro/jwsigpro_cache_0696192201_29.jpg,cache/jw_sigpro/jwsigpro_cache_0696192201_29.jpg,10558,c37f78aebc614cc5afeab445a95407d88ba928af4583691072e5dfa1134641da
https://vl63.ru/cache/jw_sigpro/jwsigpro_cache_0696192201_30.jpg,cache/jw_sigpro/jwsigpro_cache_0696192201_30.jpg,7701,35967880ada9bd1d9821070742095ba1d0723d4509f3674bde1e6fba09ea5037
https://vl63.ru/cache/jw_sigpro/jwsigpro_cache_0696192201_31.jpg,cache/jw_sigpro/jwsigpro_cache_0696192201_31.jpg,11352,ea34856e66450803f7acf284d90b2811ffbe0e549a060b7c4c9993fe54651132
https://vl63.ru/cache/jw_sigpro/jwsigpro_cache_0696192201_mat_potolok_s_nishei.jpg,cache/jw_sigpro/jwsigpro_cache_0696192201_mat_potolok_s_nishei.jpg,7979,942b839f45dc4d5a9830888da70c450328e02f3a1263011ee21fbbee3a34e15d
https://vl63.ru/cache/jw_sigpro/jwsigpro_cache_0696192201_nomer_molodozghenov.jpg,cache/jw_sigpro/jwsigpro_cache_0696192201_nomer_molodozghenov.jpg,7035,1161a1f2df50ef066acd5f979228d188f6fd1657a1a31bb6a61f881fb978e1b6
https://vl63.ru/cache/jw_sigpro/jwsigpro_cache_0696192201_park-otel_lux.jpg,cache/jw_sigpro/jwsigpro_cache_0696192201_park-otel_lux.jpg,9814,246167af58c300e8c7398318d45483f156a163f7f3adf7ced5d11cef21d7ee76
https://vl63.ru/cache/jw_sigpro/jwsigpro_cache_0696192201_park-otel_lux_bathroom.jpg,cache/jw_sigpro/jwsigpro_cache_0696192201_park-otel_lux_bathroom.jpg,8317,dcfa5a07cfad793b013dd806c341f151f2b20da8714fb41f0bd0d95e1a720f50
https://vl63.ru/cache/jw_sigpro/jwsigpro_cache_0696192201_potolok_v_saune.jpg,cache/jw_sigpro/jwsigpro_cache_0696192201_potolok_v_saune.jpg,8348,fd747c50442e3c6b183ac5bd500e308a3a32ff7cd844688936474fb2ea97ff8f
https://vl63.ru/cache/jw_sigpro/jwsigpro_cache_0874053f5d_img_6621.jpg,cache/jw_sigpro/jwsigpro_cache_0874053f5d_img_6621.jpg,8953,cfd0ea180a8d83a8252665d594d53b9f320bd4ba4989462b8d93e93de29dd40c
https://vl63.ru/cache/jw_sigpro/jwsigpro_cache_088f8a7b31_img_6621.jpg,cache/jw_sigpro/jwsigpro_cache_088f8a7b31_img_6621.jpg,8953,cfd0ea180a8d83a8252665d594d53b9f320bd4ba4989462b8d93e93de29dd40c
https://vl63.ru/cache/jw_sigpro/jwsigpro_cache_0ac3df68d0_36.jpg,cache/jw_sigpro/jwsigpro_cache_0ac3df68d0_36.jpg,8180,17b741c57c5ab95ed2a62ab991942bb5a799be97ef3efa82119bf49ae6a6cb5a
https://vl63.ru/cache/jw_sigpro/jwsigpro_cache_0ac3df68d0_37.jpg,cache/jw_sigpro/jwsigpro_cache_0ac3df68d0_37.jpg,14280,276bd339342b0b0100a79831e5a8b5d7f25e3513c40902844aac89855c4653f9
https://vl63.ru/cache/jw_sigpro/jwsigpro_cache_0ac3df68d0_38.jpg,cache/jw_sigpro/jwsigpro_cache_0ac3df68d0_38.jpg,11720,b02072e3b4f45a4cf158f5276891de25143727643b850b1c86296347c97e8578
https://vl63.ru/cache/jw_sigpro/jwsigpro_cache_0ed47b8609_kobalt_potolok.jpg,cache/jw_sigpro/jwsigpro_cache_0ed47b8609_kobalt_potolok.jpg,6941,272eb1141cc1d185022dc3e1d8409b114bd3659ba9f91b3c636867757377606c
https://vl63.ru/cache/jw_sigpro/jwsigpro_cache_0ed47b8609_sero-sinij_natjazhnoi_potolok_140.jpg,cache/jw_sigpro/jwsigpro_cache_0ed47b8609_sero-sinij_natjazhnoi_potolok_140.jpg,7079,fd6aa7a214fe0180fbabb56bbdee6b8427a4521adafb9a21ace3f61f994f0040
https://vl63.ru/cache/jw_sigpro/jwsigpro_cache_0f523c57f5_406-01.jpg,cache/jw_sigpro/jwsigpro_cache_0f523c57f5_406-01.jpg,4309,eb8222be135d77b078dce5ec1096e8cd1439d7243f630e2116202f51de159e63
https://vl63.ru/cache/jw_sigpro/jwsigpro_cache_0f523c57f5_406-02.jpg,cache/jw_sigpro/jwsigpro_cache_0f523c57f5_406-02.jpg,9926,fd14da151542e799d82df0f086c0469742ca286bc1948e43721e35fffec1aee6
https://vl63.ru/cache/jw_sigpro/jwsigpro_cache_0f523c57f5_406-04.jpg,cache/jw_sigpro/jwsigpro_cache_0f523c57f5_406-04.jpg,7692,ded71d45e277b53f62d7ca38d42c88474a287c1acfe2f843198978cc82f7024a
https://vl63.ru/cache/jw_sigpro/jwsigpro_cache_0f523c57f5_406-05.jpg,cache/jw_sigpro/jwsigpro_cache_0f523c57f5_406-05.jpg,8784,f8e994136a5783a86ad98ee9c993e14b5375ccdd86af4b0ef6574467423551b9
https://vl63.ru/cache/jw_sigpro/jwsigpro_cache_0f523c57f5_img_6176.jpg,cache/jw_sigpro/jwsigpro_cache_0f523c57f5_img_6176.jpg,8051,fe5fc25cd06618d30dc482d0c658b76e3ee0a84774e3d9c09ece5913809c99d3
https://vl63.ru/cache/jw_sigpro/jwsigpro_cache_0f523c57f5_img_6178.jpg,cache/jw_sigpro/jwsigpro_cache_0f523c57f5_img_6178.jpg,6193,c484480f8f981be15a7e318fe35d3fba7effd227105454219f26839ff34c09e9
https://vl63.ru/cache/jw_sigpro/jwsigpro_cache_0f523c57f5_img_6180.jpg,cache/jw_sigpro/jwsigpro_cache_0f523c57f5_img_6180.jpg,10281,5ad00eca41fddf25e75418ac33af248f1fcfc8af9edad71a711db9da623d8b1e
https://vl63.ru/cache/jw_sigpro/jwsigpro_cache_0f523c57f5_img_6182.jpg,cache/jw_sigpro/jwsigpro_cache_0f523c57f5_img_6182.jpg,3330,f3a34ee6b2ee4d4ca77b81682ed52fa70746cb060cac5d8a8b5899644dc839b6
https://vl63.ru/cache/jw_sigpro/jwsigpro_cache_1105f0100f_fotopechat-golden-art-67-saros-design.jpg,cache/jw_sigpro/jwsigpro_cache_1105f0100f_fotopechat-golden-art-67-saros-design.jpg,10146,34a664a70eb17ba2ea8874a1f3f420491cfcdca5a58dabecfb1edad5bd715e32
https://vl63.ru/cache/jw_sigpro/jwsigpro_cache_1105f0100f_fotopechat-golden-art-67-saros-toljatti.jpg,cache/jw_sigpro/jwsigpro_cache_1105f0100f_fotopechat-golden-art-67-saros-toljatti.jpg,10056,ff9c76b701671de28e3704fbf5968f8edbdc50291cd43cbdb352f3b50ebd512b
https://vl63.ru/cache/jw_sigpro/jwsigpro_cache_1105f0100f_fotopechat-golden-art-67-saros-vl63ru.jpg,cache/jw_sigpro/jwsigpro_cache_1105f0100f_fotopechat-golden-art-67-saros-vl63ru.jpg,9550,38c3bdaadde96f4d61d8c1bc236d579bbb0b898aa794efc79251e36e82db4f42
https://vl63.ru/cache/jw_sigpro/jwsigpro_cache_1105f0100f_fotopechat-golden-art-67-saros.jpg,cache/jw_sigpro/jwsigpro_cache_1105f0100f_fotopechat-golden-art-67-saros.jpg,6645,5fcb5ed3e8eb49173adceb812d392a9752f7860b928176138be38aa8555ba0e8
https://vl63.ru/cache/jw_sigpro/jwsigpro_cache_11174d161e_11.jpg,cache/jw_sigpro/jwsigpro_cache_11174d161e_11.jpg,10214,f8b06430efae77c3035a068e27436313c30f9a7bb9516ee32f12cb007dc5a9a3
https://vl63.ru/cache/jw_sigpro/jwsigpro_cache_11174d161e_12.jpg,cache/jw_sigpro/jwsigpro_cache_11174d161e_12.jpg,7901,29069b6042dee6ff82fa740543668d1406da2140b794c328128d7f65f28b2bed
https://vl63.ru/cache/jw_sigpro/jwsigpro_cache_11174d161e_13.jpg,cache/jw_sigpro/jwsigpro_cache_11174d161e_13.jpg,10314,01c2fb585c59cf0085f7594974eabc0fd7907e6a15a3396ff4827209f0cd52b3
https://vl63.ru/cache/jw_sigpro/jwsigpro_cache_11174d161e_emerald-hotel.jpg,cache/jw_sigpro/jwsigpro_cache_11174d161e_emerald-hotel.jpg,11361,928a2437c4bdbf2f7b86426b18997c7fa1ebb108b70fc2b3944318239dda3a63
https://vl63.ru/cache/jw_sigpro/jwsigpro_cache_11174d161e_emerald-hotel_1-floor.jpg,cache/jw_sigpro/jwsigpro_cache_11174d161e_emerald-hotel_1-floor.jpg,13931,3641c6a02836590a0a7e6364bf6a9ecb8ca6188b97fc36cdc37fb66bd7eb2342
https://vl63.ru/cache/jw_sigpro/jwsigpro_cache_11174d161e_emerald-hotel_batroom.jpg,cache/jw_sigpro/jwsigpro_cache_11174d161e_emerald-hotel_batroom.jpg,9165,077744ffe9af35e3c897a72afba575b4233835377b1edb7d8fe3c01c0a1382fe
https://vl63.ru/cache/jw_sigpro/jwsigpro_cache_11174d161e_emerald-hotel_blue_lak.jpg,cache/jw_sigpro/jwsigpro_cache_11174d161e_emerald-hotel_blue_lak.jpg,11568,71006e57f8427eb51f58bebbc28a62b6f93c00949e8e779714699fd52a574709
https://vl63.ru/cache/jw_sigpro/jwsigpro_cache_11174d161e_emerald-hotel_night.jpg,cache/jw_sigpro/jwsigpro_cache_11174d161e_emerald-hotel_night.jpg,9787,cc8a5fd51816e423367bf65083c2c7499d066fd07a865350c61a4ff7c68398bb
https://vl63.ru/cache/jw_sigpro/jwsigpro_cache_11174d161e_emerald-hotel_restraunt.jpg,cache/jw_sigpro/jwsigpro_cache_11174d161e_emerald-hotel_restraunt.jpg,10657,967b443859402cdc973dcf2a1a1a7d4bed93d86a61cf003b8235a61b152aa1c8
https://vl63.ru/cache/jw_sigpro/jwsigpro_cache_11174d161e_emerald-hotel_room.jpg,cache/jw_sigpro/jwsigpro_cache_11174d161e_emerald-hotel_room.jpg,9528,7650a3e884833cd6c31bf0b3aa6c682eb15ffe1232e2b93088146b34989df1dc
https://vl63.ru/cache/jw_sigpro/jwsigpro_cache_11174d161e_emerald.jpg,cache/jw_sigpro/jwsigpro_cache_11174d161e_emerald.jpg,11805,0fadc5c5bd8ab8029c7c613107f11bcf1e2c3801e187cfccf550475367805627
https://vl63.ru/cache/jw_sigpro/jwsigpro_cache_11174d161e_emerald_1-floor.jpg,cache/jw_sigpro/jwsigpro_cache_11174d161e_emerald_1-floor.jpg,13931,3641c6a02836590a0a7e6364bf6a9ecb8ca6188b97fc36cdc37fb66bd7eb2342
https://vl63.ru/cache/jw_sigpro/jwsigpro_cache_11174d161e_emerald_bathroom.jpg,cache/jw_sigpro/jwsigpro_cache_11174d161e_emerald_bathroom.jpg,8303,f44bef664c955a9571e5bfde9e896670dfd286d9a42d52c24db952c7b04d1d27
https://vl63.ru/cache/jw_sigpro/jwsigpro_cache_11174d161e_emerald_green-lak.jpg,cache/jw_sigpro/jwsigpro_cache_11174d161e_emerald_green-lak.jpg,10676,d7d7ad8982732a36d1aada83eb82e7364fa21af56a97d630896a1f4185c1b9a3
https://vl63.ru/cache/jw_sigpro/jwsigpro_cache_11174d161e_emerald_hotel.jpg,cache/jw_sigpro/jwsigpro_cache_11174d161e_emerald_hotel.jpg,8914,0f6140d28d01830c632cb5e1cc0b62faab6711e25d1b8409bd627904272c3248
https://vl63.ru/cache/jw_sigpro/jwsigpro_cache_11174d161e_emerald_hotel_restraunt.jpg,cache/jw_sigpro/jwsigpro_cache_11174d161e_emerald_hotel_restraunt.jpg,10832,e9afeeeb30638c1ee5270753a30e7c3333f8c2a2c2ea96dfee8d158f6fcae2e5
https://vl63.ru/cache/jw_sigpro/jwsigpro_cache_11174d161e_emerald_restraunt.jpg,cache/jw_sigpro/jwsigpro_cache_11174d161e_emerald_restraunt.jpg,11663,9be9d40fc70126571542462a1226364a1813dfe89f24e20e59d58a474659b309
https://vl63.ru/cache/jw_sigpro/jwsigpro_cache_11174d161e_natjazhnoi_potolok_rjadom_s_saunoi.jpg,cache/jw_sigpro/jwsigpro_cache_11174d161e_natjazhnoi_potolok_rjadom_s_saunoi.jpg,8688,dad4739810bb0e44dae4b97d10872b8a041a73662e25666688bb55b4ea670dcb
https://vl63.ru/cache/jw_sigpro/jwsigpro_cache_1130909947_319_pongs.jpg,cache/jw_sigpro/jwsigpro_cache_1130909947_319_pongs.jpg,5578,1d4bd4cd227f948944724b24998434c4c3c364b898c08e0f95b422e1ff89a2fd
https://vl63.ru/cache/jw_sigpro/jwsigpro_cache_1130909947_319_pongs_fotoprint_orange.jpg,cache/jw_sigpro/jwsigpro_cache_1130909947_319_pongs_fotoprint_orange.jpg,6187,9205e7f108098888f94d3a7eceac997a2a01a0c554f934511320a245e7148bd1
https://vl63.ru/cache/jw_sigpro/jwsigpro_cache_1130909947_img_9683.jpg,cache/jw_sigpro/jwsigpro_cache_1130909947_img_9683.jpg,5975,abe9bd183d1272b889db2e1657c713fcabfc907cebfc610a1c7ae763f7410591
https://vl63.ru/cache/jw_sigpro/jwsigpro_cache_11b0485b4d_natazhnije_potolki_slon.jpg,cache/jw_sigpro/jwsigpro_cache_11b0485b4d_natazhnije_potolki_slon.jpg,9506,5fe4bf7726a8c2caea7333dd68661044361a82c813e65cc356d48d4e2e03714f
https://vl63.ru/cache/jw_sigpro/jwsigpro_cache_11b0485b4d_natazhnije_potolki_sport.jpg,cache/jw_sigpro/jwsigpro_cache_11b0485b4d_natazhnije_potolki_sport.jpg,10073,a7eea627bda10ada7d605e7dba7264431881d5016ff0ac926c4e4097a80c25c5
https://vl63.ru/cache/jw_sigpro/jwsigpro_cache_11b0485b4d_natazhnije_potolki_sport_center.jpg,cache/jw_sigpro/jwsigpro_cache_11b0485b4d_natazhnije_potolki_sport_center.jpg,9262,4b58ef6a672cf6ae21c521ce4e05d12758f8001087e1f3c1d0e124696e886539
https://vl63.ru/cache/jw_sigpro/jwsigpro_cache_11b0485b4d_natazhnije_potolki_sportcenter.jpg,cache/jw_sigpro/jwsigpro_cache_11b0485b4d_natazhnije_potolki_sportcenter.jpg,11486,e0d7258ffcfdd0b48e6cb6881b1818a4bd35aa1becdd6ad6c5faece682a37389
https://vl63.ru/cache/jw_sigpro/jwsigpro_cache_11b0485b4d_natazhnije_potolki_toljatti_foto_sport.jpg,cache/jw_sigpro/jwsigpro_cache_11b0485b4d_natazhnije_potolki_toljatti_foto_sport.jpg,12055,0b907d887c2365d95dd04ca6182206d5d6b785aeb21958a08ca34af8f7e4aea9
https://vl63.ru/cache/jw_sigpro/jwsigpro_cache_11b0485b4d_natazhnije_potolki_toljatti_sport_zal.jpg,cache/jw_sigpro/jwsigpro_cache_11b0485b4d_natazhnije_potolki_toljatti_sport_zal.jpg,9477,2055491bf5a85f7b8a2e7e83b59f14fa4d8f87d60dad4c318cd14ffcda4e20f8
https://vl63.ru/cache/jw_sigpro/jwsigpro_cache_11b0485b4d_natazhnije_potolki_toljatti_spotcenter.jpg,cache/jw_sigpro/jwsigpro_cache_11b0485b4d_natazhnije_potolki_toljatti_spotcenter.jpg,14066,a2efe38cc12086dc497ad2bb11c086f2c2b432300b651fd55849504f061eb7e3
https://vl63.ru/cache/jw_sigpro/jwsigpro_cache_11b0485b4d_natazhnije_potolki_v_toljatti_foto_sport.jpg,cache/jw_sigpro/jwsigpro_cache_11b0485b4d_natazhnije_potolki_v_toljatti_foto_sport.jpg,14022,eb9718fb331194e44d54564ba936ef9ef32aeb7ab71bbe5f3b9b35c5927e7071
https://vl63.ru/cache/jw_sigpro/jwsigpro_cache_11b0485b4d_natazhnije_potolki_v_toljatti_spot_zal.jpg,cache/jw_sigpro/jwsigpro_cache_11b0485b4d_natazhnije_potolki_v_toljatti_spot_zal.jpg,10867,5094c735595d8760f6facdc09e6c0dcd72093ea1301cf39f552f1459592f3144
https://vl63.ru/cache/jw_sigpro/jwsigpro_cache_11b0485b4d_natazhnije_potolki_v_toljatti_spotrhall.jpg,cache/jw_sigpro/jwsigpro_cache_11b0485b4d_natazhnije_potolki_v_toljatti_spotrhall.jpg,14616,8408aec90e77d2167f13c5941e301ea2b583e3e4a5ea5ebaad1294ea8fa41df5
https://vl63.ru/cache/jw_sigpro/jwsigpro_cache_11b0485b4d_sport_center_slon.jpg,cache/jw_sigpro/jwsigpro_cache_11b0485b4d_sport_center_slon.jpg,10990,00ef95eaf6c9258c5acd2e8bc0694b7d76c46875e68a550712075fcb4324a6a1
https://vl63.ru/cache/jw_sigpro/jwsigpro_cache_11b0485b4d_sportzal_natazhnije_potolki_toljatti.jpg,cache/jw_sigpro/jwsigpro_cache_11b0485b4d_sportzal_natazhnije_potolki_toljatti.jpg,11403,3782afb5c1f49731b02eed4954f64f2d284a667e97dd37de78f6b3b69a2a7a6f
https://vl63.ru/cache/jw_sigpro/jwsigpro_cache_124915dbd1_490.jpg,cache/jw_sigpro/jwsigpro_cache_124915dbd1_490.jpg,6362,f6c38c52815407895576377ef133752410711d7fe066c4df757fc8a42d32d281
https://vl63.ru/cache/jw_sigpro/jwsigpro_cache_133ed250da_potolok-iz-kartonnyh-trub-1.jpg,cache/jw_sigpro/jwsigpro_cache_133ed250da_potolok-iz-kartonnyh-trub-1.jpg,10425,d51369505dfc754790cc0da18c39e16d2aad66f95dcded5588f4363043215f06
https://vl63.ru/cache/jw_sigpro/jwsigpro_cache_133ed250da_potolok-iz-kartonnyh-trub-2.jpg,cache/jw_sigpro/jwsigpro_cache_133ed250da_potolok-iz-kartonnyh-trub-2.jpg,8874,05abf443a6ca0aa098f66f56a195eed76af3f96c6c7c6a64ed377c81adc24919
https://vl63.ru/cache/jw_sigpro/jwsigpro_cache_133ed250da_potolok-iz-kartonnyh-trub-3.jpg,cache/jw_sigpro/jwsigpro_cache_133ed250da_potolok-iz-kartonnyh-trub-3.jpg,9070,dd21f2b81581133e40fbe3236182c8c7eac0f22869b3be4ee34318bc34ffd92f
https://vl63.ru/cache/jw_sigpro/jwsigpro_cache_133ed250da_potolok-iz-kartonnyh-trub-4.jpg,cache/jw_sigpro/jwsigpro_cache_133ed250da_potolok-iz-kartonnyh-trub-4.jpg,8177,4dfc07e803c201a67d826b3359c82a3e729e5d55087ad2b7678f6363d0ea2192
https://vl63.ru/cache/jw_sigpro/jwsigpro_cache_133ed250da_potolok-iz-kartonnyh-trub-5.jpg,cache/jw_sigpro/jwsigpro_cache_133ed250da_potolok-iz-kartonnyh-trub-5.jpg,9141,4ed61a00d0372c456023e630759c82cf08b067c1b7ba82f16d6eadb625c44cc4
https://vl63.ru/cache/jw_sigpro/jwsigpro_cache_133ed250da_potolok-iz-kartonnyh-trub-6.jpg,cache/jw_sigpro/jwsigpro_cache_133ed250da_potolok-iz-kartonnyh-trub-6.jpg,15768,460c0f3eef0d80c7a6f4c15e4b0e2c23f2af4f890400b44b7abd644563fe43e9
https://vl63.ru/cache/jw_sigpro/jwsigpro_cache_13a2cfa5de_406-01.jpg,cache/jw_sigpro/jwsigpro_cache_13a2cfa5de_406-01.jpg,4309,eb8222be135d77b078dce5ec1096e8cd1439d7243f630e2116202f51de159e63
https://vl63.ru/cache/jw_sigpro/jwsigpro_cache_13a2cfa5de_406-02.jpg,cache/jw_sigpro/jwsigpro_cache_13a2cfa5de_406-02.jpg,9926,fd14da151542e799d82df0f086c0469742ca286bc1948e43721e35fffec1aee6
https://vl63.ru/cache/jw_sigpro/jwsigpro_cache_13a2cfa5de_406-04.jpg,cache/jw_sigpro/jwsigpro_cache_13a2cfa5de_406-04.jpg,7692,ded71d45e277b53f62d7ca38d42c88474a287c1acfe2f843198978cc82f7024a
https://vl63.ru/cache/jw_sigpro/jwsigpro_cache_13a2cfa5de_406-05.jpg,cache/jw_sigpro/jwsigpro_cache_13a2cfa5de_406-05.jpg,8784,f8e994136a5783a86ad98ee9c993e14b5375ccdd86af4b0ef6574467423551b9
https://vl63.ru/cache/jw_sigpro/jwsigpro_cache_13a2cfa5de_img_6176.jpg,cache/jw_sigpro/jwsigpro_cache_13a2cfa5de_img_6176.jpg,8051,fe5fc25cd06618d30dc482d0c658b76e3ee0a84774e3d9c09ece5913809c99d3
https://vl63.ru/cache/jw_sigpro/jwsigpro_cache_13a2cfa5de_img_6178.jpg,cache/jw_sigpro/jwsigpro_cache_13a2cfa5de_img_6178.jpg,6193,c484480f8f981be15a7e318fe35d3fba7effd227105454219f26839ff34c09e9
https://vl63.ru/cache/jw_sigpro/jwsigpro_cache_13a2cfa5de_img_6180.jpg,cache/jw_sigpro/jwsigpro_cache_13a2cfa5de_img_6180.jpg,10281,5ad00eca41fddf25e75418ac33af248f1fcfc8af9edad71a711db9da623d8b1e
https://vl63.ru/cache/jw_sigpro/jwsigpro_cache_13a2cfa5de_img_6182.jpg,cache/jw_sigpro/jwsigpro_cache_13a2cfa5de_img_6182.jpg,3330,f3a34ee6b2ee4d4ca77b81682ed52fa70746cb060cac5d8a8b5899644dc839b6
https://vl63.ru/cache/jw_sigpro/jwsigpro_cache_14f7be883d_307-001.jpg,cache/jw_sigpro/jwsigpro_cache_14f7be883d_307-001.jpg,7719,06252440284a1405b5078bb4727256e2fd45d9f50aee5cf958cf0f6bc0d5ffca
https://vl63.ru/cache/jw_sigpro/jwsigpro_cache_14f7be883d_307-002.jpg,cache/jw_sigpro/jwsigpro_cache_14f7be883d_307-002.jpg,7025,3fd126a5b091d2940a8a185870e8e8d953cee8df8e9721022d5334a765a2ab28
https://vl63.ru/cache/jw_sigpro/jwsigpro_cache_14f7be883d_307-003.jpg,cache/jw_sigpro/jwsigpro_cache_14f7be883d_307-003.jpg,5620,b0a1011e009447d3a06a64cc81d3792acff61e0d80ef956383292aad53c65ba0
https://vl63.ru/cache/jw_sigpro/jwsigpro_cache_14f7be883d_307-004.jpg,cache/jw_sigpro/jwsigpro_cache_14f7be883d_307-004.jpg,8634,26a4ba637942d2956dfca1cba78297194e8613d31eee7cf1c790be29fccadc63
https://vl63.ru/cache/jw_sigpro/jwsigpro_cache_14f7be883d_307-005.jpg,cache/jw_sigpro/jwsigpro_cache_14f7be883d_307-005.jpg,6527,9b3c48bd23ffcb3c217e0d856d670681abc5d68084c3e2c38bff2a63d9b8cc77
https://vl63.ru/cache/jw_sigpro/jwsigpro_cache_14f7be883d_307-006.jpg,cache/jw_sigpro/jwsigpro_cache_14f7be883d_307-006.jpg,6262,c001ea1d9a17d54aa42cecf8590a09bfd297abfb7c914661ca5d5f75e9f0351c
https://vl63.ru/cache/jw_sigpro/jwsigpro_cache_14f7be883d_307-007.jpg,cache/jw_sigpro/jwsigpro_cache_14f7be883d_307-007.jpg,9699,a71dc4d1223bf9ceb31a231dcbe6351bc1e775e16c76640f66ae6e254f9cc3a5
https://vl63.ru/cache/jw_sigpro/jwsigpro_cache_14f7be883d_307-008.jpg,cache/jw_sigpro/jwsigpro_cache_14f7be883d_307-008.jpg,10331,a9338fdde272cf9fbb6a5c8bdf6af76bc2cedd6e8c5c7afa1ed4353e3051cb34
https://vl63.ru/cache/jw_sigpro/jwsigpro_cache_14f7be883d_307-009.jpg,cache/jw_sigpro/jwsigpro_cache_14f7be883d_307-009.jpg,6568,91ba9713c0fd5746c125de8f5fb6b0c4624372cb305f4e659b7e3a31cd6e7e8d
https://vl63.ru/cache/jw_sigpro/jwsigpro_cache_14f7be883d_307-010.jpg,cache/jw_sigpro/jwsigpro_cache_14f7be883d_307-010.jpg,6756,f26c2492e98770f5b55454484d2f0e939c7a48c339e6bcf81eb689728a770896
https://vl63.ru/cache/jw_sigpro/jwsigpro_cache_14f7be883d_307-011.jpg,cache/jw_sigpro/jwsigpro_cache_14f7be883d_307-011.jpg,7965,b2987e7e86965fd8571869b9ad56141c25e5ed63b3dd544364aa778c17169763
https://vl63.ru/cache/jw_sigpro/jwsigpro_cache_18ae5b9d1f__mg_7247.jpg,cache/jw_sigpro/jwsigpro_cache_18ae5b9d1f__mg_7247.jpg,8783,72f4c7c4289699e8b47479301ec852c39b3d655b67a8afc87261c2da6d7793c4
https://vl63.ru/cache/jw_sigpro/jwsigpro_cache_18ae5b9d1f__mg_7268.jpg,cache/jw_sigpro/jwsigpro_cache_18ae5b9d1f__mg_7268.jpg,9549,fab76186f77990134d3ded1cc4de48d2ef131f33f4bf3dffcbedf594c772517d
https://vl63.ru/cache/jw_sigpro/jwsigpro_cache_19c8a25a90_26.jpg,cache/jw_sigpro/jwsigpro_cache_19c8a25a90_26.jpg,12553,c4cda1c5b7d43a910d062543a13d5311e830ecddc472fff2dd978f9f04c256d2
https://vl63.ru/cache/jw_sigpro/jwsigpro_cache_19c8a25a90_27.jpg,cache/jw_sigpro/jwsigpro_cache_19c8a25a90_27.jpg,10235,c83f449b7c17569c66a4ad06c66e2e273a0880e22458dcadd97463ef4420d49b
https://vl63.ru/cache/jw_sigpro/jwsigpro_cache_1b9c97a393_21.jpg,cache/jw_sigpro/jwsigpro_cache_1b9c97a393_21.jpg,12312,ca36d79be102489f0d1f6609196b14bd4f33e6771ea453d79932421c121b9202
https://vl63.ru/cache/jw_sigpro/jwsigpro_cache_1b9c97a393_22.jpg,cache/jw_sigpro/jwsigpro_cache_1b9c97a393_22.jpg,10934,5ca652e0d4ed78bbe809eb411069c7a8473d724c713da31320b14446eded0ab6
https://vl63.ru/cache/jw_sigpro/jwsigpro_cache_1b9c97a393_23.jpg,cache/jw_sigpro/jwsigpro_cache_1b9c97a393_23.jpg,10790,57afcc88559f0fd8d0375009a083280384d60f41a8a14604eb86cbe33265e7b8
https://vl63.ru/cache/jw_sigpro/jwsigpro_cache_1c3324f6b8_652.jpg,cache/jw_sigpro/jwsigpro_cache_1c3324f6b8_652.jpg,5173,42be0133f26b607276b7ebf9e53876083bf8cb6b1fb8635fdc7de057d4d7c42f
https://vl63.ru/cache/jw_sigpro/jwsigpro_cache_1c3324f6b8_652_zvet_lakfolie.jpg,cache/jw_sigpro/jwsigpro_cache_1c3324f6b8_652_zvet_lakfolie.jpg,5350,23d2f93da759a51b594c873e24febf47d7b365a2eb103bad9bfc9106f4028021
https://vl63.ru/cache/jw_sigpro/jwsigpro_cache_1c3324f6b8_img_2682.jpg,cache/jw_sigpro/jwsigpro_cache_1c3324f6b8_img_2682.jpg,5887,436c91fc7744ae4fd0b4f4947bb58075511b58df505d1f45b59b4934839029ad
https://vl63.ru/cache/jw_sigpro/jwsigpro_cache_1c3324f6b8_img_6191.jpg,cache/jw_sigpro/jwsigpro_cache_1c3324f6b8_img_6191.jpg,9860,6d1bb0e1167927f0ea820ab01a02ecfc14aba5b28193a3dd7126b6855ae44252
https://vl63.ru/cache/jw_sigpro/jwsigpro_cache_1c3324f6b8_img_6192.jpg,cache/jw_sigpro/jwsigpro_cache_1c3324f6b8_img_6192.jpg,8509,274b8fb12aebaa2de85ce41cda107889faa7331ce8142e3c024bfe1d4ce31506
https://vl63.ru/cache/jw_sigpro/jwsigpro_cache_1d43f2c486__mg_7247.jpg,cache/jw_sigpro/jwsigpro_cache_1d43f2c486__mg_7247.jpg,8783,72f4c7c4289699e8b47479301ec852c39b3d655b67a8afc87261c2da6d7793c4
https://vl63.ru/cache/jw_sigpro/jwsigpro_cache_1d43f2c486__mg_7268.jpg,cache/jw_sigpro/jwsigpro_cache_1d43f2c486__mg_7268.jpg,9549,fab76186f77990134d3ded1cc4de48d2ef131f33f4bf3dffcbedf594c772517d
https://vl63.ru/cache/jw_sigpro/jwsigpro_cache_203db5cddf_25.jpg,cache/jw_sigpro/jwsigpro_cache_203db5cddf_25.jpg,9661,9f7da81d8d266270ac6d8ef8d4334068c3940f2ad3371b70cff3934df815269c
https://vl63.ru/cache/jw_sigpro/jwsigpro_cache_203db5cddf_goluboi_potolok_v_saune_lovchiy.jpg,cache/jw_sigpro/jwsigpro_cache_203db5cddf_goluboi_potolok_v_saune_lovchiy.jpg,7181,c5944b1c2619a9fdba4d36392f7f04d7537f41a51fe7714b1af1500285162ab2
https://vl63.ru/cache/jw_sigpro/jwsigpro_cache_203db5cddf_lovchiy-sauna.jpg,cache/jw_sigpro/jwsigpro_cache_203db5cddf_lovchiy-sauna.jpg,10746,1f2d454ddfad357aa78f0f4ff0053c105569b6cd293dc02c77029db9be9155c7
https://vl63.ru/cache/jw_sigpro/jwsigpro_cache_203db5cddf_lovchiy.jpg,cache/jw_sigpro/jwsigpro_cache_203db5cddf_lovchiy.jpg,11563,10632195098ae0a290cc1f69deebfcd3455225349c269c46af62f506960dea53
https://vl63.ru/cache/jw_sigpro/jwsigpro_cache_203db5cddf_lovchiy_plus.jpg,cache/jw_sigpro/jwsigpro_cache_203db5cddf_lovchiy_plus.jpg,10134,62b19b9a1e7408af32b6a46a2fa5f49d5e162a210cce9fbccf833ad863d4cbe4
https://vl63.ru/cache/jw_sigpro/jwsigpro_cache_203db5cddf_siniy_potolok_nad_basseinom.jpg,cache/jw_sigpro/jwsigpro_cache_203db5cddf_siniy_potolok_nad_basseinom.jpg,8424,66c107da6abf750409cb27405dab6333598c83370aac4ba2075d6f468ff9ef61
https://vl63.ru/cache/jw_sigpro/jwsigpro_cache_21364a0b0a_natjazhnoj-potolok-pvc-v-gostinoj-dachi-1.jpg,cache/jw_sigpro/jwsigpro_cache_21364a0b0a_natjazhnoj-potolok-pvc-v-gostinoj-dachi-1.jpg,5325,1f8758b986022243ff61389a86e08c2b396186c37c71ea7fa68202c252f8cd33
https://vl63.ru/cache/jw_sigpro/jwsigpro_cache_21364a0b0a_natjazhnoj-potolok-pvc-v-gostinoj-dachi-2.jpg,cache/jw_sigpro/jwsigpro_cache_21364a0b0a_natjazhnoj-potolok-pvc-v-gostinoj-dachi-2.jpg,5664,1c1e2c5b702c4bb2d4ea8db8d5c823b722234a1460dc8cbe5ef26372c6771106
https://vl63.ru/cache/jw_sigpro/jwsigpro_cache_21364a0b0a_natjazhnoj-potolok-pvc-v-gostinoj-dachi-3.jpg,cache/jw_sigpro/jwsigpro_cache_21364a0b0a_natjazhnoj-potolok-pvc-v-gostinoj-dachi-3.jpg,6099,0f7f17b1c6c4abf77fb0cd4a9fea9a859eace993358e378a7938ac4aa4d7677f
https://vl63.ru/cache/jw_sigpro/jwsigpro_cache_21364a0b0a_natjazhnoj-potolok-pvc-v-gostinoj-dachi-4.jpg,cache/jw_sigpro/jwsigpro_cache_21364a0b0a_natjazhnoj-potolok-pvc-v-gostinoj-dachi-4.jpg,9886,3e19c83e5521ba754964789e224de169d7376d5638d4bca0b2e52662e9dc7a69
https://vl63.ru/cache/jw_sigpro/jwsigpro_cache_21364a0b0a_natjazhnoj-potolok-pvc-v-gostinoj-dachi-5.jpg,cache/jw_sigpro/jwsigpro_cache_21364a0b0a_natjazhnoj-potolok-pvc-v-gostinoj-dachi-5.jpg,6374,e99202549105d3fcd0ccae59640bbab5d0da50b46d5136ad8d29fd3a5d981d84
https://vl63.ru/cache/jw_sigpro/jwsigpro_cache_21364a0b0a_natjazhnoj-potolok-pvc-v-gostinoj-dachi.jpg,cache/jw_sigpro/jwsigpro_cache_21364a0b0a_natjazhnoj-potolok-pvc-v-gostinoj-dachi.jpg,5606,cce57374cff2c0bc8e261add45a7e8dcd932171d7d1ccc308b1a9643a25f0d5b
https://vl63.ru/cache/jw_sigpro/jwsigpro_cache_21364a0b0a_vinilovyj-natjazhnoj-potolok-na-kuhne-dachi-1.jpg,cache/jw_sigpro/jwsigpro_cache_21364a0b0a_vinilovyj-natjazhnoj-potolok-na-kuhne-dachi-1.jpg,10276,0f4ad101551e67d53a92f60a0c10bbe8c1a8e3cdb8e5fa505ed95b16c3398cc5
https://vl63.ru/cache/jw_sigpro/jwsigpro_cache_21364a0b0a_vinilovyj-natjazhnoj-potolok-na-kuhne-dachi-2.jpg,cache/jw_sigpro/jwsigpro_cache_21364a0b0a_vinilovyj-natjazhnoj-potolok-na-kuhne-dachi-2.jpg,8988,a57244f90cd1d484799d0dad507eb4974a05c91c404e48a6cbd83c2e49728a8b
https://vl63.ru/cache/jw_sigpro/jwsigpro_cache_21364a0b0a_vinilovyj-natjazhnoj-potolok-na-kuhne-dachi.jpg,cache/jw_sigpro/jwsigpro_cache_21364a0b0a_vinilovyj-natjazhnoj-potolok-na-kuhne-dachi.jpg,5536,0509d0bc45854f20739df1e1877008e6e65ad789693184059090c548c5bbc36a
https://vl63.ru/cache/jw_sigpro/jwsigpro_cache_22bdade846_3d-potolok_ptitsy_v_nebe_v_svetloi_komnate.jpg,cache/jw_sigpro/jwsigpro_cache_22bdade846_3d-potolok_ptitsy_v_nebe_v_svetloi_komnate.jpg,6637,0e227e95fa9898c0b0326ce463c6e0e94093c97ba5fd71ee2035d15ca380e09d
https://vl63.ru/cache/jw_sigpro/jwsigpro_cache_22bdade846_3d-potolok_ptitsy_v_nebe_v_temnoi_komnate.jpg,cache/jw_sigpro/jwsigpro_cache_22bdade846_3d-potolok_ptitsy_v_nebe_v_temnoi_komnate.jpg,3244,c39c6bdf2cdea6e9ce926ed1eed849d631da6142ff9bbae8781fb80bc633fe46
https://vl63.ru/cache/jw_sigpro/jwsigpro_cache_22bdade846_3d_potolok_v_armstrong.jpg.jpg,cache/jw_sigpro/jwsigpro_cache_22bdade846_3d_potolok_v_armstrong.jpg.jpg,5739,028aa8f139891aeead3e56476b089e1478e03316a0a75c551ef0f1a774152db6
https://vl63.ru/cache/jw_sigpro/jwsigpro_cache_2352bfd964_24.jpg,cache/jw_sigpro/jwsigpro_cache_2352bfd964_24.jpg,9611,167faaccd1b5123481f15bdb032e781f03cd21fe0641b4a1ca731f31e9b80d3f
https://vl63.ru/cache/jw_sigpro/jwsigpro_cache_2352bfd964_hall.jpg,cache/jw_sigpro/jwsigpro_cache_2352bfd964_hall.jpg,11946,607292ac30cfb6d630c585e251b85ff889fe99191d1d02556ffcf5e2b4a56726
https://vl63.ru/cache/jw_sigpro/jwsigpro_cache_2ef5f3dc2f_21.jpg,cache/jw_sigpro/jwsigpro_cache_2ef5f3dc2f_21.jpg,12312,ca36d79be102489f0d1f6609196b14bd4f33e6771ea453d79932421c121b9202
https://vl63.ru/cache/jw_sigpro/jwsigpro_cache_2ef5f3dc2f_22.jpg,cache/jw_sigpro/jwsigpro_cache_2ef5f3dc2f_22.jpg,10934,5ca652e0d4ed78bbe809eb411069c7a8473d724c713da31320b14446eded0ab6
https://vl63.ru/cache/jw_sigpro/jwsigpro_cache_2ef5f3dc2f_23.jpg,cache/jw_sigpro/jwsigpro_cache_2ef5f3dc2f_23.jpg,10790,57afcc88559f0fd8d0375009a083280384d60f41a8a14604eb86cbe33265e7b8
https://vl63.ru/cache/jw_sigpro/jwsigpro_cache_2f6506e7a8_32.jpg,cache/jw_sigpro/jwsigpro_cache_2f6506e7a8_32.jpg,8992,2dfa533fb6bdd37f8520bb24d765557570699e3d6642dd000582bb2a88a49dc0
https://vl63.ru/cache/jw_sigpro/jwsigpro_cache_2f6506e7a8_33.jpg,cache/jw_sigpro/jwsigpro_cache_2f6506e7a8_33.jpg,12133,6e2849ac769b05dce312f98f9358e8564415323b73de26141058636a0a55aa01
https://vl63.ru/cache/jw_sigpro/jwsigpro_cache_3037df0746_reznoi_potolok_v_armstrong_bez_podsvetki.jpg,cache/jw_sigpro/jwsigpro_cache_3037df0746_reznoi_potolok_v_armstrong_bez_podsvetki.jpg,6123,8572c129c1e3e51d172b835561bedd1ce31b2eb0535dab7f4f080d1f93e5a84c
https://vl63.ru/cache/jw_sigpro/jwsigpro_cache_3037df0746_reznoi_potolok_v_armstrong_s_podsvetkoi.jpg,cache/jw_sigpro/jwsigpro_cache_3037df0746_reznoi_potolok_v_armstrong_s_podsvetkoi.jpg,6590,1b3eb5585d089947ba2e4b82fb31060ac025f76b2df6468259a4fafa310aa187
https://vl63.ru/cache/jw_sigpro/jwsigpro_cache_3037df0746_reznoi_potolok_v_armstrong_v_temnote.jpg,cache/jw_sigpro/jwsigpro_cache_3037df0746_reznoi_potolok_v_armstrong_v_temnote.jpg,2975,652dce0cef413acc9dc85b0ccbbbda7e6983d07311de8d1947246643b5079dfb
https://vl63.ru/cache/jw_sigpro/jwsigpro_cache_320627cc28_img_6419.jpg,cache/jw_sigpro/jwsigpro_cache_320627cc28_img_6419.jpg,9977,564a8b444d5a91c23c53ef8cfa1598de2f1aa6392cf68076129248ab28d35d9b
https://vl63.ru/cache/jw_sigpro/jwsigpro_cache_320627cc28_img_6422.jpg,cache/jw_sigpro/jwsigpro_cache_320627cc28_img_6422.jpg,10469,1ad006f46e07fe1061ba08a32d14a5c4f4005fc96933a1f6dfe6a6e1b5f4513d
https://vl63.ru/cache/jw_sigpro/jwsigpro_cache_320627cc28_img_6430.jpg,cache/jw_sigpro/jwsigpro_cache_320627cc28_img_6430.jpg,9673,ad0f15c617dec100fe9582f244d62076fa51f846d340c96bf866b6cbc2f32b14
https://vl63.ru/cache/jw_sigpro/jwsigpro_cache_320627cc28_img_6433.jpg,cache/jw_sigpro/jwsigpro_cache_320627cc28_img_6433.jpg,10160,46f9312298a522cb30f91936ea3beed7b123e7e5ed3be91889eaecf29e9bbd2b
https://vl63.ru/cache/jw_sigpro/jwsigpro_cache_320627cc28_sush-ka_potolki.jpg,cache/jw_sigpro/jwsigpro_cache_320627cc28_sush-ka_potolki.jpg,10608,6cadc7e3b34459c093fd03ab1fe55a436baa08c761ecebffd5e29517baca5e2c
https://vl63.ru/cache/jw_sigpro/jwsigpro_cache_33209b62ab__mg_0235.jpg,cache/jw_sigpro/jwsigpro_cache_33209b62ab__mg_0235.jpg,9016,d4fc6c1304965af201cb9a7a2dc53a97486382416b6c76765445f7141f41abd3
https://vl63.ru/cache/jw_sigpro/jwsigpro_cache_33209b62ab__mg_2109.jpg,cache/jw_sigpro/jwsigpro_cache_33209b62ab__mg_2109.jpg,5605,ff3541711561d42ab8a2c5bbe4a4a1697aee709b13cbb6245eb279e57bf8cf0d
https://vl63.ru/cache/jw_sigpro/jwsigpro_cache_33209b62ab_dsc09038.jpg,cache/jw_sigpro/jwsigpro_cache_33209b62ab_dsc09038.jpg,8283,906224e6fb0b9ace5916edfdd594cf0bccf749d55e0a5661fc61093cc275884d
https://vl63.ru/cache/jw_sigpro/jwsigpro_cache_33209b62ab_img_0486.jpg,cache/jw_sigpro/jwsigpro_cache_33209b62ab_img_0486.jpg,12476,edb009693574ca88014215631b00ea61b8da94df2b043bb8fb74ad1f55c39ed6
https://vl63.ru/cache/jw_sigpro/jwsigpro_cache_33209b62ab_img_0523.jpg,cache/jw_sigpro/jwsigpro_cache_33209b62ab_img_0523.jpg,9092,eed9e0fd973e6373a5d792f50bdb8e1044bbd42e87b3717fa32b240a359374c6
https://vl63.ru/cache/jw_sigpro/jwsigpro_cache_33209b62ab_img_3506.jpg,cache/jw_sigpro/jwsigpro_cache_33209b62ab_img_3506.jpg,6847,88c054a235740a87c38063ffd067b36fdf0e859560e90a31c43b0bb2bbec5cdf
https://vl63.ru/cache/jw_sigpro/jwsigpro_cache_33209b62ab_img_3507.jpg,cache/jw_sigpro/jwsigpro_cache_33209b62ab_img_3507.jpg,6203,45fa7a4b72845407b3c67d1fe3e3c8bca62b6253f4ed892a0b357485f4defa89
https://vl63.ru/cache/jw_sigpro/jwsigpro_cache_33209b62ab_img_3916.jpg,cache/jw_sigpro/jwsigpro_cache_33209b62ab_img_3916.jpg,7709,0199624b76af6c45108a4495b8af109ecd63b84d383c3714d9a364047b6b3fd4
https://vl63.ru/cache/jw_sigpro/jwsigpro_cache_33209b62ab_img_4422.jpg,cache/jw_sigpro/jwsigpro_cache_33209b62ab_img_4422.jpg,5271,24dd7cb3f23c15c72337e7226fa4fe4a7998aeb79658fbcc448c005b6c1a853a
https://vl63.ru/cache/jw_sigpro/jwsigpro_cache_33209b62ab_img_8939.jpg,cache/jw_sigpro/jwsigpro_cache_33209b62ab_img_8939.jpg,6900,7cc564e840b5b5a5e46229ece29e443bac94908eb203d36cf87b161f4db91445
https://vl63.ru/cache/jw_sigpro/jwsigpro_cache_33209b62ab_img_9835.jpg,cache/jw_sigpro/jwsigpro_cache_33209b62ab_img_9835.jpg,6576,e75d1bfc3b97182691780b11640e9167f9e88f85304dd4e584cf21dbdaa79bb9
https://vl63.ru/cache/jw_sigpro/jwsigpro_cache_33209b62ab_lovchiy-sauna.jpg,cache/jw_sigpro/jwsigpro_cache_33209b62ab_lovchiy-sauna.jpg,10713,b9f0f94df387549da3c69433b3b98d91808ea6f99de1fe782a11360dd7445a06
https://vl63.ru/cache/jw_sigpro/jwsigpro_cache_33209b62ab_lovchiy.jpg,cache/jw_sigpro/jwsigpro_cache_33209b62ab_lovchiy.jpg,11585,47d2ee16059abf772e277689326b212dec95c1b92001b4c9cfb52b83f483d81b
https://vl63.ru/cache/jw_sigpro/jwsigpro_cache_33209b62ab_lovchiy_plus.jpg,cache/jw_sigpro/jwsigpro_cache_33209b62ab_lovchiy_plus.jpg,10171,e247b81bb1c1fce89ed864e0de25867f03a832863419a545a97c419b8e4b043d
https://vl63.ru/cache/jw_sigpro/jwsigpro_cache_3585e8f62e_lakovyj-natyazhnoj-potolok-gkl-tsvet-476.jpg,cache/jw_sigpro/jwsigpro_cache_3585e8f62e_lakovyj-natyazhnoj-potolok-gkl-tsvet-476.jpg,7269,0df64315cd8f1dac57ccd6a6b64923c700ed03d1e3567aec120465e2e93215e2
https://vl63.ru/cache/jw_sigpro/jwsigpro_cache_35f9169881_decoretto-na-natjazhnoj-potolok.jpg,cache/jw_sigpro/jwsigpro_cache_35f9169881_decoretto-na-natjazhnoj-potolok.jpg,4138,aac7dc81271404bb54a4f8f3fc12c47ae19e689c0b153096d129d773c72e978e
https://vl63.ru/cache/jw_sigpro/jwsigpro_cache_35f9169881_decoretto-natjazhnoj-potolok.jpg,cache/jw_sigpro/jwsigpro_cache_35f9169881_decoretto-natjazhnoj-potolok.jpg,3989,4a8e029c8b9d82a767d4ff3570c942b60df521609d044476da9bf7d66e9b1c84
https://vl63.ru/cache/jw_sigpro/jwsigpro_cache_35f9169881_naklejka-decoretto-natjazhnoj-potolok.jpg,cache/jw_sigpro/jwsigpro_cache_35f9169881_naklejka-decoretto-natjazhnoj-potolok.jpg,4157,8206f71a30ed11098950aea50697ff833b4ad4802373d6f77b3caa14615a8768
https://vl63.ru/cache/jw_sigpro/jwsigpro_cache_3d9925ba6c_img_6419.jpg,cache/jw_sigpro/jwsigpro_cache_3d9925ba6c_img_6419.jpg,9977,564a8b444d5a91c23c53ef8cfa1598de2f1aa6392cf68076129248ab28d35d9b
https://vl63.ru/cache/jw_sigpro/jwsigpro_cache_3d9925ba6c_img_6422.jpg,cache/jw_sigpro/jwsigpro_cache_3d9925ba6c_img_6422.jpg,10469,1ad006f46e07fe1061ba08a32d14a5c4f4005fc96933a1f6dfe6a6e1b5f4513d
https://vl63.ru/cache/jw_sigpro/jwsigpro_cache_3d9925ba6c_img_6430.jpg,cache/jw_sigpro/jwsigpro_cache_3d9925ba6c_img_6430.jpg,9673,ad0f15c617dec100fe9582f244d62076fa51f846d340c96bf866b6cbc2f32b14
https://vl63.ru/cache/jw_sigpro/jwsigpro_cache_3d9925ba6c_img_6433.jpg,cache/jw_sigpro/jwsigpro_cache_3d9925ba6c_img_6433.jpg,10160,46f9312298a522cb30f91936ea3beed7b123e7e5ed3be91889eaecf29e9bbd2b
https://vl63.ru/cache/jw_sigpro/jwsigpro_cache_3d9925ba6c_sush-ka_potolki.jpg,cache/jw_sigpro/jwsigpro_cache_3d9925ba6c_sush-ka_potolki.jpg,10608,6cadc7e3b34459c093fd03ab1fe55a436baa08c761ecebffd5e29517baca5e2c
https://vl63.ru/cache/jw_sigpro/jwsigpro_cache_41b068eb3d_lackfolie-333_potolok_pod_gips.jpg,cache/jw_sigpro/jwsigpro_cache_41b068eb3d_lackfolie-333_potolok_pod_gips.jpg,4329,f6e8aa609d40a834ebe82cb6bea7dd46f52526a9692d8ed5839ad419ca59dd1d
https://vl63.ru/cache/jw_sigpro/jwsigpro_cache_41b068eb3d_lackfolie-333_potolok_v_zale.jpg,cache/jw_sigpro/jwsigpro_cache_41b068eb3d_lackfolie-333_potolok_v_zale.jpg,9919,51cd976facb2710158582cc554d03252e5a6a0f66c70349c91a56e31f4903088
https://vl63.ru/cache/jw_sigpro/jwsigpro_cache_492609c94a_detskaja_s_golubym_natjazhnym_potolokom.jpg,cache/jw_sigpro/jwsigpro_cache_492609c94a_detskaja_s_golubym_natjazhnym_potolokom.jpg,6940,e81f2d5811ca07ab05e2ade22bdb617484395027b45da99b2fb9cae0b58055cc
https://vl63.ru/cache/jw_sigpro/jwsigpro_cache_492609c94a_detskaja_s_golubym_natjazhnym_potolokom114.jpg,cache/jw_sigpro/jwsigpro_cache_492609c94a_detskaja_s_golubym_natjazhnym_potolokom114.jpg,8562,0bc95368658a3ddfbd31a87091bbd37c3cda898df885773124ed56ff746f3f07
https://vl63.ru/cache/jw_sigpro/jwsigpro_cache_492609c94a_detskaja_s_golubym_natjazhnym_potolokom_114.jpg,cache/jw_sigpro/jwsigpro_cache_492609c94a_detskaja_s_golubym_natjazhnym_potolokom_114.jpg,9429,c9c6978de2bdb4c96fa944c9426af145db37f4ca2bfc6f9fb1bf8157c72b2d14
https://vl63.ru/cache/jw_sigpro/jwsigpro_cache_492609c94a_img_6930.jpg,cache/jw_sigpro/jwsigpro_cache_492609c94a_img_6930.jpg,6569,b088cc876704e7f6fb45840d0c2a54e75de6e087f5f406698817d32949393ce7
https://vl63.ru/cache/jw_sigpro/jwsigpro_cache_492609c94a_img_83431.jpg,cache/jw_sigpro/jwsigpro_cache_492609c94a_img_83431.jpg,4377,eaed5723b541990cad3bcfb37ecb371fb8b54297457fae0b16e5a2dd6bf2a718
https://vl63.ru/cache/jw_sigpro/jwsigpro_cache_492609c94a_p1070086.jpg,cache/jw_sigpro/jwsigpro_cache_492609c94a_p1070086.jpg,7167,ad9fde182f0990e6522512b037f1eea3f4f904ab899e7a2643572eb7dd7d3bbc
https://vl63.ru/cache/jw_sigpro/jwsigpro_cache_492609c94a_p1070087.jpg,cache/jw_sigpro/jwsigpro_cache_492609c94a_p1070087.jpg,9452,ce968a60ca6a96b64a790760cf177728b6d3348384297a95215a4c2ef92654c9
https://vl63.ru/cache/jw_sigpro/jwsigpro_cache_4bf109491b_image00001.jpg,cache/jw_sigpro/jwsigpro_cache_4bf109491b_image00001.jpg,7628,3bbf85ad73a600af15c806f2df33d075c6288267af37591ccbaf1ce53c35a070
https://vl63.ru/cache/jw_sigpro/jwsigpro_cache_4bf109491b_image00002.jpg,cache/jw_sigpro/jwsigpro_cache_4bf109491b_image00002.jpg,11093,dae820ad16253046b99ac629b1befe720d0ddad56459ce290d59b01d54ee4e72
https://vl63.ru/cache/jw_sigpro/jwsigpro_cache_4bf109491b_image00003.jpg,cache/jw_sigpro/jwsigpro_cache_4bf109491b_image00003.jpg,10475,89cfe930781fcdb72c4ae5de9226f12d071a61008f51df61b0c049c5d64d5c61
https://vl63.ru/cache/jw_sigpro/jwsigpro_cache_4bf109491b_image00004.jpg,cache/jw_sigpro/jwsigpro_cache_4bf109491b_image00004.jpg,10064,07946c46acc18e11c06518b0b4f1d04fe1d137b51d34cadbc2c6e9aec217c39d
https://vl63.ru/cache/jw_sigpro/jwsigpro_cache_4bf109491b_image00005.jpg,cache/jw_sigpro/jwsigpro_cache_4bf109491b_image00005.jpg,9931,9cedda5bc91689071ed52b17b953337792652ff51b0d155da158e29eb9eb539b
https://vl63.ru/cache/jw_sigpro/jwsigpro_cache_4bf109491b_image00006.jpg,cache/jw_sigpro/jwsigpro_cache_4bf109491b_image00006.jpg,8322,d3d4f023a353832e85a5e59b156c7cf1c3eb9ee4fdd94f8763fd7350125e6233
https://vl63.ru/cache/jw_sigpro/jwsigpro_cache_4bf109491b_image00007.jpg,cache/jw_sigpro/jwsigpro_cache_4bf109491b_image00007.jpg,7128,233dfd3f7489e1b12521970a3dd4ab31d34ff80b39c6dab41d31fc85f9d492b1
https://vl63.ru/cache/jw_sigpro/jwsigpro_cache_4bf109491b_image00008.jpg,cache/jw_sigpro/jwsigpro_cache_4bf109491b_image00008.jpg,7413,485de48c8e0346d57611bae3c29ecdd644bdad93525acb450672b28aafad2b5f
https://vl63.ru/cache/jw_sigpro/jwsigpro_cache_4bf109491b_image00009.jpg,cache/jw_sigpro/jwsigpro_cache_4bf109491b_image00009.jpg,8560,0ef68815b4414ce1fc01462f58b06de14d196f42d4e86082c0fb4f902b5ce1f9
https://vl63.ru/cache/jw_sigpro/jwsigpro_cache_4bf109491b_image00010.jpg,cache/jw_sigpro/jwsigpro_cache_4bf109491b_image00010.jpg,8608,1c326b818e0a209e3209a0c90043a18cb2d2622214a7a366f4c9480640e40af1
https://vl63.ru/cache/jw_sigpro/jwsigpro_cache_4bf109491b_image00011.jpg,cache/jw_sigpro/jwsigpro_cache_4bf109491b_image00011.jpg,9567,6a363e73ae4804440871d9c225ebc705ec128e0a2b20208623b5262830974d4e
https://vl63.ru/cache/jw_sigpro/jwsigpro_cache_4bf109491b_image00012.jpg,cache/jw_sigpro/jwsigpro_cache_4bf109491b_image00012.jpg,7551,4b953997620599b5c50394d774ada7c1ec5a71876b4116a0afadb7843798c8d0
https://vl63.ru/cache/jw_sigpro/jwsigpro_cache_4bf109491b_image00013.jpg,cache/jw_sigpro/jwsigpro_cache_4bf109491b_image00013.jpg,11422,da60434924b2eb6d809d046d91608a4fd92a953134d3f4928e83f215c209215a
https://vl63.ru/cache/jw_sigpro/jwsigpro_cache_4d50cdc2d2_nisha_stor_v_natjazhnom_potolke-1.jpg,cache/jw_sigpro/jwsigpro_cache_4d50cdc2d2_nisha_stor_v_natjazhnom_potolke-1.jpg,8687,694a66014f3d2754f1ab4c34f97ccce5fc9b03bf34f0824c28e749b60c07f55a
https://vl63.ru/cache/jw_sigpro/jwsigpro_cache_4d50cdc2d2_nisha_stor_v_natjazhnom_potolke-2.jpg,cache/jw_sigpro/jwsigpro_cache_4d50cdc2d2_nisha_stor_v_natjazhnom_potolke-2.jpg,10784,c98ff8ba18246e7fa8bedab216ffb826d93c942cbc6ebf9f8575ed99a51bd2b6
https://vl63.ru/cache/jw_sigpro/jwsigpro_cache_4d50cdc2d2_nisha_stor_v_natjazhnom_potolke.jpg,cache/jw_sigpro/jwsigpro_cache_4d50cdc2d2_nisha_stor_v_natjazhnom_potolke.jpg,9037,a526e5cb7c6cef9b095e889ecbfb20d0927cf86bc3c9c2716855f33f9f5cd6a5
https://vl63.ru/cache/jw_sigpro/jwsigpro_cache_50cb3ed278_404-1.jpg,cache/jw_sigpro/jwsigpro_cache_50cb3ed278_404-1.jpg,4591,9af019853a5a7b3dbd2256c5cdd0ea9e2ab91de29b01f4b2ddde600a3c3e14a8
https://vl63.ru/cache/jw_sigpro/jwsigpro_cache_50cb3ed278_404-2.jpg,cache/jw_sigpro/jwsigpro_cache_50cb3ed278_404-2.jpg,6212,22c2014468b379328d11a8b33064bf51ff593958432d4722412282c3bd18ea0c
https://vl63.ru/cache/jw_sigpro/jwsigpro_cache_50cb3ed278_404-3.jpg,cache/jw_sigpro/jwsigpro_cache_50cb3ed278_404-3.jpg,5093,58072c8f655490f2faaae6e344b004fd415cfcd7ba6d051ea5cee2f9a5da7ba7
https://vl63.ru/cache/jw_sigpro/jwsigpro_cache_5132a1b685_img_61671.jpg,cache/jw_sigpro/jwsigpro_cache_5132a1b685_img_61671.jpg,9208,80d095a606c8989644219873c1bd2e2e9a28a181f4cfb801268688eaa3e8785e
https://vl63.ru/cache/jw_sigpro/jwsigpro_cache_5132a1b685_img_61691.jpg,cache/jw_sigpro/jwsigpro_cache_5132a1b685_img_61691.jpg,8689,c9dc6175995d71aea6fa21220e2abd89f6bbf2ccebf527096fc28a8030a07aef
https://vl63.ru/cache/jw_sigpro/jwsigpro_cache_5132a1b685_img_6171.jpg,cache/jw_sigpro/jwsigpro_cache_5132a1b685_img_6171.jpg,6038,64ac1ee789068874739be99bda76b7defc2ab963c064b8e29079d1e287127b47
https://vl63.ru/cache/jw_sigpro/jwsigpro_cache_5132a1b685_orahge_cvet_739_natjazhnoi_potolok.jpg,cache/jw_sigpro/jwsigpro_cache_5132a1b685_orahge_cvet_739_natjazhnoi_potolok.jpg,5166,7ebcd1a14dcc7d67e20acdad15b9256720cd4c3cf30bbe40728c928b0dd2df7a
https://vl63.ru/cache/jw_sigpro/jwsigpro_cache_5132a1b685_orange_cvet_739_natjazhnoi_potolok.jpg,cache/jw_sigpro/jwsigpro_cache_5132a1b685_orange_cvet_739_natjazhnoi_potolok.jpg,6320,5e46a7a1c091317b5fdcb777a557ec807bf2f832da7445ecbfa3f791b15d7590
https://vl63.ru/cache/jw_sigpro/jwsigpro_cache_5132a1b685_orangevyi_cvet_739_natjazhnoi_potolok.jpg,cache/jw_sigpro/jwsigpro_cache_5132a1b685_orangevyi_cvet_739_natjazhnoi_potolok.jpg,7343,491cea554e77570366891d154d61c09a9152515039464ace785795e3ac460e7d
https://vl63.ru/cache/jw_sigpro/jwsigpro_cache_53360d1c76_644-lak.jpg,cache/jw_sigpro/jwsigpro_cache_53360d1c76_644-lak.jpg,7288,de3ae5d9e660ac36f96b95020bae2c66ee78c759aab7b36d2f35c74200c91c8a
https://vl63.ru/cache/jw_sigpro/jwsigpro_cache_53360d1c76__mg_0125.jpg,cache/jw_sigpro/jwsigpro_cache_53360d1c76__mg_0125.jpg,11304,5ca941c7f496d004663bb7bbbb0f1ea6d3c06ec4b4b170003bfffcc629d5868e
https://vl63.ru/cache/jw_sigpro/jwsigpro_cache_53360d1c76__mg_0128.jpg,cache/jw_sigpro/jwsigpro_cache_53360d1c76__mg_0128.jpg,10538,d0e1e7b82b57ce63ad1cf78c472ebb963e423d87de711bc9a5fca5a92a0a6c54
https://vl63.ru/cache/jw_sigpro/jwsigpro_cache_53360d1c76_zelenyj-lakovyj-natyazhnoj-potolok-kukhnya-644.jpg,cache/jw_sigpro/jwsigpro_cache_53360d1c76_zelenyj-lakovyj-natyazhnoj-potolok-kukhnya-644.jpg,8525,36b882a398a36e13cf804dd2c9cfd445813eb1aab84729605f71c3db504b544a
https://vl63.ru/cache/jw_sigpro/jwsigpro_cache_5397f47b10_natyazhnye_potolki_104_tsvet.jpg,cache/jw_sigpro/jwsigpro_cache_5397f47b10_natyazhnye_potolki_104_tsvet.jpg,6699,136c789f4dd6750e3c048404f727399b3ccd59f1ebfb0632d0dc636e74150be3
https://vl63.ru/cache/jw_sigpro/jwsigpro_cache_59cc0c2f9d_kobalt_potolok.jpg,cache/jw_sigpro/jwsigpro_cache_59cc0c2f9d_kobalt_potolok.jpg,6941,272eb1141cc1d185022dc3e1d8409b114bd3659ba9f91b3c636867757377606c
https://vl63.ru/cache/jw_sigpro/jwsigpro_cache_59cc0c2f9d_sero-sinij_natjazhnoi_potolok_140.jpg,cache/jw_sigpro/jwsigpro_cache_59cc0c2f9d_sero-sinij_natjazhnoi_potolok_140.jpg,7079,fd6aa7a214fe0180fbabb56bbdee6b8427a4521adafb9a21ace3f61f994f0040
https://vl63.ru/cache/jw_sigpro/jwsigpro_cache_5a1eb2ff17_11.jpg,cache/jw_sigpro/jwsigpro_cache_5a1eb2ff17_11.jpg,10214,f8b06430efae77c3035a068e27436313c30f9a7bb9516ee32f12cb007dc5a9a3
https://vl63.ru/cache/jw_sigpro/jwsigpro_cache_5a1eb2ff17_12.jpg,cache/jw_sigpro/jwsigpro_cache_5a1eb2ff17_12.jpg,7901,29069b6042dee6ff82fa740543668d1406da2140b794c328128d7f65f28b2bed
https://vl63.ru/cache/jw_sigpro/jwsigpro_cache_5a1eb2ff17_13.jpg,cache/jw_sigpro/jwsigpro_cache_5a1eb2ff17_13.jpg,10314,01c2fb585c59cf0085f7594974eabc0fd7907e6a15a3396ff4827209f0cd52b3
https://vl63.ru/cache/jw_sigpro/jwsigpro_cache_5a1eb2ff17_emerald-hotel.jpg,cache/jw_sigpro/jwsigpro_cache_5a1eb2ff17_emerald-hotel.jpg,11361,928a2437c4bdbf2f7b86426b18997c7fa1ebb108b70fc2b3944318239dda3a63
https://vl63.ru/cache/jw_sigpro/jwsigpro_cache_5a1eb2ff17_emerald-hotel_1-floor.jpg,cache/jw_sigpro/jwsigpro_cache_5a1eb2ff17_emerald-hotel_1-floor.jpg,13931,3641c6a02836590a0a7e6364bf6a9ecb8ca6188b97fc36cdc37fb66bd7eb2342
https://vl63.ru/cache/jw_sigpro/jwsigpro_cache_5a1eb2ff17_emerald-hotel_batroom.jpg,cache/jw_sigpro/jwsigpro_cache_5a1eb2ff17_emerald-hotel_batroom.jpg,9165,077744ffe9af35e3c897a72afba575b4233835377b1edb7d8fe3c01c0a1382fe
https://vl63.ru/cache/jw_sigpro/jwsigpro_cache_5a1eb2ff17_emerald-hotel_blue_lak.jpg,cache/jw_sigpro/jwsigpro_cache_5a1eb2ff17_emerald-hotel_blue_lak.jpg,11568,71006e57f8427eb51f58bebbc28a62b6f93c00949e8e779714699fd52a574709
https://vl63.ru/cache/jw_sigpro/jwsigpro_cache_5a1eb2ff17_emerald-hotel_night.jpg,cache/jw_sigpro/jwsigpro_cache_5a1eb2ff17_emerald-hotel_night.jpg,9787,cc8a5fd51816e423367bf65083c2c7499d066fd07a865350c61a4ff7c68398bb
https://vl63.ru/cache/jw_sigpro/jwsigpro_cache_5a1eb2ff17_emerald-hotel_restraunt.jpg,cache/jw_sigpro/jwsigpro_cache_5a1eb2ff17_emerald-hotel_restraunt.jpg,10657,967b443859402cdc973dcf2a1a1a7d4bed93d86a61cf003b8235a61b152aa1c8
https://vl63.ru/cache/jw_sigpro/jwsigpro_cache_5a1eb2ff17_emerald-hotel_room.jpg,cache/jw_sigpro/jwsigpro_cache_5a1eb2ff17_emerald-hotel_room.jpg,9528,7650a3e884833cd6c31bf0b3aa6c682eb15ffe1232e2b93088146b34989df1dc
https://vl63.ru/cache/jw_sigpro/jwsigpro_cache_5a1eb2ff17_emerald.jpg,cache/jw_sigpro/jwsigpro_cache_5a1eb2ff17_emerald.jpg,11805,0fadc5c5bd8ab8029c7c613107f11bcf1e2c3801e187cfccf550475367805627
https://vl63.ru/cache/jw_sigpro/jwsigpro_cache_5a1eb2ff17_emerald_1-floor.jpg,cache/jw_sigpro/jwsigpro_cache_5a1eb2ff17_emerald_1-floor.jpg,13931,3641c6a02836590a0a7e6364bf6a9ecb8ca6188b97fc36cdc37fb66bd7eb2342
https://vl63.ru/cache/jw_sigpro/jwsigpro_cache_5a1eb2ff17_emerald_bathroom.jpg,cache/jw_sigpro/jwsigpro_cache_5a1eb2ff17_emerald_bathroom.jpg,8303,f44bef664c955a9571e5bfde9e896670dfd286d9a42d52c24db952c7b04d1d27
https://vl63.ru/cache/jw_sigpro/jwsigpro_cache_5a1eb2ff17_emerald_green-lak.jpg,cache/jw_sigpro/jwsigpro_cache_5a1eb2ff17_emerald_green-lak.jpg,10676,d7d7ad8982732a36d1aada83eb82e7364fa21af56a97d630896a1f4185c1b9a3
https://vl63.ru/cache/jw_sigpro/jwsigpro_cache_5a1eb2ff17_emerald_hotel.jpg,cache/jw_sigpro/jwsigpro_cache_5a1eb2ff17_emerald_hotel.jpg,8914,0f6140d28d01830c632cb5e1cc0b62faab6711e25d1b8409bd627904272c3248
https://vl63.ru/cache/jw_sigpro/jwsigpro_cache_5a1eb2ff17_emerald_hotel_restraunt.jpg,cache/jw_sigpro/jwsigpro_cache_5a1eb2ff17_emerald_hotel_restraunt.jpg,10832,e9afeeeb30638c1ee5270753a30e7c3333f8c2a2c2ea96dfee8d158f6fcae2e5
https://vl63.ru/cache/jw_sigpro/jwsigpro_cache_5a1eb2ff17_emerald_restraunt.jpg,cache/jw_sigpro/jwsigpro_cache_5a1eb2ff17_emerald_restraunt.jpg,11663,9be9d40fc70126571542462a1226364a1813dfe89f24e20e59d58a474659b309
https://vl63.ru/cache/jw_sigpro/jwsigpro_cache_5a1eb2ff17_natjazhnoi_potolok_rjadom_s_saunoi.jpg,cache/jw_sigpro/jwsigpro_cache_5a1eb2ff17_natjazhnoi_potolok_rjadom_s_saunoi.jpg,8688,dad4739810bb0e44dae4b97d10872b8a041a73662e25666688bb55b4ea670dcb
https://vl63.ru/cache/jw_sigpro/jwsigpro_cache_5a3d56fe17_001.jpg,cache/jw_sigpro/jwsigpro_cache_5a3d56fe17_001.jpg,9430,022864520a0e2cefc6d2ae9fd08e591d5f79ceaca147f9c4925b58e6b1f60036
https://vl63.ru/cache/jw_sigpro/jwsigpro_cache_5a3d56fe17_002.jpg,cache/jw_sigpro/jwsigpro_cache_5a3d56fe17_002.jpg,4730,b86c671cde64ed4a68517008dc0bfcdf3407a1c83edf02e50b8cd195d073ed78
https://vl63.ru/cache/jw_sigpro/jwsigpro_cache_5a3d56fe17_003.jpg,cache/jw_sigpro/jwsigpro_cache_5a3d56fe17_003.jpg,14719,9e0cc8abca99086060a0498783fc6ab4e1e5c198dbf0411a27bfb22256c837f8
https://vl63.ru/cache/jw_sigpro/jwsigpro_cache_5a3d56fe17_005.jpg,cache/jw_sigpro/jwsigpro_cache_5a3d56fe17_005.jpg,9831,84fb54d5a72a9ea55c7ebfe188e0bd76305ef6a234fbc9c90f4dca8395064ff1
https://vl63.ru/cache/jw_sigpro/jwsigpro_cache_5a3d56fe17_006.jpg,cache/jw_sigpro/jwsigpro_cache_5a3d56fe17_006.jpg,4952,32978d1483da4c75eff8292d76315836438b47cf8df46348ef0581af463fd6b2
https://vl63.ru/cache/jw_sigpro/jwsigpro_cache_5a3d56fe17_007.jpg,cache/jw_sigpro/jwsigpro_cache_5a3d56fe17_007.jpg,3648,784cd1353043fd300c525e2c6a9f78e0943ddfffc165307bd073f377158b3ea8
https://vl63.ru/cache/jw_sigpro/jwsigpro_cache_5a3d56fe17_008.jpg,cache/jw_sigpro/jwsigpro_cache_5a3d56fe17_008.jpg,5931,7e0dc738996ba07aae8e269d8e7613d029d5e43f57238a06e6ae54992b3c3be4
https://vl63.ru/cache/jw_sigpro/jwsigpro_cache_5a3d56fe17_009.jpg,cache/jw_sigpro/jwsigpro_cache_5a3d56fe17_009.jpg,10446,34beeae5704cc5624ec2ac059d8a6e2550a4e7cc5878d4d0ac9cedc78956a1ea
https://vl63.ru/cache/jw_sigpro/jwsigpro_cache_5a3d56fe17_010.jpg,cache/jw_sigpro/jwsigpro_cache_5a3d56fe17_010.jpg,9797,a38af027db5e3e99b191360989b763bf96cfccb065c6dffa677b4dcf5e474b3e
https://vl63.ru/cache/jw_sigpro/jwsigpro_cache_5a3d56fe17_012.jpg,cache/jw_sigpro/jwsigpro_cache_5a3d56fe17_012.jpg,9358,6365f179d3eb17e9fe459f8dce331fc3e40061f39e6b57ec6986e07f38ff671f
https://vl63.ru/cache/jw_sigpro/jwsigpro_cache_5a3d56fe17_black_lack_stratch_ceiling_in_bath.jpg,cache/jw_sigpro/jwsigpro_cache_5a3d56fe17_black_lack_stratch_ceiling_in_bath.jpg,9709,702827f7f3a845b8547224a97a3cd471c032d7017df25fe4b3c24368c63611b8
https://vl63.ru/cache/jw_sigpro/jwsigpro_cache_5a3d56fe17_black_lack_stratch_ceiling_in_bathroom.jpg,cache/jw_sigpro/jwsigpro_cache_5a3d56fe17_black_lack_stratch_ceiling_in_bathroom.jpg,9350,14ad6337c2404d8b8a736844478b3ec455e8e5823c3d12b073f73f52a0679649
https://vl63.ru/cache/jw_sigpro/jwsigpro_cache_5a3d56fe17_black_lack_stratch_ceiling_in_kitchen1.jpg,cache/jw_sigpro/jwsigpro_cache_5a3d56fe17_black_lack_stratch_ceiling_in_kitchen1.jpg,10136,ad23461f35d0df7e447226b4cd412c8a1743d4e853a03ed00e7517ff26649541
https://vl63.ru/cache/jw_sigpro/jwsigpro_cache_5a3d56fe17_colour-347_lackfolie_stratch_ceiling_kitchen.jpg,cache/jw_sigpro/jwsigpro_cache_5a3d56fe17_colour-347_lackfolie_stratch_ceiling_kitchen.jpg,8482,d72f3b696bde21b57bb7fdee2ba3fccaf6decb11c7010e197bb859f1ece9edfd
https://vl63.ru/cache/jw_sigpro/jwsigpro_cache_5a3d56fe17_img_2052.jpg,cache/jw_sigpro/jwsigpro_cache_5a3d56fe17_img_2052.jpg,4838,c1f81415d4320270c5d396a1054e4a6454d4f35185c27a4bf88a7ee3bfeffcbb
https://vl63.ru/cache/jw_sigpro/jwsigpro_cache_5a80eaaff0_319_pongs.jpg,cache/jw_sigpro/jwsigpro_cache_5a80eaaff0_319_pongs.jpg,5578,1d4bd4cd227f948944724b24998434c4c3c364b898c08e0f95b422e1ff89a2fd
https://vl63.ru/cache/jw_sigpro/jwsigpro_cache_5a80eaaff0_319_pongs_fotoprint_orange.jpg,cache/jw_sigpro/jwsigpro_cache_5a80eaaff0_319_pongs_fotoprint_orange.jpg,6187,9205e7f108098888f94d3a7eceac997a2a01a0c554f934511320a245e7148bd1
https://vl63.ru/cache/jw_sigpro/jwsigpro_cache_5a80eaaff0_img_9683.jpg,cache/jw_sigpro/jwsigpro_cache_5a80eaaff0_img_9683.jpg,5975,abe9bd183d1272b889db2e1657c713fcabfc907cebfc610a1c7ae763f7410591
https://vl63.ru/cache/jw_sigpro/jwsigpro_cache_5ac7edd99e_img_6188.jpg,cache/jw_sigpro/jwsigpro_cache_5ac7edd99e_img_6188.jpg,7594,9c20e73e3ea60cd15d0e75297b724e1a8452f9266a4e7f60af59247a29f2eec4
https://vl63.ru/cache/jw_sigpro/jwsigpro_cache_5ac7edd99e_siniy_lakovyi_natyazhnoi_potolok_156_tsvet.jpg,cache/jw_sigpro/jwsigpro_cache_5ac7edd99e_siniy_lakovyi_natyazhnoi_potolok_156_tsvet.jpg,8465,188e1e1bb26cf7b4689df8374bbd326e1ada3876f39a174b8008b68bffe3448f
https://vl63.ru/cache/jw_sigpro/jwsigpro_cache_5bab573d7e_natazhnije_potolki_slon.jpg,cache/jw_sigpro/jwsigpro_cache_5bab573d7e_natazhnije_potolki_slon.jpg,9506,5fe4bf7726a8c2caea7333dd68661044361a82c813e65cc356d48d4e2e03714f
https://vl63.ru/cache/jw_sigpro/jwsigpro_cache_5bab573d7e_natazhnije_potolki_sport.jpg,cache/jw_sigpro/jwsigpro_cache_5bab573d7e_natazhnije_potolki_sport.jpg,10073,a7eea627bda10ada7d605e7dba7264431881d5016ff0ac926c4e4097a80c25c5
https://vl63.ru/cache/jw_sigpro/jwsigpro_cache_5bab573d7e_natazhnije_potolki_sport_center.jpg,cache/jw_sigpro/jwsigpro_cache_5bab573d7e_natazhnije_potolki_sport_center.jpg,9262,4b58ef6a672cf6ae21c521ce4e05d12758f8001087e1f3c1d0e124696e886539
https://vl63.ru/cache/jw_sigpro/jwsigpro_cache_5bab573d7e_natazhnije_potolki_sportcenter.jpg,cache/jw_sigpro/jwsigpro_cache_5bab573d7e_natazhnije_potolki_sportcenter.jpg,11486,e0d7258ffcfdd0b48e6cb6881b1818a4bd35aa1becdd6ad6c5faece682a37389
https://vl63.ru/cache/jw_sigpro/jwsigpro_cache_5bab573d7e_natazhnije_potolki_toljatti_foto_sport.jpg,cache/jw_sigpro/jwsigpro_cache_5bab573d7e_natazhnije_potolki_toljatti_foto_sport.jpg,12055,0b907d887c2365d95dd04ca6182206d5d6b785aeb21958a08ca34af8f7e4aea9
https://vl63.ru/cache/jw_sigpro/jwsigpro_cache_5bab573d7e_natazhnije_potolki_toljatti_sport_zal.jpg,cache/jw_sigpro/jwsigpro_cache_5bab573d7e_natazhnije_potolki_toljatti_sport_zal.jpg,9477,2055491bf5a85f7b8a2e7e83b59f14fa4d8f87d60dad4c318cd14ffcda4e20f8
https://vl63.ru/cache/jw_sigpro/jwsigpro_cache_5bab573d7e_natazhnije_potolki_toljatti_spotcenter.jpg,cache/jw_sigpro/jwsigpro_cache_5bab573d7e_natazhnije_potolki_toljatti_spotcenter.jpg,14066,a2efe38cc12086dc497ad2bb11c086f2c2b432300b651fd55849504f061eb7e3
https://vl63.ru/cache/jw_sigpro/jwsigpro_cache_5bab573d7e_natazhnije_potolki_v_toljatti_foto_sport.jpg,cache/jw_sigpro/jwsigpro_cache_5bab573d7e_natazhnije_potolki_v_toljatti_foto_sport.jpg,14022,eb9718fb331194e44d54564ba936ef9ef32aeb7ab71bbe5f3b9b35c5927e7071
https://vl63.ru/cache/jw_sigpro/jwsigpro_cache_5bab573d7e_natazhnije_potolki_v_toljatti_spot_zal.jpg,cache/jw_sigpro/jwsigpro_cache_5bab573d7e_natazhnije_potolki_v_toljatti_spot_zal.jpg,10867,5094c735595d8760f6facdc09e6c0dcd72093ea1301cf39f552f1459592f3144
https://vl63.ru/cache/jw_sigpro/jwsigpro_cache_5bab573d7e_natazhnije_potolki_v_toljatti_spotrhall.jpg,cache/jw_sigpro/jwsigpro_cache_5bab573d7e_natazhnije_potolki_v_toljatti_spotrhall.jpg,14616,8408aec90e77d2167f13c5941e301ea2b583e3e4a5ea5ebaad1294ea8fa41df5
https://vl63.ru/cache/jw_sigpro/jwsigpro_cache_5bab573d7e_sport_center_slon.jpg,cache/jw_sigpro/jwsigpro_cache_5bab573d7e_sport_center_slon.jpg,10990,00ef95eaf6c9258c5acd2e8bc0694b7d76c46875e68a550712075fcb4324a6a1
https://vl63.ru/cache/jw_sigpro/jwsigpro_cache_5bab573d7e_sportzal_natazhnije_potolki_toljatti.jpg,cache/jw_sigpro/jwsigpro_cache_5bab573d7e_sportzal_natazhnije_potolki_toljatti.jpg,11403,3782afb5c1f49731b02eed4954f64f2d284a667e97dd37de78f6b3b69a2a7a6f
https://vl63.ru/cache/jw_sigpro/jwsigpro_cache_5c82584433_83.jpg,cache/jw_sigpro/jwsigpro_cache_5c82584433_83.jpg,9724,35c684bca5ab71ab3f70eef6959a9af2aa98cad11ee361d32001853d54585287
https://vl63.ru/cache/jw_sigpro/jwsigpro_cache_5c82584433_84.jpg,cache/jw_sigpro/jwsigpro_cache_5c82584433_84.jpg,12238,e261039173e610b72fe4050322a8ef93e9a397a0da6183475acf921a6edc3f4e
https://vl63.ru/cache/jw_sigpro/jwsigpro_cache_5c82584433_85.jpg,cache/jw_sigpro/jwsigpro_cache_5c82584433_85.jpg,13184,9a78ff45d799d3b90b927e0f3b9444df66c77a846d0e6e4182ed3e1522d26fda
https://vl63.ru/cache/jw_sigpro/jwsigpro_cache_5c82584433_86.jpg,cache/jw_sigpro/jwsigpro_cache_5c82584433_86.jpg,13459,2d37d109a213a3ef99cc91b45d71798fd22e185e6d592be62f79ae7466b753ec
https://vl63.ru/cache/jw_sigpro/jwsigpro_cache_5c82584433_bordo_lak_potolok_salon_krasoty.jpg,cache/jw_sigpro/jwsigpro_cache_5c82584433_bordo_lak_potolok_salon_krasoty.jpg,7001,70bb0ace2c7c6b47c81f488e4f2a8e0ae334b335fd9a19d0b3fe9517ad843989
https://vl63.ru/cache/jw_sigpro/jwsigpro_cache_5c82584433_reception_with_stratch_ceiling.jpg,cache/jw_sigpro/jwsigpro_cache_5c82584433_reception_with_stratch_ceiling.jpg,10616,59552e4fe79da5145a78e5ed533b29b1e23856bae1381a90b29db1646728c114
https://vl63.ru/cache/jw_sigpro/jwsigpro_cache_5c82584433_secret-krasot.jpg,cache/jw_sigpro/jwsigpro_cache_5c82584433_secret-krasot.jpg,15186,ab48c6bb7168c98a5ce111c61f66414a4f869159f8422ca795f7f30d970fddfc
https://vl63.ru/cache/jw_sigpro/jwsigpro_cache_5c82584433_secret-krasot_build.jpg,cache/jw_sigpro/jwsigpro_cache_5c82584433_secret-krasot_build.jpg,14560,2a14c75be0dea8852968923d40c43bb335ed9285da6924db261ddce10cf8e359
https://vl63.ru/cache/jw_sigpro/jwsigpro_cache_5c82584433_secret-krasoti.jpg,cache/jw_sigpro/jwsigpro_cache_5c82584433_secret-krasoti.jpg,13557,2b90065c196ff21152cdbe6f54d31e2167790fff7e8063c087c6a2622d821397
https://vl63.ru/cache/jw_sigpro/jwsigpro_cache_5e7749b6d0_26.jpg,cache/jw_sigpro/jwsigpro_cache_5e7749b6d0_26.jpg,12553,c4cda1c5b7d43a910d062543a13d5311e830ecddc472fff2dd978f9f04c256d2
https://vl63.ru/cache/jw_sigpro/jwsigpro_cache_5e7749b6d0_27.jpg,cache/jw_sigpro/jwsigpro_cache_5e7749b6d0_27.jpg,10235,c83f449b7c17569c66a4ad06c66e2e273a0880e22458dcadd97463ef4420d49b
https://vl63.ru/cache/jw_sigpro/jwsigpro_cache_5ea37ebf62__mg_0233.jpg,cache/jw_sigpro/jwsigpro_cache_5ea37ebf62__mg_0233.jpg,7575,ec01afd5dacbc3f448f20322e3bc82ad3b74a6deb2e5b3606f779a89607f79e6
https://vl63.ru/cache/jw_sigpro/jwsigpro_cache_5ea37ebf62__mg_0234.jpg,cache/jw_sigpro/jwsigpro_cache_5ea37ebf62__mg_0234.jpg,13413,7c880d9f9649dbf8369c3c54883c6ed70b7c7e887242cd99ed1706b7bb97eea6
https://vl63.ru/cache/jw_sigpro/jwsigpro_cache_5ea37ebf62__mg_0237.jpg,cache/jw_sigpro/jwsigpro_cache_5ea37ebf62__mg_0237.jpg,13888,6fc87db4baf04fc3a8a64439734fdc4e8db3e5309a2fc43917e3d9913584966d
https://vl63.ru/cache/jw_sigpro/jwsigpro_cache_5ea37ebf62_volna.jpg,cache/jw_sigpro/jwsigpro_cache_5ea37ebf62_volna.jpg,5281,2aa8705af50fb1e900d05d5958fea2a10ef2ca38af4ee37ee0f37e9275a18f66
https://vl63.ru/cache/jw_sigpro/jwsigpro_cache_5ea37ebf62_volna_office.jpg,cache/jw_sigpro/jwsigpro_cache_5ea37ebf62_volna_office.jpg,10039,35a3880173e6051d6706b5ef22d3c9fdd1eb3d387069acb9f9232670bcc47c59
https://vl63.ru/cache/jw_sigpro/jwsigpro_cache_5fa5aa388a_34.jpg,cache/jw_sigpro/jwsigpro_cache_5fa5aa388a_34.jpg,8735,e1fc4bd6dd3b002aa03a62aee1a2e8209cc41c0320d0e8902a642861fadfc016
https://vl63.ru/cache/jw_sigpro/jwsigpro_cache_5fa5aa388a_35.jpg,cache/jw_sigpro/jwsigpro_cache_5fa5aa388a_35.jpg,10986,d0837204f60e470ca0980e6f33cc6f13f75d2fedd31d1218275010ae5120c4e6
https://vl63.ru/cache/jw_sigpro/jwsigpro_cache_60ce0f838e_img_0696.jpg,cache/jw_sigpro/jwsigpro_cache_60ce0f838e_img_0696.jpg,10680,49b2788f658ea3926b05baa686675209848bd58706a1bdc1381881710d519186
https://vl63.ru/cache/jw_sigpro/jwsigpro_cache_60ce0f838e_img_0698.jpg,cache/jw_sigpro/jwsigpro_cache_60ce0f838e_img_0698.jpg,9926,86451eab9a6f8eccb56376568b29e5cfc604a8fb285eef8b580a13f794d52543
https://vl63.ru/cache/jw_sigpro/jwsigpro_cache_616f30cef8_34.jpg,cache/jw_sigpro/jwsigpro_cache_616f30cef8_34.jpg,8735,e1fc4bd6dd3b002aa03a62aee1a2e8209cc41c0320d0e8902a642861fadfc016
https://vl63.ru/cache/jw_sigpro/jwsigpro_cache_616f30cef8_35.jpg,cache/jw_sigpro/jwsigpro_cache_616f30cef8_35.jpg,10986,d0837204f60e470ca0980e6f33cc6f13f75d2fedd31d1218275010ae5120c4e6
https://vl63.ru/cache/jw_sigpro/jwsigpro_cache_62f65c1d86_image00001.jpg,cache/jw_sigpro/jwsigpro_cache_62f65c1d86_image00001.jpg,5482,70cdd3e860923ee2e1814d2551117b1bf827fd176f47bd7a3cf7359ad3757cc6
https://vl63.ru/cache/jw_sigpro/jwsigpro_cache_62f65c1d86_image00002.jpg,cache/jw_sigpro/jwsigpro_cache_62f65c1d86_image00002.jpg,5730,1ad2d2cd693646031a597d01288bc48905d7d0a4e090305f2be1c77829b472ee
https://vl63.ru/cache/jw_sigpro/jwsigpro_cache_62f65c1d86_image00003.jpg,cache/jw_sigpro/jwsigpro_cache_62f65c1d86_image00003.jpg,5383,1901574bbc7d3d1215f546e407eb2ffd7d9944694f304cc2f2cfb7e4a4119845
https://vl63.ru/cache/jw_sigpro/jwsigpro_cache_62f65c1d86_image00004.jpg,cache/jw_sigpro/jwsigpro_cache_62f65c1d86_image00004.jpg,4664,44c09b9415ecfce083e11f97c2b4cf30cadd78b3d02a9a5c82f4e810ffef7bab
https://vl63.ru/cache/jw_sigpro/jwsigpro_cache_62f65c1d86_image00005.jpg,cache/jw_sigpro/jwsigpro_cache_62f65c1d86_image00005.jpg,5566,6482d39e637e008e14f4fd622a34213dafb6753f5e018a1eacb8a197814567aa
https://vl63.ru/cache/jw_sigpro/jwsigpro_cache_62f65c1d86_image00006.jpg,cache/jw_sigpro/jwsigpro_cache_62f65c1d86_image00006.jpg,5714,5c761cbd1d05cbf16fcfbe87ec339d4f16662526c45ce35fb9beb37a7d8b4707
https://vl63.ru/cache/jw_sigpro/jwsigpro_cache_62f65c1d86_image00007.jpg,cache/jw_sigpro/jwsigpro_cache_62f65c1d86_image00007.jpg,4636,dcb89bee110ac4f509d04fb4a5543139f63fe1742e687453c8c1997839b62052
https://vl63.ru/cache/jw_sigpro/jwsigpro_cache_62f65c1d86_image00008.jpg,cache/jw_sigpro/jwsigpro_cache_62f65c1d86_image00008.jpg,6035,95c24980298cffab51e6b4dec8f8801ca7212ba6caf2293fcae5a742fb378679
https://vl63.ru/cache/jw_sigpro/jwsigpro_cache_62f65c1d86_image00009.jpg,cache/jw_sigpro/jwsigpro_cache_62f65c1d86_image00009.jpg,5062,e0e0b81e4be182110f7466fd39234bf4ebe8b46b1c6912e39a17409debae1d75
https://vl63.ru/cache/jw_sigpro/jwsigpro_cache_62f65c1d86_image00010.jpg,cache/jw_sigpro/jwsigpro_cache_62f65c1d86_image00010.jpg,4474,2cf11c753d95482b261e6272a30f25eddcf660d43247f0721bcb3f4889a91974
https://vl63.ru/cache/jw_sigpro/jwsigpro_cache_62f65c1d86_image00011.jpg,cache/jw_sigpro/jwsigpro_cache_62f65c1d86_image00011.jpg,5953,3ffded286a5829d3e7732d91cee34bf6855b873c139c32143b50bdf8b2fd59d5
https://vl63.ru/cache/jw_sigpro/jwsigpro_cache_63a8197f93_office-firm-vert-line-potolki.jpg,cache/jw_sigpro/jwsigpro_cache_63a8197f93_office-firm-vert-line-potolki.jpg,7876,ce9e9249940e240596c572a1726e75ab994df518b85fcea5b1405b98dda3f615
https://vl63.ru/cache/jw_sigpro/jwsigpro_cache_63a8197f93_office-firm-vert-line.jpg,cache/jw_sigpro/jwsigpro_cache_63a8197f93_office-firm-vert-line.jpg,7827,b133b8490cf5aaf9d46212d324e87d50a16f7b12125441cd7859db6c367d7a32
https://vl63.ru/cache/jw_sigpro/jwsigpro_cache_63a8197f93_potolok-volna-koridor-office-vlt.jpg,cache/jw_sigpro/jwsigpro_cache_63a8197f93_potolok-volna-koridor-office-vlt.jpg,7707,8e8a898c5229985cbf9a94d6a042f07979d75a11453742398c420ab851d672d6
https://vl63.ru/cache/jw_sigpro/jwsigpro_cache_64ee0ac369_644-lak.jpg,cache/jw_sigpro/jwsigpro_cache_64ee0ac369_644-lak.jpg,7288,de3ae5d9e660ac36f96b95020bae2c66ee78c759aab7b36d2f35c74200c91c8a
https://vl63.ru/cache/jw_sigpro/jwsigpro_cache_64ee0ac369__mg_0125.jpg,cache/jw_sigpro/jwsigpro_cache_64ee0ac369__mg_0125.jpg,11304,5ca941c7f496d004663bb7bbbb0f1ea6d3c06ec4b4b170003bfffcc629d5868e
https://vl63.ru/cache/jw_sigpro/jwsigpro_cache_64ee0ac369__mg_0128.jpg,cache/jw_sigpro/jwsigpro_cache_64ee0ac369__mg_0128.jpg,10538,d0e1e7b82b57ce63ad1cf78c472ebb963e423d87de711bc9a5fca5a92a0a6c54
https://vl63.ru/cache/jw_sigpro/jwsigpro_cache_64ee0ac369_zelenyj-lakovyj-natyazhnoj-potolok-kukhnya-644.jpg,cache/jw_sigpro/jwsigpro_cache_64ee0ac369_zelenyj-lakovyj-natyazhnoj-potolok-kukhnya-644.jpg,8525,36b882a398a36e13cf804dd2c9cfd445813eb1aab84729605f71c3db504b544a
https://vl63.ru/cache/jw_sigpro/jwsigpro_cache_669c46c2fc_dsc09038.jpg,cache/jw_sigpro/jwsigpro_cache_669c46c2fc_dsc09038.jpg,8327,dc2cf1eadcf4c774c91bc9eff6ed61343056b5767175f099dbe588e9f42979bd
https://vl63.ru/cache/jw_sigpro/jwsigpro_cache_669c46c2fc_dsc09044.jpg,cache/jw_sigpro/jwsigpro_cache_669c46c2fc_dsc09044.jpg,7706,a368fa0380dc0be61c90c3f36474d6273b66c023b6ebd8c42a5b9b6753633fe1
https://vl63.ru/cache/jw_sigpro/jwsigpro_cache_669c46c2fc_img_1461.jpg,cache/jw_sigpro/jwsigpro_cache_669c46c2fc_img_1461.jpg,12745,a70b37245559e2d7117016ac870b5e5126c2d9315e0be3a340b1a581e47c8f50
https://vl63.ru/cache/jw_sigpro/jwsigpro_cache_669c46c2fc_img_1463.jpg,cache/jw_sigpro/jwsigpro_cache_669c46c2fc_img_1463.jpg,10942,a84b0e94236e4d51f9e94644398bf6a3079bb95bcba4fda925e02873e94f3367
https://vl63.ru/cache/jw_sigpro/jwsigpro_cache_669c46c2fc_img_1466.jpg,cache/jw_sigpro/jwsigpro_cache_669c46c2fc_img_1466.jpg,11003,49f0eac79168504ff706840a74d47467aa1273568e0cf2e075c50508d95267fc
https://vl63.ru/cache/jw_sigpro/jwsigpro_cache_67fb1449a7_0011.jpg,cache/jw_sigpro/jwsigpro_cache_67fb1449a7_0011.jpg,6828,958a3ae5593df0257fb38f1f95c775762f36684a341eceb8b1ca3dadd52feb7b
https://vl63.ru/cache/jw_sigpro/jwsigpro_cache_67fb1449a7_0021.jpg,cache/jw_sigpro/jwsigpro_cache_67fb1449a7_0021.jpg,7814,e5418bcc0bc075353c91dfeb2e9669573105e242771a8a037ccb0ed6e1717d2e
https://vl63.ru/cache/jw_sigpro/jwsigpro_cache_67fb1449a7_0031.jpg,cache/jw_sigpro/jwsigpro_cache_67fb1449a7_0031.jpg,8450,12ee28c14d5cf4cb2579a2287da77f457a71dd5c67a3b177f0392caa3c50d2ab
https://vl63.ru/cache/jw_sigpro/jwsigpro_cache_6860102a07_img_6193.jpg,cache/jw_sigpro/jwsigpro_cache_6860102a07_img_6193.jpg,10675,0247afcc2473167d3a96a16c35eec46454412c0e6dd951ea9ccae07ec90aee6c
https://vl63.ru/cache/jw_sigpro/jwsigpro_cache_6860102a07_siniy_lakoviy_natjazhnoy_potolok_tsvet180.jpg,cache/jw_sigpro/jwsigpro_cache_6860102a07_siniy_lakoviy_natjazhnoy_potolok_tsvet180.jpg,13567,7b70cf7d16410be04273b9256c80e2d725920ea66894db630c65883aa087c640
https://vl63.ru/cache/jw_sigpro/jwsigpro_cache_6ce20b3f31_2105.jpg,cache/jw_sigpro/jwsigpro_cache_6ce20b3f31_2105.jpg,3869,8a61db2f394117c35e41d4cd650cce9ed2bcc21c0769b1a9bba1989c7ea6bd4b
https://vl63.ru/cache/jw_sigpro/jwsigpro_cache_6ce20b3f31_2107.jpg,cache/jw_sigpro/jwsigpro_cache_6ce20b3f31_2107.jpg,3253,e49db5ac7020051453bb08b52f7ce96fca2e9ac27c4ae88390ce2ce31e77f4ea
https://vl63.ru/cache/jw_sigpro/jwsigpro_cache_6ce20b3f31_2112.jpg,cache/jw_sigpro/jwsigpro_cache_6ce20b3f31_2112.jpg,4037,3807a44872125e525f1d0b557002970ae512fab15afdadb37fbe50578c93cf5d
https://vl63.ru/cache/jw_sigpro/jwsigpro_cache_6ce20b3f31_2124.jpg,cache/jw_sigpro/jwsigpro_cache_6ce20b3f31_2124.jpg,3546,51b9e4d5c38be9523d390fd9c230d5a039e252ae93c58178acdc1feed404ac7f
https://vl63.ru/cache/jw_sigpro/jwsigpro_cache_6ce20b3f31_2125.jpg,cache/jw_sigpro/jwsigpro_cache_6ce20b3f31_2125.jpg,4442,8586341d7abeeba6c79a5f007182032ff8795099f4309f54ab350f56ca8f7f05
https://vl63.ru/cache/jw_sigpro/jwsigpro_cache_6ce20b3f31_2127.jpg,cache/jw_sigpro/jwsigpro_cache_6ce20b3f31_2127.jpg,3760,0f3663d665221a7306468073690889a16cde8742ddec5aa289693445de450ea0
https://vl63.ru/cache/jw_sigpro/jwsigpro_cache_6ce20b3f31_2130.jpg,cache/jw_sigpro/jwsigpro_cache_6ce20b3f31_2130.jpg,5643,6821ce4975348fee034b7423227b8be3167749592a2bc501ce19a50a52057e30
https://vl63.ru/cache/jw_sigpro/jwsigpro_cache_6cfb68a44d_28.jpg,cache/jw_sigpro/jwsigpro_cache_6cfb68a44d_28.jpg,8034,1bc54d0f1f9864146c3c726985d41cd50db654a39f2830591060aacd3ebeae3f
https://vl63.ru/cache/jw_sigpro/jwsigpro_cache_6cfb68a44d_29.jpg,cache/jw_sigpro/jwsigpro_cache_6cfb68a44d_29.jpg,10558,c37f78aebc614cc5afeab445a95407d88ba928af4583691072e5dfa1134641da
https://vl63.ru/cache/jw_sigpro/jwsigpro_cache_6cfb68a44d_30.jpg,cache/jw_sigpro/jwsigpro_cache_6cfb68a44d_30.jpg,7701,35967880ada9bd1d9821070742095ba1d0723d4509f3674bde1e6fba09ea5037
https://vl63.ru/cache/jw_sigpro/jwsigpro_cache_6cfb68a44d_31.jpg,cache/jw_sigpro/jwsigpro_cache_6cfb68a44d_31.jpg,11352,ea34856e66450803f7acf284d90b2811ffbe0e549a060b7c4c9993fe54651132
https://vl63.ru/cache/jw_sigpro/jwsigpro_cache_6cfb68a44d_mat_potolok_s_nishei.jpg,cache/jw_sigpro/jwsigpro_cache_6cfb68a44d_mat_potolok_s_nishei.jpg,7979,942b839f45dc4d5a9830888da70c450328e02f3a1263011ee21fbbee3a34e15d
https://vl63.ru/cache/jw_sigpro/jwsigpro_cache_6cfb68a44d_nomer_molodozghenov.jpg,cache/jw_sigpro/jwsigpro_cache_6cfb68a44d_nomer_molodozghenov.jpg,7035,1161a1f2df50ef066acd5f979228d188f6fd1657a1a31bb6a61f881fb978e1b6
https://vl63.ru/cache/jw_sigpro/jwsigpro_cache_6cfb68a44d_park-otel_lux.jpg,cache/jw_sigpro/jwsigpro_cache_6cfb68a44d_park-otel_lux.jpg,9814,246167af58c300e8c7398318d45483f156a163f7f3adf7ced5d11cef21d7ee76
https://vl63.ru/cache/jw_sigpro/jwsigpro_cache_6cfb68a44d_park-otel_lux_bathroom.jpg,cache/jw_sigpro/jwsigpro_cache_6cfb68a44d_park-otel_lux_bathroom.jpg,8317,dcfa5a07cfad793b013dd806c341f151f2b20da8714fb41f0bd0d95e1a720f50
https://vl63.ru/cache/jw_sigpro/jwsigpro_cache_6cfb68a44d_potolok_v_saune.jpg,cache/jw_sigpro/jwsigpro_cache_6cfb68a44d_potolok_v_saune.jpg,8348,fd747c50442e3c6b183ac5bd500e308a3a32ff7cd844688936474fb2ea97ff8f
https://vl63.ru/cache/jw_sigpro/jwsigpro_cache_6d31fab026_402-001.jpg,cache/jw_sigpro/jwsigpro_cache_6d31fab026_402-001.jpg,8464,90ff986b4c5ad58a973a4405fd84ceaf0bde05348cae90c88527822df62831ec
https://vl63.ru/cache/jw_sigpro/jwsigpro_cache_6d31fab026_402-002.jpg,cache/jw_sigpro/jwsigpro_cache_6d31fab026_402-002.jpg,6548,69c1b22620bed144f6c1877f31d3dec9cca251cbff35342c5cd9235f3c0c34ae
https://vl63.ru/cache/jw_sigpro/jwsigpro_cache_6d31fab026_402-003.jpg,cache/jw_sigpro/jwsigpro_cache_6d31fab026_402-003.jpg,5171,e2038032ca52afb1a0e768b3e5dca3eed2da65b37964f4fe074d24bf347eae75
https://vl63.ru/cache/jw_sigpro/jwsigpro_cache_6d31fab026_402-004.jpg,cache/jw_sigpro/jwsigpro_cache_6d31fab026_402-004.jpg,5634,7c3875fbd31c10217456fd802674f28737386deee8fdafd5cfa034663b27e884
https://vl63.ru/cache/jw_sigpro/jwsigpro_cache_6d31fab026_img_61201.jpg,cache/jw_sigpro/jwsigpro_cache_6d31fab026_img_61201.jpg,10821,d555abc9805c70042f0cd2704b35932ead034a73ed744ff158ec41c1cc33082c
https://vl63.ru/cache/jw_sigpro/jwsigpro_cache_6e73578810_507.jpg,cache/jw_sigpro/jwsigpro_cache_6e73578810_507.jpg,6466,11715073caf889a1682168b2e81c2dd44d01b21d20cedc4357e809daae6c496b
https://vl63.ru/cache/jw_sigpro/jwsigpro_cache_6ef774d8fe_1080163.jpg,cache/jw_sigpro/jwsigpro_cache_6ef774d8fe_1080163.jpg,3163,7d7a93e54fbafe8b255c0bc8aac15610a59de3c50a634986161d933d6034debe
https://vl63.ru/cache/jw_sigpro/jwsigpro_cache_6ef774d8fe_5443.jpg,cache/jw_sigpro/jwsigpro_cache_6ef774d8fe_5443.jpg,3932,ecfc47f484ddedb7585cf817daa670f10ac3106bde23d0ed7321a6d4654bcae7
https://vl63.ru/cache/jw_sigpro/jwsigpro_cache_706c8e91f6_28.jpg,cache/jw_sigpro/jwsigpro_cache_706c8e91f6_28.jpg,8034,1bc54d0f1f9864146c3c726985d41cd50db654a39f2830591060aacd3ebeae3f
https://vl63.ru/cache/jw_sigpro/jwsigpro_cache_706c8e91f6_29.jpg,cache/jw_sigpro/jwsigpro_cache_706c8e91f6_29.jpg,10558,c37f78aebc614cc5afeab445a95407d88ba928af4583691072e5dfa1134641da
https://vl63.ru/cache/jw_sigpro/jwsigpro_cache_706c8e91f6_30.jpg,cache/jw_sigpro/jwsigpro_cache_706c8e91f6_30.jpg,7701,35967880ada9bd1d9821070742095ba1d0723d4509f3674bde1e6fba09ea5037
https://vl63.ru/cache/jw_sigpro/jwsigpro_cache_706c8e91f6_31.jpg,cache/jw_sigpro/jwsigpro_cache_706c8e91f6_31.jpg,11352,ea34856e66450803f7acf284d90b2811ffbe0e549a060b7c4c9993fe54651132
https://vl63.ru/cache/jw_sigpro/jwsigpro_cache_706c8e91f6_mat_potolok_s_nishei.jpg,cache/jw_sigpro/jwsigpro_cache_706c8e91f6_mat_potolok_s_nishei.jpg,7979,942b839f45dc4d5a9830888da70c450328e02f3a1263011ee21fbbee3a34e15d
https://vl63.ru/cache/jw_sigpro/jwsigpro_cache_706c8e91f6_nomer_molodozghenov.jpg,cache/jw_sigpro/jwsigpro_cache_706c8e91f6_nomer_molodozghenov.jpg,7035,1161a1f2df50ef066acd5f979228d188f6fd1657a1a31bb6a61f881fb978e1b6
https://vl63.ru/cache/jw_sigpro/jwsigpro_cache_706c8e91f6_park-otel_lux.jpg,cache/jw_sigpro/jwsigpro_cache_706c8e91f6_park-otel_lux.jpg,9814,246167af58c300e8c7398318d45483f156a163f7f3adf7ced5d11cef21d7ee76
https://vl63.ru/cache/jw_sigpro/jwsigpro_cache_706c8e91f6_park-otel_lux_bathroom.jpg,cache/jw_sigpro/jwsigpro_cache_706c8e91f6_park-otel_lux_bathroom.jpg,8317,dcfa5a07cfad793b013dd806c341f151f2b20da8714fb41f0bd0d95e1a720f50
https://vl63.ru/cache/jw_sigpro/jwsigpro_cache_706c8e91f6_potolok_v_saune.jpg,cache/jw_sigpro/jwsigpro_cache_706c8e91f6_potolok_v_saune.jpg,8348,fd747c50442e3c6b183ac5bd500e308a3a32ff7cd844688936474fb2ea97ff8f
https://vl63.ru/cache/jw_sigpro/jwsigpro_cache_71fb4d8521_factura_oblaka.jpg,cache/jw_sigpro/jwsigpro_cache_71fb4d8521_factura_oblaka.jpg,8545,393e83d78684e2ded0bdfbedb2478b86ae03c4339e14baad37b0f9456bda7d2f
https://vl63.ru/cache/jw_sigpro/jwsigpro_cache_71fb4d8521_factura_oblaka_cherez_razdelitel.jpg,cache/jw_sigpro/jwsigpro_cache_71fb4d8521_factura_oblaka_cherez_razdelitel.jpg,8545,a2898a6a5a75f6ab06e214f87ada82ca5905fad136318a911d1c48560a987b6b
https://vl63.ru/cache/jw_sigpro/jwsigpro_cache_71fb4d8521_factura_oblaka_zona_basseina.jpg,cache/jw_sigpro/jwsigpro_cache_71fb4d8521_factura_oblaka_zona_basseina.jpg,7337,f297153aab3e45677bce16050de43de12a3ce3defcb9e911ba8c3f76981f23c4
https://vl63.ru/cache/jw_sigpro/jwsigpro_cache_742359c4f3_lackfolie416.jpg,cache/jw_sigpro/jwsigpro_cache_742359c4f3_lackfolie416.jpg,7695,f628e4978d0d90c9053766f1b39ed1b85f5882db70bd60c14a9cd54f870c0232
https://vl63.ru/cache/jw_sigpro/jwsigpro_cache_742359c4f3_rose_stratch_ceiling_416_color_lackfolie.jpg,cache/jw_sigpro/jwsigpro_cache_742359c4f3_rose_stratch_ceiling_416_color_lackfolie.jpg,9187,ad5d148195b79646f0c22e5bd1af03b2b0e27b32e82f90eb6dae203977236cd8
https://vl63.ru/cache/jw_sigpro/jwsigpro_cache_74a729b57c_nishi_stor_v_natjazhnyh_potolkah-1.jpg,cache/jw_sigpro/jwsigpro_cache_74a729b57c_nishi_stor_v_natjazhnyh_potolkah-1.jpg,7595,0a2054be2d9c47afb7a362c34b9f4a23231f4345474a259610818488fe3b36d0
https://vl63.ru/cache/jw_sigpro/jwsigpro_cache_74a729b57c_nishi_stor_v_natjazhnyh_potolkah-2.jpg,cache/jw_sigpro/jwsigpro_cache_74a729b57c_nishi_stor_v_natjazhnyh_potolkah-2.jpg,8222,c88a2d91bd08309620df8115446e98f4a45c6c010900a31f1d8d093b51293b47
https://vl63.ru/cache/jw_sigpro/jwsigpro_cache_74a729b57c_nishi_stor_v_natjazhnyh_potolkah.jpg,cache/jw_sigpro/jwsigpro_cache_74a729b57c_nishi_stor_v_natjazhnyh_potolkah.jpg,9967,8d4c2767caef0b9a013af0176501d90bf36b63587c33b4778e9de45c74b265f4
https://vl63.ru/cache/jw_sigpro/jwsigpro_cache_793f5e0fc0_511-01.jpg,cache/jw_sigpro/jwsigpro_cache_793f5e0fc0_511-01.jpg,7020,7b2aa029092b990831ead9d4e6339a64488015f8e2cb9a08b77b492b0d748fee
https://vl63.ru/cache/jw_sigpro/jwsigpro_cache_793f5e0fc0_511-02.jpg,cache/jw_sigpro/jwsigpro_cache_793f5e0fc0_511-02.jpg,4742,5d15a7771b6e4979822badee3e27ae93de95c225f529dc73d1b40e37512f1ec7
https://vl63.ru/cache/jw_sigpro/jwsigpro_cache_793f5e0fc0_511-03.jpg,cache/jw_sigpro/jwsigpro_cache_793f5e0fc0_511-03.jpg,8216,656fdc21b3bc27c790943076bf158d67f9978769dde25e42ddb674c47b9a80eb
https://vl63.ru/cache/jw_sigpro/jwsigpro_cache_7981e4ff85_b1.jpg,cache/jw_sigpro/jwsigpro_cache_7981e4ff85_b1.jpg,8286,728bc2cfe3624027822c1b2c8b4b01060dd8aa928d486a2cf2441d7385e6b04d
https://vl63.ru/cache/jw_sigpro/jwsigpro_cache_7981e4ff85_b2.jpg,cache/jw_sigpro/jwsigpro_cache_7981e4ff85_b2.jpg,7920,c30b2e0b49fa662ef188642dac15089a6408cf1729c308979a51691e4ea268ad
https://vl63.ru/cache/jw_sigpro/jwsigpro_cache_7c969215ff_121.jpg,cache/jw_sigpro/jwsigpro_cache_7c969215ff_121.jpg,6182,a0813571ace7d5dff3f429839ac04826e64c5876c4264d0ae254a10905ad6f1d
https://vl63.ru/cache/jw_sigpro/jwsigpro_cache_7c969215ff_122.jpg,cache/jw_sigpro/jwsigpro_cache_7c969215ff_122.jpg,5371,c46065b9ec7c348138423a7ce30404422966088d46df9bd41b1bc08c2b5ed55f
https://vl63.ru/cache/jw_sigpro/jwsigpro_cache_7c969215ff_123.jpg,cache/jw_sigpro/jwsigpro_cache_7c969215ff_123.jpg,6466,11715073caf889a1682168b2e81c2dd44d01b21d20cedc4357e809daae6c496b
https://vl63.ru/cache/jw_sigpro/jwsigpro_cache_800f4e1049_gx70_alter_ego.jpg,cache/jw_sigpro/jwsigpro_cache_800f4e1049_gx70_alter_ego.jpg,7758,7b79a2689c564696395671656f2a203b46977f0bd1460e653465962c59f38af5
https://vl63.ru/cache/jw_sigpro/jwsigpro_cache_800f4e1049_gx70_bassein.jpg,cache/jw_sigpro/jwsigpro_cache_800f4e1049_gx70_bassein.jpg,7614,7895525c4622f580a77e11fb947184eb91665683e83730a8ccfb0c0577a51f65
https://vl63.ru/cache/jw_sigpro/jwsigpro_cache_800f4e1049_gx70_goluboi_lak.jpg,cache/jw_sigpro/jwsigpro_cache_800f4e1049_gx70_goluboi_lak.jpg,13615,c08482069989923a82c79cda2104bdd57d08db92f1bffb3f52044b2b279c6bf1
https://vl63.ru/cache/jw_sigpro/jwsigpro_cache_800f4e1049_gx70_hrom.jpg,cache/jw_sigpro/jwsigpro_cache_800f4e1049_gx70_hrom.jpg,7706,064e6204a024633d097e44124aaa58246cbd7fa10aa338016551f768151ca78f
https://vl63.ru/cache/jw_sigpro/jwsigpro_cache_800f4e1049_gx70_v_koridore.jpg,cache/jw_sigpro/jwsigpro_cache_800f4e1049_gx70_v_koridore.jpg,5309,b4c77af0c8161ea70b9c29c52fd09b80ce36ee0bd8faa771904811593ef8d670
https://vl63.ru/cache/jw_sigpro/jwsigpro_cache_800f4e1049_gx70_v_offise.jpg,cache/jw_sigpro/jwsigpro_cache_800f4e1049_gx70_v_offise.jpg,5185,fe684af040a8cbf70559b3fe0e258535559f9d413a0197752c92c10ee1aa0630
https://vl63.ru/cache/jw_sigpro/jwsigpro_cache_801661cddd_fiolet_cvet_potolka_201_lackfolie.jpg,cache/jw_sigpro/jwsigpro_cache_801661cddd_fiolet_cvet_potolka_201_lackfolie.jpg,4412,23502c164cad8af44d2d6c8908ac4eefefc771d8b2a3d764466f730860bb1bbc
https://vl63.ru/cache/jw_sigpro/jwsigpro_cache_801661cddd_img_2824.jpg,cache/jw_sigpro/jwsigpro_cache_801661cddd_img_2824.jpg,5029,6ec159139a4913dbd4372ef3fe674fe8dda0fa7acf291b9153d2771347d3790f
https://vl63.ru/cache/jw_sigpro/jwsigpro_cache_80ad8fd38c_img_61671.jpg,cache/jw_sigpro/jwsigpro_cache_80ad8fd38c_img_61671.jpg,9208,80d095a606c8989644219873c1bd2e2e9a28a181f4cfb801268688eaa3e8785e
https://vl63.ru/cache/jw_sigpro/jwsigpro_cache_80ad8fd38c_img_61691.jpg,cache/jw_sigpro/jwsigpro_cache_80ad8fd38c_img_61691.jpg,8689,c9dc6175995d71aea6fa21220e2abd89f6bbf2ccebf527096fc28a8030a07aef
https://vl63.ru/cache/jw_sigpro/jwsigpro_cache_80ad8fd38c_img_6171.jpg,cache/jw_sigpro/jwsigpro_cache_80ad8fd38c_img_6171.jpg,6038,64ac1ee789068874739be99bda76b7defc2ab963c064b8e29079d1e287127b47
https://vl63.ru/cache/jw_sigpro/jwsigpro_cache_80ad8fd38c_orahge_cvet_739_natjazhnoi_potolok.jpg,cache/jw_sigpro/jwsigpro_cache_80ad8fd38c_orahge_cvet_739_natjazhnoi_potolok.jpg,5166,7ebcd1a14dcc7d67e20acdad15b9256720cd4c3cf30bbe40728c928b0dd2df7a
https://vl63.ru/cache/jw_sigpro/jwsigpro_cache_80ad8fd38c_orange_cvet_739_natjazhnoi_potolok.jpg,cache/jw_sigpro/jwsigpro_cache_80ad8fd38c_orange_cvet_739_natjazhnoi_potolok.jpg,6320,5e46a7a1c091317b5fdcb777a557ec807bf2f832da7445ecbfa3f791b15d7590
https://vl63.ru/cache/jw_sigpro/jwsigpro_cache_80ad8fd38c_orangevyi_cvet_739_natjazhnoi_potolok.jpg,cache/jw_sigpro/jwsigpro_cache_80ad8fd38c_orangevyi_cvet_739_natjazhnoi_potolok.jpg,7343,491cea554e77570366891d154d61c09a9152515039464ace785795e3ac460e7d
https://vl63.ru/cache/jw_sigpro/jwsigpro_cache_80e7ea9ecf_144.jpg,cache/jw_sigpro/jwsigpro_cache_80e7ea9ecf_144.jpg,10503,02d1a060c0717b6463d647d97e33fad1010a3304edc4f535420538c3ff2c04d0
https://vl63.ru/cache/jw_sigpro/jwsigpro_cache_80e7ea9ecf_145.jpg,cache/jw_sigpro/jwsigpro_cache_80e7ea9ecf_145.jpg,8062,983121c45ad8fae5387353546fd927abea682d602942d0aeb0c587d8176b522e
https://vl63.ru/cache/jw_sigpro/jwsigpro_cache_80e7ea9ecf_146.jpg,cache/jw_sigpro/jwsigpro_cache_80e7ea9ecf_146.jpg,9712,759f2686579db06b856a86ab9faaca2c1b401bd013723b0573107ba7931a8831
https://vl63.ru/cache/jw_sigpro/jwsigpro_cache_80e7ea9ecf_lackfolie-608_pongs_v_zale.jpg,cache/jw_sigpro/jwsigpro_cache_80e7ea9ecf_lackfolie-608_pongs_v_zale.jpg,4946,902be90d449bedc999e2b9c3201280aaa5d5f83399dd480fa9963a5074442c54
https://vl63.ru/cache/jw_sigpro/jwsigpro_cache_820b8421d4_rabochij-stol-menedzhera-prodazh-natjazhnyh-potolkov-vertikalnaja-linija.jpg,cache/jw_sigpro/jwsigpro_cache_820b8421d4_rabochij-stol-menedzhera-prodazh-natjaz__1f404c02f812.jpg,5554,c1eac3065a748b20e14befe30f327c141498a0f7723ec622178a68237a0846a3
https://vl63.ru/cache/jw_sigpro/jwsigpro_cache_820b8421d4_rabochij-stol-nenedzhera-prodazh-natjazhnyh-potolkov-vrtikalnaja-linija.jpg,cache/jw_sigpro/jwsigpro_cache_820b8421d4_rabochij-stol-nenedzhera-prodazh-natjaz__a34074c74842.jpg,7519,c933e0bea17c2205e69e9fb1e22489922c480c34f479565e6cd9ec6f68e808f9
https://vl63.ru/cache/jw_sigpro/jwsigpro_cache_820b8421d4_rabochij-stol-tochki-prodazh-natjazhnyh-potolkov-vrtikalnaja-linija.jpg,cache/jw_sigpro/jwsigpro_cache_820b8421d4_rabochij-stol-tochki-prodazh-natjazhnyh__f44bbf2f9f76.jpg,6762,1e2764cd7535769894eeee94e208659274976ab6c84947063234a6892934aadb
https://vl63.ru/cache/jw_sigpro/jwsigpro_cache_836ea3b378_32.jpg,cache/jw_sigpro/jwsigpro_cache_836ea3b378_32.jpg,8992,2dfa533fb6bdd37f8520bb24d765557570699e3d6642dd000582bb2a88a49dc0
https://vl63.ru/cache/jw_sigpro/jwsigpro_cache_836ea3b378_33.jpg,cache/jw_sigpro/jwsigpro_cache_836ea3b378_33.jpg,12133,6e2849ac769b05dce312f98f9358e8564415323b73de26141058636a0a55aa01
https://vl63.ru/cache/jw_sigpro/jwsigpro_cache_84680dbb7a_6644.jpg,cache/jw_sigpro/jwsigpro_cache_84680dbb7a_6644.jpg,7346,5527bf3d07ac7f372eaf69feb8f147b39dbae4f8919471ae09b0698bdc8f62b5
https://vl63.ru/cache/jw_sigpro/jwsigpro_cache_84680dbb7a_6653.jpg,cache/jw_sigpro/jwsigpro_cache_84680dbb7a_6653.jpg,7418,bb7ad8d01c486b47e7b14e8dbcd169ae3c9dca7101789d00aed821ae5db8a5a3
https://vl63.ru/cache/jw_sigpro/jwsigpro_cache_84680dbb7a_peregib_nad_lestnicei_do.jpg,cache/jw_sigpro/jwsigpro_cache_84680dbb7a_peregib_nad_lestnicei_do.jpg,5557,36393efd433b11eb9e0212afe63b0bdaad058f57345dd08fb28ce1258ee4b301
https://vl63.ru/cache/jw_sigpro/jwsigpro_cache_84680dbb7a_peregib_nad_lestnicei_posle_.jpg,cache/jw_sigpro/jwsigpro_cache_84680dbb7a_peregib_nad_lestnicei_posle_.jpg,9690,0f385897d5a59b23fce8045df4c90e830569fdf94385a285590412645df75c2b
https://vl63.ru/cache/jw_sigpro/jwsigpro_cache_84680dbb7a_peregib_nad_lestnicei_posle_ustanovki.jpg,cache/jw_sigpro/jwsigpro_cache_84680dbb7a_peregib_nad_lestnicei_posle_ustanovki.jpg,4936,0733c529e460c566deb642fb3ebe6f05ff298fe583424c8ed68f47037cabf186
https://vl63.ru/cache/jw_sigpro/jwsigpro_cache_84fe5c5b6e_belye_matovye_potolki_v_srubovom_dome.jpg,cache/jw_sigpro/jwsigpro_cache_84fe5c5b6e_belye_matovye_potolki_v_srubovom_dome.jpg,8288,e340a0d376ae03b6fefea15aaa9ecab55e42adf063a02dfcb8b1266741ac13e4
https://vl63.ru/cache/jw_sigpro/jwsigpro_cache_84fe5c5b6e_fotopechat_oblaka_na_lake-1.jpg,cache/jw_sigpro/jwsigpro_cache_84fe5c5b6e_fotopechat_oblaka_na_lake-1.jpg,6547,b2279ca4f59c156d2e2149c540df8a7a4f9246f2936ab934d491c2975267f201
https://vl63.ru/cache/jw_sigpro/jwsigpro_cache_84fe5c5b6e_fotopechat_oblaka_na_lake-2.jpg,cache/jw_sigpro/jwsigpro_cache_84fe5c5b6e_fotopechat_oblaka_na_lake-2.jpg,5946,097fe3cc33f95a01e5d372712ca9c0dd29d6c2db90952e9cad799984cbc17ff1
https://vl63.ru/cache/jw_sigpro/jwsigpro_cache_84fe5c5b6e_fotopechat_oblaka_na_lake-3.jpg,cache/jw_sigpro/jwsigpro_cache_84fe5c5b6e_fotopechat_oblaka_na_lake-3.jpg,7176,4e5e0c5e6629dcfb525c0cbcb5ed480d3d0f977593fb3536d6a48f34936b6836
https://vl63.ru/cache/jw_sigpro/jwsigpro_cache_84fe5c5b6e_fotopechat_oblaka_na_lake-4.jpg,cache/jw_sigpro/jwsigpro_cache_84fe5c5b6e_fotopechat_oblaka_na_lake-4.jpg,9501,890faf7658e51967d694549d9a62c032e7c2b9e1e8503083c3943e63f8123748
https://vl63.ru/cache/jw_sigpro/jwsigpro_cache_84fe5c5b6e_fotopechat_oblaka_na_lake-5.jpg,cache/jw_sigpro/jwsigpro_cache_84fe5c5b6e_fotopechat_oblaka_na_lake-5.jpg,10103,20039ee6ea80d37d40f9ded33cad5042764d74ab75b6ade81e8c897318ceebb2
https://vl63.ru/cache/jw_sigpro/jwsigpro_cache_84fe5c5b6e_fotopechat_oblaka_na_lake-6.jpg,cache/jw_sigpro/jwsigpro_cache_84fe5c5b6e_fotopechat_oblaka_na_lake-6.jpg,9773,b106aa152b94d4b822d2f8b9d3ea57248e2802fd84eac7b5a20cbc118525661a
https://vl63.ru/cache/jw_sigpro/jwsigpro_cache_84fe5c5b6e_natjazhnye-potolki-v-derevjannom-dome_s_lukom-1.jpg,cache/jw_sigpro/jwsigpro_cache_84fe5c5b6e_natjazhnye-potolki-v-derevjannom-dome_s_lukom-1.jpg,7568,f506babf3b725cf438b50cca67966dbe1f5b483de3ed776cbf75c90ec559c065
https://vl63.ru/cache/jw_sigpro/jwsigpro_cache_84fe5c5b6e_natjazhnye-potolki-v-derevjannom-dome_s_lukom.jpg,cache/jw_sigpro/jwsigpro_cache_84fe5c5b6e_natjazhnye-potolki-v-derevjannom-dome_s_lukom.jpg,7868,207a517426ef297141ef1ae041c19ce1e0cb50e295ebb6001783e8ac2d2e8253
https://vl63.ru/cache/jw_sigpro/jwsigpro_cache_84fe5c5b6e_natjaznye_potolki_v_derevjannom_srube.jpg,cache/jw_sigpro/jwsigpro_cache_84fe5c5b6e_natjaznye_potolki_v_derevjannom_srube.jpg,12965,aba953e1d9573be1679dd7a168933edd7f822efa80351e6545c809e720e4ed40
https://vl63.ru/cache/jw_sigpro/jwsigpro_cache_84fe5c5b6e_natjaznye_potolki_v_srube.jpg,cache/jw_sigpro/jwsigpro_cache_84fe5c5b6e_natjaznye_potolki_v_srube.jpg,7825,28615cca65fc7b7e8fcfc045e9b6655c49babdcee5794a67c9d4963bbbb20abd
https://vl63.ru/cache/jw_sigpro/jwsigpro_cache_84fe5c5b6e_natyazhnye-potolki-v_srube.jpg,cache/jw_sigpro/jwsigpro_cache_84fe5c5b6e_natyazhnye-potolki-v_srube.jpg,7540,776e11f2877590f8642d874be250ffe8e5ba9aa58190f0854b221d2c7441564a
https://vl63.ru/cache/jw_sigpro/jwsigpro_cache_84fe5c5b6e_natyazhnye-potolki-v_srube_na_reike.jpg,cache/jw_sigpro/jwsigpro_cache_84fe5c5b6e_natyazhnye-potolki-v_srube_na_reike.jpg,5778,5661cbd3f5c067943565a14bde49aeac2fba7a5af17d8140b0ece79996e92371
https://vl63.ru/cache/jw_sigpro/jwsigpro_cache_84fe5c5b6e_natyazhnye_potolki_v_srubovom_dome.jpg,cache/jw_sigpro/jwsigpro_cache_84fe5c5b6e_natyazhnye_potolki_v_srubovom_dome.jpg,11246,4f8025b9eb8475f24b8cebf02fb1700f8b9268edd02b599b8dab1b86422b919c
https://vl63.ru/cache/jw_sigpro/jwsigpro_cache_84fe5c5b6e_styk_potolka_v_srube.jpg,cache/jw_sigpro/jwsigpro_cache_84fe5c5b6e_styk_potolka_v_srube.jpg,11242,ec17e58212e0b5ec7d483d3a8817f9ea0012c18480caffbc59942df0de40a9dc
https://vl63.ru/cache/jw_sigpro/jwsigpro_cache_84fe5c5b6e_ugol_natjazhnogo_potolka_v_srube.jpg,cache/jw_sigpro/jwsigpro_cache_84fe5c5b6e_ugol_natjazhnogo_potolka_v_srube.jpg,6171,26aba0f55819adc6c7d9d768ab1242ac451fc9750ec5d7ae77ab428578ebe637
https://vl63.ru/cache/jw_sigpro/jwsigpro_cache_85d331fba2_303_lackfolie_v_classicheskom_dizayne.jpg,cache/jw_sigpro/jwsigpro_cache_85d331fba2_303_lackfolie_v_classicheskom_dizayne.jpg,5270,c5510a50737b4e87a828c7534c518aeb2d6b8c09da0a026c831e2f9957e9c9ca
https://vl63.ru/cache/jw_sigpro/jwsigpro_cache_85d331fba2_belyi_gljanzevyi_potolok_razdelen_gipsom.jpg,cache/jw_sigpro/jwsigpro_cache_85d331fba2_belyi_gljanzevyi_potolok_razdelen_gipsom.jpg,6107,610bd539030a2e19e3382fdce667e3f4e65d009174ee9e352e1b1d66725023b3
https://vl63.ru/cache/jw_sigpro/jwsigpro_cache_85d331fba2_belyi_gljanzevyi_potolok_s_nishei_iz_gipsokartona.jpg,cache/jw_sigpro/jwsigpro_cache_85d331fba2_belyi_gljanzevyi_potolok_s_nishei_iz_gipsokartona.jpg,4492,62548f765f5e6bddacbb3873f97022b96f56ba9c6a0ad477886471ebc0499905
https://vl63.ru/cache/jw_sigpro/jwsigpro_cache_85d331fba2_belyi_gljanzevyi_potolok_v_park-otele.jpg,cache/jw_sigpro/jwsigpro_cache_85d331fba2_belyi_gljanzevyi_potolok_v_park-otele.jpg,7934,0bee0fbd42fdd6338f3245e9ea491994918d51f9b9359106cf948d04dafc2145
https://vl63.ru/cache/jw_sigpro/jwsigpro_cache_85d331fba2_belyi_gljanzevyi_potolok_v_park-otele_lux.jpg,cache/jw_sigpro/jwsigpro_cache_85d331fba2_belyi_gljanzevyi_potolok_v_park-otele_lux.jpg,8122,39de5bf59a96fccc201d723da827164afe0a5d15dd1ace8522c13c74400dba8c
https://vl63.ru/cache/jw_sigpro/jwsigpro_cache_85d331fba2_belyi_gljanzevyi_potolok_v_park-otele_sanuzel.jpg,cache/jw_sigpro/jwsigpro_cache_85d331fba2_belyi_gljanzevyi_potolok_v_park-otele_sanuzel.jpg,10668,37280be8e7f8e2771a95f8f380f6f17f4713771ce0e728dcae60b52e3ada7d42
https://vl63.ru/cache/jw_sigpro/jwsigpro_cache_85d331fba2_belyi_lakovyi_potolok_303-lackfolie.jpg,cache/jw_sigpro/jwsigpro_cache_85d331fba2_belyi_lakovyi_potolok_303-lackfolie.jpg,6667,596305d7036dab89a0b2b505a82c2c4cf39bd067efe874f0a3b5ad8b138e2fdb
https://vl63.ru/cache/jw_sigpro/jwsigpro_cache_85d331fba2_belyi_lakovyi_potolok_bez_vstavki.jpg,cache/jw_sigpro/jwsigpro_cache_85d331fba2_belyi_lakovyi_potolok_bez_vstavki.jpg,3507,29703afcf9a554a2169e72994e69ff8e083c89b524de2811f0899300ff9c0b8d
https://vl63.ru/cache/jw_sigpro/jwsigpro_cache_85d331fba2_belyi_lakovyi_potolok_france.jpg,cache/jw_sigpro/jwsigpro_cache_85d331fba2_belyi_lakovyi_potolok_france.jpg,5797,f2e503d800038ff89205d0cd536ba4c552bbd3fa1b8d15040b7df8faf6e87bd5
https://vl63.ru/cache/jw_sigpro/jwsigpro_cache_85d331fba2_belyi_lakovyi_potolok_kardio.jpg,cache/jw_sigpro/jwsigpro_cache_85d331fba2_belyi_lakovyi_potolok_kardio.jpg,6937,74f48e6d88277488f4675566018bbb5ca0a483fa6169e4e89cf7d62c2c891350
https://vl63.ru/cache/jw_sigpro/jwsigpro_cache_85d331fba2_belyi_lakovyi_potolok_koridor_tolyatti.jpg,cache/jw_sigpro/jwsigpro_cache_85d331fba2_belyi_lakovyi_potolok_koridor_tolyatti.jpg,5085,d3e72f58982c21cc485bed8a7ea7cea4914f623d15b4bf3b509ba9ca81371029
https://vl63.ru/cache/jw_sigpro/jwsigpro_cache_85d331fba2_belyi_lakovyi_potolok_v_cokole.jpg,cache/jw_sigpro/jwsigpro_cache_85d331fba2_belyi_lakovyi_potolok_v_cokole.jpg,5059,09e99ffb1636da6f3f8da8c2ad4750379ce6544c583e5dda805d48f9fb3e8c1f
https://vl63.ru/cache/jw_sigpro/jwsigpro_cache_85d331fba2_belyi_lakovyi_potolok_v_gostonoy.jpg,cache/jw_sigpro/jwsigpro_cache_85d331fba2_belyi_lakovyi_potolok_v_gostonoy.jpg,5061,801eab6f6cd9787806005738f8ac2a72d49070a224430f6377ec309cdddc8653
https://vl63.ru/cache/jw_sigpro/jwsigpro_cache_85d331fba2_belyi_lakovyi_potolok_v_koridore.jpg,cache/jw_sigpro/jwsigpro_cache_85d331fba2_belyi_lakovyi_potolok_v_koridore.jpg,6906,89d7d51c05521bf3df3be94d1c1739ed641baeac4b7a3df1641d8383af7703fa
https://vl63.ru/cache/jw_sigpro/jwsigpro_cache_85d331fba2_belyi_lakovyi_potolok_v_lor1.jpg,cache/jw_sigpro/jwsigpro_cache_85d331fba2_belyi_lakovyi_potolok_v_lor1.jpg,7752,2c947abcd3220dfe82a5b68bff888e5932a2ef0907682f49ed2ef728cacb1037
https://vl63.ru/cache/jw_sigpro/jwsigpro_cache_85d331fba2_belyi_lakovyi_potolok_v_vannoi_k.jpg,cache/jw_sigpro/jwsigpro_cache_85d331fba2_belyi_lakovyi_potolok_v_vannoi_k.jpg,7145,a1e6516398b8a3d4e8929a4c9db233f4cdca08e98499b623c377f814d8bb655c
https://vl63.ru/cache/jw_sigpro/jwsigpro_cache_85d331fba2_belyi_lakovyi_potolok_v_vystavochnom_dome.jpg,cache/jw_sigpro/jwsigpro_cache_85d331fba2_belyi_lakovyi_potolok_v_vystavochnom_dome.jpg,4845,6b9c2da246b09cb70176ed57a2bee2400c6431f8022ea64bde84f2aa08a4fe52
https://vl63.ru/cache/jw_sigpro/jwsigpro_cache_85d331fba2_belyi_lakovyi_potolok_vystavochnyi_dom.jpg,cache/jw_sigpro/jwsigpro_cache_85d331fba2_belyi_lakovyi_potolok_vystavochnyi_dom.jpg,5407,f999e6656e1e9adb7a6a8312b5bd7d429487d14b6badb694d2b7995ff55b08ab
https://vl63.ru/cache/jw_sigpro/jwsigpro_cache_85d331fba2_belyi_lakovyi_potolok_zal.jpg,cache/jw_sigpro/jwsigpro_cache_85d331fba2_belyi_lakovyi_potolok_zal.jpg,4822,9480ff5a532c3c0f40ff262a2b5a9fbf2aab254342562801b2b5becd624be05e
https://vl63.ru/cache/jw_sigpro/jwsigpro_cache_85d331fba2_belyi_lakovyi_potolok_zal_togliatti.jpg,cache/jw_sigpro/jwsigpro_cache_85d331fba2_belyi_lakovyi_potolok_zal_togliatti.jpg,7020,eb605453db0685130bec4629537bfdfae78fd770443628ff104e8e4014b1fc05
https://vl63.ru/cache/jw_sigpro/jwsigpro_cache_85d331fba2_francuzskiy_belyi_lakovyi_potolok_v_vannoi.jpg,cache/jw_sigpro/jwsigpro_cache_85d331fba2_francuzskiy_belyi_lakovyi_potolok_v_vannoi.jpg,8220,5fb3f776e5914f2ed67fb382752ac7c67ef40d045f48f98634aa8f949ae0b9b8
https://vl63.ru/cache/jw_sigpro/jwsigpro_cache_85e4747794_sinie_natjazhnye_potolki_120_lack_pongs.jpg,cache/jw_sigpro/jwsigpro_cache_85e4747794_sinie_natjazhnye_potolki_120_lack_pongs.jpg,5125,dc48efcef32545136de51f1f47cdc14a987d96842451b52a521f52efcac3d6bc
https://vl63.ru/cache/jw_sigpro/jwsigpro_cache_86fff0acfe_lakovyj-natyazhnoj-potolok-gkl-tsvet-476.jpg,cache/jw_sigpro/jwsigpro_cache_86fff0acfe_lakovyj-natyazhnoj-potolok-gkl-tsvet-476.jpg,7269,0df64315cd8f1dac57ccd6a6b64923c700ed03d1e3567aec120465e2e93215e2
https://vl63.ru/cache/jw_sigpro/jwsigpro_cache_8905eae97f_14.jpg,cache/jw_sigpro/jwsigpro_cache_8905eae97f_14.jpg,8411,d7366182c9698b117a093411db79b4d0a271453de6137a38a37a3fc99a7b821f
https://vl63.ru/cache/jw_sigpro/jwsigpro_cache_8905eae97f_15.jpg,cache/jw_sigpro/jwsigpro_cache_8905eae97f_15.jpg,10886,2d5afc077cc45ced603758424819d3d7d289e0a81ec8c890eabe7ba8c364a704
https://vl63.ru/cache/jw_sigpro/jwsigpro_cache_8905eae97f_16.jpg,cache/jw_sigpro/jwsigpro_cache_8905eae97f_16.jpg,10664,4273ef93acd805a5ebf0bab67501af938f5c8484f5aa321837700854a485a190
https://vl63.ru/cache/jw_sigpro/jwsigpro_cache_8905eae97f_17.jpg,cache/jw_sigpro/jwsigpro_cache_8905eae97f_17.jpg,10865,5ae30c5eefe5e37bb363aad48f8adda232458cc9be1b81cd9347d46ccffbe40a
https://vl63.ru/cache/jw_sigpro/jwsigpro_cache_8905eae97f_18.jpg,cache/jw_sigpro/jwsigpro_cache_8905eae97f_18.jpg,10491,35a18f6cf09318391899a973519f75c5d369dca3950752e4a45689d08ad0012b
https://vl63.ru/cache/jw_sigpro/jwsigpro_cache_8905eae97f_19.jpg,cache/jw_sigpro/jwsigpro_cache_8905eae97f_19.jpg,10576,144507892cf96ca05fb72b5ca5d2de781e436d27cae6f4bd04b564f39452445d
https://vl63.ru/cache/jw_sigpro/jwsigpro_cache_8905eae97f_20.jpg,cache/jw_sigpro/jwsigpro_cache_8905eae97f_20.jpg,8880,7c7017ac9333529d044c5d1a52ff914215cdb5ceb5ad2b4fe34b815807b5d012
https://vl63.ru/cache/jw_sigpro/jwsigpro_cache_8af2b884ca_stena-iz-trub-1.jpg,cache/jw_sigpro/jwsigpro_cache_8af2b884ca_stena-iz-trub-1.jpg,13563,f590b6382f8285e49b304a39b8506e8361cacdb0af386d140dc98ae4103a9855
https://vl63.ru/cache/jw_sigpro/jwsigpro_cache_8af2b884ca_stena-iz-trub-2.jpg,cache/jw_sigpro/jwsigpro_cache_8af2b884ca_stena-iz-trub-2.jpg,13650,1322b0c1d15a921a3ab61ffebe1a6ea569d7e12df7f1b25545fdab8bb5f06685
https://vl63.ru/cache/jw_sigpro/jwsigpro_cache_8af2b884ca_stena-iz-trub-3.jpg,cache/jw_sigpro/jwsigpro_cache_8af2b884ca_stena-iz-trub-3.jpg,11450,31d30f336a081d2c3dc98eab392ac880507c7d474d5c75665bf851af9e452b48
https://vl63.ru/cache/jw_sigpro/jwsigpro_cache_8af2b884ca_stena-iz-trub-4.jpg,cache/jw_sigpro/jwsigpro_cache_8af2b884ca_stena-iz-trub-4.jpg,13500,ae273f7a6bbada29d519d8ff1f36daf13ff1ea70138615be4da5c7bf988acb66
https://vl63.ru/cache/jw_sigpro/jwsigpro_cache_8af2b884ca_stena-iz-trub-5.jpg,cache/jw_sigpro/jwsigpro_cache_8af2b884ca_stena-iz-trub-5.jpg,8709,7da2b49db1ace986bf44861418d2bac2ae0de9d51802fa41d5a79bb6fa88f15f
https://vl63.ru/cache/jw_sigpro/jwsigpro_cache_8cb5dd9668_natjazhnye_potolki_gljanec_110.jpg,cache/jw_sigpro/jwsigpro_cache_8cb5dd9668_natjazhnye_potolki_gljanec_110.jpg,5260,ba617b3ba4f25dc3e32092eb1679876eda9bf676e48022c3563bf4336f9236df
https://vl63.ru/cache/jw_sigpro/jwsigpro_cache_8d72ffc92c_36.jpg,cache/jw_sigpro/jwsigpro_cache_8d72ffc92c_36.jpg,8180,17b741c57c5ab95ed2a62ab991942bb5a799be97ef3efa82119bf49ae6a6cb5a
https://vl63.ru/cache/jw_sigpro/jwsigpro_cache_8d72ffc92c_37.jpg,cache/jw_sigpro/jwsigpro_cache_8d72ffc92c_37.jpg,14280,276bd339342b0b0100a79831e5a8b5d7f25e3513c40902844aac89855c4653f9
https://vl63.ru/cache/jw_sigpro/jwsigpro_cache_8d72ffc92c_38.jpg,cache/jw_sigpro/jwsigpro_cache_8d72ffc92c_38.jpg,11720,b02072e3b4f45a4cf158f5276891de25143727643b850b1c86296347c97e8578
https://vl63.ru/cache/jw_sigpro/jwsigpro_cache_8e1418d13d_511-01.jpg,cache/jw_sigpro/jwsigpro_cache_8e1418d13d_511-01.jpg,7020,7b2aa029092b990831ead9d4e6339a64488015f8e2cb9a08b77b492b0d748fee
https://vl63.ru/cache/jw_sigpro/jwsigpro_cache_8e1418d13d_511-02.jpg,cache/jw_sigpro/jwsigpro_cache_8e1418d13d_511-02.jpg,4742,5d15a7771b6e4979822badee3e27ae93de95c225f529dc73d1b40e37512f1ec7
https://vl63.ru/cache/jw_sigpro/jwsigpro_cache_8e1418d13d_511-03.jpg,cache/jw_sigpro/jwsigpro_cache_8e1418d13d_511-03.jpg,8216,656fdc21b3bc27c790943076bf158d67f9978769dde25e42ddb674c47b9a80eb
https://vl63.ru/cache/jw_sigpro/jwsigpro_cache_8f9b74fb31_227-lackfolie-plenka-potolok-v-vannoj.jpg,cache/jw_sigpro/jwsigpro_cache_8f9b74fb31_227-lackfolie-plenka-potolok-v-vannoj.jpg,6318,534235446df77d000b93073ba94e8a04776a09e88c01a6b5b68bea5420d22735
https://vl63.ru/cache/jw_sigpro/jwsigpro_cache_93c5beb5d4_cardboard-tube-christmas-village.jpg,cache/jw_sigpro/jwsigpro_cache_93c5beb5d4_cardboard-tube-christmas-village.jpg,8022,0eb66313dfc1c6c369270bdb2d99f6913da838a43f9c20bc1f02be754d441791
https://vl63.ru/cache/jw_sigpro/jwsigpro_cache_93c5beb5d4_fun-crafts-for-kids.jpg,cache/jw_sigpro/jwsigpro_cache_93c5beb5d4_fun-crafts-for-kids.jpg,10765,cda41b8a5c9579dea817ea86e3f8d229a7b46e79c61efe21c4679d244a828e3f
https://vl63.ru/cache/jw_sigpro/jwsigpro_cache_93c5beb5d4_podelki-iz-rulonov.jpg,cache/jw_sigpro/jwsigpro_cache_93c5beb5d4_podelki-iz-rulonov.jpg,12317,ea31401d98700bcd498e86f278e45b6e8e6fc7b31fafcc08e0efa3d063436f3c
https://vl63.ru/cache/jw_sigpro/jwsigpro_cache_93c5beb5d4_recycled-cardboard-tubes.jpg,cache/jw_sigpro/jwsigpro_cache_93c5beb5d4_recycled-cardboard-tubes.jpg,12503,1153c5ff60dfa3798dc2fe0c67ec40c407e8540e46eb68e0f19086570ede2075
https://vl63.ru/cache/jw_sigpro/jwsigpro_cache_93c5beb5d4_zamok-iz-trub-v-detskij-sad.jpg,cache/jw_sigpro/jwsigpro_cache_93c5beb5d4_zamok-iz-trub-v-detskij-sad.jpg,11047,ec82c6dda897fd81951a270db868d0d473e95205e07233837f027baf68a76aa2
https://vl63.ru/cache/jw_sigpro/jwsigpro_cache_93c5beb5d4_zveri_iz_trub.jpg,cache/jw_sigpro/jwsigpro_cache_93c5beb5d4_zveri_iz_trub.jpg,10361,601cc5c4f81ee0ece9c0c1593f00bbb0a005a7c439487d36b32d47f09878131e
https://vl63.ru/cache/jw_sigpro/jwsigpro_cache_97bd6eec7e_img_0167.jpg,cache/jw_sigpro/jwsigpro_cache_97bd6eec7e_img_0167.jpg,2793,d39dd486ef5642911f5f7e6921f4999a5d97d07fc61340d8bb09b25008dbe417
https://vl63.ru/cache/jw_sigpro/jwsigpro_cache_97bd6eec7e_img_0174.jpg,cache/jw_sigpro/jwsigpro_cache_97bd6eec7e_img_0174.jpg,2886,3575f2c7ae9311eaffe359c38b3a2d6e44ec49fb338bb1d02dc286b8bef48ff5
https://vl63.ru/cache/jw_sigpro/jwsigpro_cache_97bd6eec7e_img_0514.jpg,cache/jw_sigpro/jwsigpro_cache_97bd6eec7e_img_0514.jpg,12164,1dd0063b84d91d72a5715fe041f2aedc9a6f194a9f5ea048fe054ecf2af9e5c7
https://vl63.ru/cache/jw_sigpro/jwsigpro_cache_97bd6eec7e_img_1780.jpg,cache/jw_sigpro/jwsigpro_cache_97bd6eec7e_img_1780.jpg,3801,99d63a4107aff66cc5e0cc8840243fc88854d0bd9ffaf83807054b9cfea6a913
https://vl63.ru/cache/jw_sigpro/jwsigpro_cache_97bd6eec7e_img_1782.jpg,cache/jw_sigpro/jwsigpro_cache_97bd6eec7e_img_1782.jpg,5071,ce1941384651d051b06a1a25aa7aef5150f4e3d9d0dfeec35415e47108455a31
https://vl63.ru/cache/jw_sigpro/jwsigpro_cache_97bd6eec7e_img_1904.jpg,cache/jw_sigpro/jwsigpro_cache_97bd6eec7e_img_1904.jpg,7063,4af0860864b311995975f271894f6ba282efe8c75b6d1c17bddc695777286a7d
https://vl63.ru/cache/jw_sigpro/jwsigpro_cache_97bd6eec7e_img_1939.jpg,cache/jw_sigpro/jwsigpro_cache_97bd6eec7e_img_1939.jpg,6157,8da02f26dd57296a9e4036a1810bcf2c5e5826fd507c53e525396686cff75d32
https://vl63.ru/cache/jw_sigpro/jwsigpro_cache_97bd6eec7e_img_2601.jpg,cache/jw_sigpro/jwsigpro_cache_97bd6eec7e_img_2601.jpg,4088,a66597729c3407d80b136dd0cd7ab8e0e7a3bf4dc6373a213dd62cd93fe550f6
https://vl63.ru/cache/jw_sigpro/jwsigpro_cache_97bd6eec7e_img_2603.jpg,cache/jw_sigpro/jwsigpro_cache_97bd6eec7e_img_2603.jpg,3793,c045c4ff11d5e0dbf5b56753d0a4da45ed7c908493af18dc2e71673b85ffba8c
https://vl63.ru/cache/jw_sigpro/jwsigpro_cache_97bd6eec7e_img_2853.jpg,cache/jw_sigpro/jwsigpro_cache_97bd6eec7e_img_2853.jpg,5454,b36e53e63d8da9bdff0b2a64e64a8f1d0a7f528caff8c98b6dfb3965f5f2673e
https://vl63.ru/cache/jw_sigpro/jwsigpro_cache_97bd6eec7e_img_2854.jpg,cache/jw_sigpro/jwsigpro_cache_97bd6eec7e_img_2854.jpg,6102,1cb0d9f9210edc9433553a599e57af249682dff8e496f91600dffa72c19204e2
https://vl63.ru/cache/jw_sigpro/jwsigpro_cache_97bd6eec7e_img_2855.jpg,cache/jw_sigpro/jwsigpro_cache_97bd6eec7e_img_2855.jpg,5843,280ade26600802f6db24d492ea7c8067ec29c470ee05061ddcd3f9a07abe21f3
https://vl63.ru/cache/jw_sigpro/jwsigpro_cache_97bd6eec7e_img_2860.jpg,cache/jw_sigpro/jwsigpro_cache_97bd6eec7e_img_2860.jpg,8525,b126fa5b854cd0988ac90cdf2ade2f7e408335cfcb8aea955a47b5ba93e225f7
https://vl63.ru/cache/jw_sigpro/jwsigpro_cache_97bd6eec7e_img_6103.jpg,cache/jw_sigpro/jwsigpro_cache_97bd6eec7e_img_6103.jpg,4615,230c2104398fb01b50b0eefe292dd1b8220e4d235ee5fe89ad1e3a79a73eb5c0
https://vl63.ru/cache/jw_sigpro/jwsigpro_cache_97bd6eec7e_img_6123.jpg,cache/jw_sigpro/jwsigpro_cache_97bd6eec7e_img_6123.jpg,9514,8abc8ccf6e76366f7c0f6a7bb34558f888a44e7fb2f9c5118810f2a32ae78f9a
https://vl63.ru/cache/jw_sigpro/jwsigpro_cache_97bd6eec7e_mansarda_vanna.jpg,cache/jw_sigpro/jwsigpro_cache_97bd6eec7e_mansarda_vanna.jpg,7278,4bce15f4daadb1121d28d8f16dd0c2f7983da653d521035e7d0285fff505a1d2
https://vl63.ru/cache/jw_sigpro/jwsigpro_cache_97bd6eec7e_mansarda_vannaja.jpg,cache/jw_sigpro/jwsigpro_cache_97bd6eec7e_mansarda_vannaja.jpg,5553,188285bea5722e64697308ddfaa23e2c4d4695249d9b28704722885532cc455d
https://vl63.ru/cache/jw_sigpro/jwsigpro_cache_98228f7f7b_573_lackfolie_stratch_ceiling_in_bathroom.jpg,cache/jw_sigpro/jwsigpro_cache_98228f7f7b_573_lackfolie_stratch_ceiling_in_bathroom.jpg,8574,2033e1b6d83f4e35f17c5c4b62a900ee301441f5cceb8e345dd3475aec9c6539
https://vl63.ru/cache/jw_sigpro/jwsigpro_cache_98228f7f7b_573_lackfolie_stratch_ceiling_in_bathroom1.jpg,cache/jw_sigpro/jwsigpro_cache_98228f7f7b_573_lackfolie_stratch_ceiling_in_bathroom1.jpg,5476,75f5135ea0fdc22d88ec4f9c908472268c2f9e65cc79cc38295d011508015c22
https://vl63.ru/cache/jw_sigpro/jwsigpro_cache_98228f7f7b_573_lackfolie_stratch_ceiling_in_bathroom2.jpg,cache/jw_sigpro/jwsigpro_cache_98228f7f7b_573_lackfolie_stratch_ceiling_in_bathroom2.jpg,4074,28b33513770293cbb6443f858348bd8ba1b3d5aec361c3a563ab82f74809f5f6
https://vl63.ru/cache/jw_sigpro/jwsigpro_cache_98228f7f7b_573_lackfolie_stratch_ceiling_in_bathroom3.jpg,cache/jw_sigpro/jwsigpro_cache_98228f7f7b_573_lackfolie_stratch_ceiling_in_bathroom3.jpg,8958,8a889337019686bbc372477bcccc839d7245b28f20e78b8a174aa1b9482b0fbd
https://vl63.ru/cache/jw_sigpro/jwsigpro_cache_99909f5268_dekorativnaja_lenta.jpg,cache/jw_sigpro/jwsigpro_cache_99909f5268_dekorativnaja_lenta.jpg,5051,81520074cabef015af0d9805e74dc7d8461dd145f70bfa4e1b90ebd3bf3c3ad8
https://vl63.ru/cache/jw_sigpro/jwsigpro_cache_99909f5268_vstavka.jpg,cache/jw_sigpro/jwsigpro_cache_99909f5268_vstavka.jpg,5714,10cf3f45d335e464f33a3b9d6be0f3d9cb0690cb5a039299f7ac09c6da928d95
https://vl63.ru/cache/jw_sigpro/jwsigpro_cache_9b7f621a04_555_komnata.jpg,cache/jw_sigpro/jwsigpro_cache_9b7f621a04_555_komnata.jpg,5527,4272e12b5118ea592af67d3052ea33d8e6f714a0eb9c81fb5262d260571ba627
https://vl63.ru/cache/jw_sigpro/jwsigpro_cache_9b7f621a04_555_koridor.jpg,cache/jw_sigpro/jwsigpro_cache_9b7f621a04_555_koridor.jpg,6421,2cf1c5624fb4250730f06d0c4719dcb89e92a633c3d7717bd30a0338b6a22156
https://vl63.ru/cache/jw_sigpro/jwsigpro_cache_9b7f621a04_555_vannaya.jpg,cache/jw_sigpro/jwsigpro_cache_9b7f621a04_555_vannaya.jpg,10320,670f2bc171c91cf3ceb86690b32b518eecde5a7bcab19ea095cf81a389f4ee48
https://vl63.ru/cache/jw_sigpro/jwsigpro_cache_9bc8264a9e_83.jpg,cache/jw_sigpro/jwsigpro_cache_9bc8264a9e_83.jpg,9724,35c684bca5ab71ab3f70eef6959a9af2aa98cad11ee361d32001853d54585287
https://vl63.ru/cache/jw_sigpro/jwsigpro_cache_9bc8264a9e_84.jpg,cache/jw_sigpro/jwsigpro_cache_9bc8264a9e_84.jpg,12238,e261039173e610b72fe4050322a8ef93e9a397a0da6183475acf921a6edc3f4e
https://vl63.ru/cache/jw_sigpro/jwsigpro_cache_9bc8264a9e_85.jpg,cache/jw_sigpro/jwsigpro_cache_9bc8264a9e_85.jpg,13184,9a78ff45d799d3b90b927e0f3b9444df66c77a846d0e6e4182ed3e1522d26fda
https://vl63.ru/cache/jw_sigpro/jwsigpro_cache_9bc8264a9e_86.jpg,cache/jw_sigpro/jwsigpro_cache_9bc8264a9e_86.jpg,13459,2d37d109a213a3ef99cc91b45d71798fd22e185e6d592be62f79ae7466b753ec
https://vl63.ru/cache/jw_sigpro/jwsigpro_cache_9bc8264a9e_bordo_lak_potolok_salon_krasoty.jpg,cache/jw_sigpro/jwsigpro_cache_9bc8264a9e_bordo_lak_potolok_salon_krasoty.jpg,7001,70bb0ace2c7c6b47c81f488e4f2a8e0ae334b335fd9a19d0b3fe9517ad843989
https://vl63.ru/cache/jw_sigpro/jwsigpro_cache_9bc8264a9e_reception_with_stratch_ceiling.jpg,cache/jw_sigpro/jwsigpro_cache_9bc8264a9e_reception_with_stratch_ceiling.jpg,10616,59552e4fe79da5145a78e5ed533b29b1e23856bae1381a90b29db1646728c114
https://vl63.ru/cache/jw_sigpro/jwsigpro_cache_9bc8264a9e_secret-krasot.jpg,cache/jw_sigpro/jwsigpro_cache_9bc8264a9e_secret-krasot.jpg,15186,ab48c6bb7168c98a5ce111c61f66414a4f869159f8422ca795f7f30d970fddfc
https://vl63.ru/cache/jw_sigpro/jwsigpro_cache_9bc8264a9e_secret-krasot_build.jpg,cache/jw_sigpro/jwsigpro_cache_9bc8264a9e_secret-krasot_build.jpg,14560,2a14c75be0dea8852968923d40c43bb335ed9285da6924db261ddce10cf8e359
https://vl63.ru/cache/jw_sigpro/jwsigpro_cache_9bc8264a9e_secret-krasoti.jpg,cache/jw_sigpro/jwsigpro_cache_9bc8264a9e_secret-krasoti.jpg,13557,2b90065c196ff21152cdbe6f54d31e2167790fff7e8063c087c6a2622d821397
https://vl63.ru/cache/jw_sigpro/jwsigpro_cache_9c60d4e2a1_404-1.jpg,cache/jw_sigpro/jwsigpro_cache_9c60d4e2a1_404-1.jpg,4591,9af019853a5a7b3dbd2256c5cdd0ea9e2ab91de29b01f4b2ddde600a3c3e14a8
https://vl63.ru/cache/jw_sigpro/jwsigpro_cache_9c60d4e2a1_404-2.jpg,cache/jw_sigpro/jwsigpro_cache_9c60d4e2a1_404-2.jpg,6212,22c2014468b379328d11a8b33064bf51ff593958432d4722412282c3bd18ea0c
https://vl63.ru/cache/jw_sigpro/jwsigpro_cache_9c60d4e2a1_404-3.jpg,cache/jw_sigpro/jwsigpro_cache_9c60d4e2a1_404-3.jpg,5093,58072c8f655490f2faaae6e344b004fd415cfcd7ba6d051ea5cee2f9a5da7ba7
https://vl63.ru/cache/jw_sigpro/jwsigpro_cache_9c7929a9f1_402-001.jpg,cache/jw_sigpro/jwsigpro_cache_9c7929a9f1_402-001.jpg,8464,90ff986b4c5ad58a973a4405fd84ceaf0bde05348cae90c88527822df62831ec
https://vl63.ru/cache/jw_sigpro/jwsigpro_cache_9c7929a9f1_402-002.jpg,cache/jw_sigpro/jwsigpro_cache_9c7929a9f1_402-002.jpg,6548,69c1b22620bed144f6c1877f31d3dec9cca251cbff35342c5cd9235f3c0c34ae
https://vl63.ru/cache/jw_sigpro/jwsigpro_cache_9c7929a9f1_402-003.jpg,cache/jw_sigpro/jwsigpro_cache_9c7929a9f1_402-003.jpg,5171,e2038032ca52afb1a0e768b3e5dca3eed2da65b37964f4fe074d24bf347eae75
https://vl63.ru/cache/jw_sigpro/jwsigpro_cache_9c7929a9f1_402-004.jpg,cache/jw_sigpro/jwsigpro_cache_9c7929a9f1_402-004.jpg,5634,7c3875fbd31c10217456fd802674f28737386deee8fdafd5cfa034663b27e884
https://vl63.ru/cache/jw_sigpro/jwsigpro_cache_9c7929a9f1_img_61201.jpg,cache/jw_sigpro/jwsigpro_cache_9c7929a9f1_img_61201.jpg,10821,d555abc9805c70042f0cd2704b35932ead034a73ed744ff158ec41c1cc33082c
https://vl63.ru/cache/jw_sigpro/jwsigpro_cache_9f45ac33f6_121.jpg,cache/jw_sigpro/jwsigpro_cache_9f45ac33f6_121.jpg,6182,a0813571ace7d5dff3f429839ac04826e64c5876c4264d0ae254a10905ad6f1d
https://vl63.ru/cache/jw_sigpro/jwsigpro_cache_9f45ac33f6_122.jpg,cache/jw_sigpro/jwsigpro_cache_9f45ac33f6_122.jpg,5371,c46065b9ec7c348138423a7ce30404422966088d46df9bd41b1bc08c2b5ed55f
https://vl63.ru/cache/jw_sigpro/jwsigpro_cache_9f45ac33f6_123.jpg,cache/jw_sigpro/jwsigpro_cache_9f45ac33f6_123.jpg,6466,11715073caf889a1682168b2e81c2dd44d01b21d20cedc4357e809daae6c496b
https://vl63.ru/cache/jw_sigpro/jwsigpro_cache_9fc074145e_img_2824.jpg,cache/jw_sigpro/jwsigpro_cache_9fc074145e_img_2824.jpg,5029,6ec159139a4913dbd4372ef3fe674fe8dda0fa7acf291b9153d2771347d3790f
https://vl63.ru/cache/jw_sigpro/jwsigpro_cache_a0567e5486_573_lackfolie_stratch_ceiling_in_bathroom.jpg,cache/jw_sigpro/jwsigpro_cache_a0567e5486_573_lackfolie_stratch_ceiling_in_bathroom.jpg,8574,2033e1b6d83f4e35f17c5c4b62a900ee301441f5cceb8e345dd3475aec9c6539
https://vl63.ru/cache/jw_sigpro/jwsigpro_cache_a0567e5486_573_lackfolie_stratch_ceiling_in_bathroom1.jpg,cache/jw_sigpro/jwsigpro_cache_a0567e5486_573_lackfolie_stratch_ceiling_in_bathroom1.jpg,5476,75f5135ea0fdc22d88ec4f9c908472268c2f9e65cc79cc38295d011508015c22
https://vl63.ru/cache/jw_sigpro/jwsigpro_cache_a0567e5486_573_lackfolie_stratch_ceiling_in_bathroom2.jpg,cache/jw_sigpro/jwsigpro_cache_a0567e5486_573_lackfolie_stratch_ceiling_in_bathroom2.jpg,4074,28b33513770293cbb6443f858348bd8ba1b3d5aec361c3a563ab82f74809f5f6
https://vl63.ru/cache/jw_sigpro/jwsigpro_cache_a0567e5486_573_lackfolie_stratch_ceiling_in_bathroom3.jpg,cache/jw_sigpro/jwsigpro_cache_a0567e5486_573_lackfolie_stratch_ceiling_in_bathroom3.jpg,8958,8a889337019686bbc372477bcccc839d7245b28f20e78b8a174aa1b9482b0fbd
https://vl63.ru/cache/jw_sigpro/jwsigpro_cache_a28897c4fc_25.jpg,cache/jw_sigpro/jwsigpro_cache_a28897c4fc_25.jpg,9661,9f7da81d8d266270ac6d8ef8d4334068c3940f2ad3371b70cff3934df815269c
https://vl63.ru/cache/jw_sigpro/jwsigpro_cache_a28897c4fc_goluboi_potolok_v_saune_lovchiy.jpg,cache/jw_sigpro/jwsigpro_cache_a28897c4fc_goluboi_potolok_v_saune_lovchiy.jpg,7181,c5944b1c2619a9fdba4d36392f7f04d7537f41a51fe7714b1af1500285162ab2
https://vl63.ru/cache/jw_sigpro/jwsigpro_cache_a28897c4fc_lovchiy-sauna.jpg,cache/jw_sigpro/jwsigpro_cache_a28897c4fc_lovchiy-sauna.jpg,10746,1f2d454ddfad357aa78f0f4ff0053c105569b6cd293dc02c77029db9be9155c7
https://vl63.ru/cache/jw_sigpro/jwsigpro_cache_a28897c4fc_lovchiy.jpg,cache/jw_sigpro/jwsigpro_cache_a28897c4fc_lovchiy.jpg,11563,10632195098ae0a290cc1f69deebfcd3455225349c269c46af62f506960dea53
https://vl63.ru/cache/jw_sigpro/jwsigpro_cache_a28897c4fc_lovchiy_plus.jpg,cache/jw_sigpro/jwsigpro_cache_a28897c4fc_lovchiy_plus.jpg,10134,62b19b9a1e7408af32b6a46a2fa5f49d5e162a210cce9fbccf833ad863d4cbe4
https://vl63.ru/cache/jw_sigpro/jwsigpro_cache_a28897c4fc_siniy_potolok_nad_basseinom.jpg,cache/jw_sigpro/jwsigpro_cache_a28897c4fc_siniy_potolok_nad_basseinom.jpg,8424,66c107da6abf750409cb27405dab6333598c83370aac4ba2075d6f468ff9ef61
https://vl63.ru/cache/jw_sigpro/jwsigpro_cache_a3852326c6_natyazhnye_potolki_104_tsvet.jpg,cache/jw_sigpro/jwsigpro_cache_a3852326c6_natyazhnye_potolki_104_tsvet.jpg,6699,136c789f4dd6750e3c048404f727399b3ccd59f1ebfb0632d0dc636e74150be3
https://vl63.ru/cache/jw_sigpro/jwsigpro_cache_a42ca5658e_b1.jpg,cache/jw_sigpro/jwsigpro_cache_a42ca5658e_b1.jpg,8286,728bc2cfe3624027822c1b2c8b4b01060dd8aa928d486a2cf2441d7385e6b04d
https://vl63.ru/cache/jw_sigpro/jwsigpro_cache_a42ca5658e_b2.jpg,cache/jw_sigpro/jwsigpro_cache_a42ca5658e_b2.jpg,7920,c30b2e0b49fa662ef188642dac15089a6408cf1729c308979a51691e4ea268ad
https://vl63.ru/cache/jw_sigpro/jwsigpro_cache_a68e2e327f_34.jpg,cache/jw_sigpro/jwsigpro_cache_a68e2e327f_34.jpg,8735,e1fc4bd6dd3b002aa03a62aee1a2e8209cc41c0320d0e8902a642861fadfc016
https://vl63.ru/cache/jw_sigpro/jwsigpro_cache_a68e2e327f_35.jpg,cache/jw_sigpro/jwsigpro_cache_a68e2e327f_35.jpg,10986,d0837204f60e470ca0980e6f33cc6f13f75d2fedd31d1218275010ae5120c4e6
https://vl63.ru/cache/jw_sigpro/jwsigpro_cache_a7493065ce_36.jpg,cache/jw_sigpro/jwsigpro_cache_a7493065ce_36.jpg,8180,17b741c57c5ab95ed2a62ab991942bb5a799be97ef3efa82119bf49ae6a6cb5a
https://vl63.ru/cache/jw_sigpro/jwsigpro_cache_a7493065ce_37.jpg,cache/jw_sigpro/jwsigpro_cache_a7493065ce_37.jpg,14280,276bd339342b0b0100a79831e5a8b5d7f25e3513c40902844aac89855c4653f9
https://vl63.ru/cache/jw_sigpro/jwsigpro_cache_a7493065ce_38.jpg,cache/jw_sigpro/jwsigpro_cache_a7493065ce_38.jpg,11720,b02072e3b4f45a4cf158f5276891de25143727643b850b1c86296347c97e8578
https://vl63.ru/cache/jw_sigpro/jwsigpro_cache_a77b2949d8_sinie_natjazhnye_potolki_120_lack_pongs.jpg,cache/jw_sigpro/jwsigpro_cache_a77b2949d8_sinie_natjazhnye_potolki_120_lack_pongs.jpg,5125,dc48efcef32545136de51f1f47cdc14a987d96842451b52a521f52efcac3d6bc
https://vl63.ru/cache/jw_sigpro/jwsigpro_cache_a880bc5451_fiolet_cvet_potolka_201_lackfolie.jpg,cache/jw_sigpro/jwsigpro_cache_a880bc5451_fiolet_cvet_potolka_201_lackfolie.jpg,4412,23502c164cad8af44d2d6c8908ac4eefefc771d8b2a3d764466f730860bb1bbc
https://vl63.ru/cache/jw_sigpro/jwsigpro_cache_a880bc5451_img_2824.jpg,cache/jw_sigpro/jwsigpro_cache_a880bc5451_img_2824.jpg,5029,6ec159139a4913dbd4372ef3fe674fe8dda0fa7acf291b9153d2771347d3790f
https://vl63.ru/cache/jw_sigpro/jwsigpro_cache_a9f8ff51af_231_tsvet_plenki_pvc.jpg,cache/jw_sigpro/jwsigpro_cache_a9f8ff51af_231_tsvet_plenki_pvc.jpg,6521,e1c2ca50d7a529c5a86c2c4412121e039c13f955274d75a6961081b2d37997d3
https://vl63.ru/cache/jw_sigpro/jwsigpro_cache_abd6d49997____.jpg,cache/jw_sigpro/jwsigpro_cache_abd6d49997____.jpg,4341,c9f69e47a9542252cd96f0a1f43d0687af2de1b1366485541f8be6608e36a7a3
https://vl63.ru/cache/jw_sigpro/jwsigpro_cache_abd6d49997__mg_6633.jpg,cache/jw_sigpro/jwsigpro_cache_abd6d49997__mg_6633.jpg,7709,2ec9f341c2b5daf0f5f28ff3e6b965508f7bea3d0f17be55f6d29f2bebf36458
https://vl63.ru/cache/jw_sigpro/jwsigpro_cache_abd6d49997_fotopechat_na_natjazhnom_potolke_gljanez.jpg,cache/jw_sigpro/jwsigpro_cache_abd6d49997_fotopechat_na_natjazhnom_potolke_gljanez.jpg,8079,12f8a339e68aa3ca5d8bc2479cca7dddadaa1d12f12eeb227216cc50ce9ed7fd
https://vl63.ru/cache/jw_sigpro/jwsigpro_cache_abd6d49997_fotopechat_na_natjazhnom_potolke_satin.jpg,cache/jw_sigpro/jwsigpro_cache_abd6d49997_fotopechat_na_natjazhnom_potolke_satin.jpg,8154,635ebbf57ef8ac54738a90240c4d678d9200caa473ee7e6124db87e9df8a8d0d
https://vl63.ru/cache/jw_sigpro/jwsigpro_cache_abd6d49997_img_0519.jpg,cache/jw_sigpro/jwsigpro_cache_abd6d49997_img_0519.jpg,8193,90c8e42fe253816838bdbccab5fd5c98535182d3b243e7888f72065dc750ed2c
https://vl63.ru/cache/jw_sigpro/jwsigpro_cache_abd6d49997_img_0524.jpg,cache/jw_sigpro/jwsigpro_cache_abd6d49997_img_0524.jpg,9388,1bbbfe91f2d2b73981a46b95a1099a1bf8b5ffd50252c9c2395e2543f4803c31
https://vl63.ru/cache/jw_sigpro/jwsigpro_cache_abd6d49997_img_3077.jpg,cache/jw_sigpro/jwsigpro_cache_abd6d49997_img_3077.jpg,7080,36862165f3f0d7bca40711c70e0a3c618d56666d22901eac6056a1ae2df704e9
https://vl63.ru/cache/jw_sigpro/jwsigpro_cache_abd6d49997_img_3093.jpg,cache/jw_sigpro/jwsigpro_cache_abd6d49997_img_3093.jpg,3843,dc7fb2ebfc273138f6b792b701dc4eb3fced6cf4afb8a606fe19bf422980cc69
https://vl63.ru/cache/jw_sigpro/jwsigpro_cache_abd6d49997_zvezdnoe_nebo_na_zamshe.jpg,cache/jw_sigpro/jwsigpro_cache_abd6d49997_zvezdnoe_nebo_na_zamshe.jpg,6503,3e7053f2552a5ec760c52a3befc8d2ce815e7aac85cb83d88216e047821453be
https://vl63.ru/cache/jw_sigpro/jwsigpro_cache_ad17e9f23e_571_pongs.jpg,cache/jw_sigpro/jwsigpro_cache_ad17e9f23e_571_pongs.jpg,7197,1271f35dda4d8d40afa6af32a6c16ad5ebf240b1a451df12e6911f908505af5d
https://vl63.ru/cache/jw_sigpro/jwsigpro_cache_ad17e9f23e_571_pongs_lacfolie.jpg,cache/jw_sigpro/jwsigpro_cache_ad17e9f23e_571_pongs_lacfolie.jpg,7065,145b49768f55c6a3caf3189dabd24f40531518f937e203802d86c41db12b8742
https://vl63.ru/cache/jw_sigpro/jwsigpro_cache_ad17e9f23e_571_pongs_lacfolie_lesyaja_sloboda.jpg,cache/jw_sigpro/jwsigpro_cache_ad17e9f23e_571_pongs_lacfolie_lesyaja_sloboda.jpg,7299,c169332418097ce8e410dc85ab9850a8d36b03f3ee36d56ed94f877b4e83dab8
https://vl63.ru/cache/jw_sigpro/jwsigpro_cache_ad17e9f23e__mg_2329.jpg,cache/jw_sigpro/jwsigpro_cache_ad17e9f23e__mg_2329.jpg,3710,1b1539c8d9825972a462b0701411035388330390965e3f37a8551c0d2a9eb142
https://vl63.ru/cache/jw_sigpro/jwsigpro_cache_ad5daa4a05_0011.jpg,cache/jw_sigpro/jwsigpro_cache_ad5daa4a05_0011.jpg,6828,958a3ae5593df0257fb38f1f95c775762f36684a341eceb8b1ca3dadd52feb7b
https://vl63.ru/cache/jw_sigpro/jwsigpro_cache_ad5daa4a05_0021.jpg,cache/jw_sigpro/jwsigpro_cache_ad5daa4a05_0021.jpg,7814,e5418bcc0bc075353c91dfeb2e9669573105e242771a8a037ccb0ed6e1717d2e
https://vl63.ru/cache/jw_sigpro/jwsigpro_cache_ad5daa4a05_0031.jpg,cache/jw_sigpro/jwsigpro_cache_ad5daa4a05_0031.jpg,8450,12ee28c14d5cf4cb2579a2287da77f457a71dd5c67a3b177f0392caa3c50d2ab
https://vl63.ru/cache/jw_sigpro/jwsigpro_cache_b0050746fc_478-01.jpg,cache/jw_sigpro/jwsigpro_cache_b0050746fc_478-01.jpg,9305,0678a8c4a2e0082a1e42f2ad0f9d3ae0152aedeb321c649a7c2cbf66f6e84361
https://vl63.ru/cache/jw_sigpro/jwsigpro_cache_b0050746fc_478-02.jpg,cache/jw_sigpro/jwsigpro_cache_b0050746fc_478-02.jpg,11787,053cbb46ebdd49c7e34f1c51dee23afb93ff2d85e631135b15e76084d69a7684
https://vl63.ru/cache/jw_sigpro/jwsigpro_cache_b0050746fc_478-03.jpg,cache/jw_sigpro/jwsigpro_cache_b0050746fc_478-03.jpg,5722,9af236d16dfddf0e39e71820a828616766f136a845d6d18c2fc02b355f3dc1eb
https://vl63.ru/cache/jw_sigpro/jwsigpro_cache_b0050746fc_478-04.jpg,cache/jw_sigpro/jwsigpro_cache_b0050746fc_478-04.jpg,5573,166ff183c562cede6cadedca8bd9fe816b73e4da3cebbe2878320bb5fb42ff7e
https://vl63.ru/cache/jw_sigpro/jwsigpro_cache_b0050746fc_img_6173.jpg,cache/jw_sigpro/jwsigpro_cache_b0050746fc_img_6173.jpg,5642,dc36a6968a93a8d959de601ecd2a5892116fc184bb948ea9e6db0dc4df06fc5d
https://vl63.ru/cache/jw_sigpro/jwsigpro_cache_b0050746fc_lackfolie-478_kitchen-1.jpg,cache/jw_sigpro/jwsigpro_cache_b0050746fc_lackfolie-478_kitchen-1.jpg,5665,7b423b6715518688caa16def58cc982473c15cf7f30e7b8145003a3a1c8d91b9
https://vl63.ru/cache/jw_sigpro/jwsigpro_cache_b0050746fc_lackfolie-478_kitchen.jpg,cache/jw_sigpro/jwsigpro_cache_b0050746fc_lackfolie-478_kitchen.jpg,5673,e840bc3ee11362abc5262b88a48ae5aa6b5ce259a2db75bf66b00feb44497385
https://vl63.ru/cache/jw_sigpro/jwsigpro_cache_b319217737_83.jpg,cache/jw_sigpro/jwsigpro_cache_b319217737_83.jpg,9724,35c684bca5ab71ab3f70eef6959a9af2aa98cad11ee361d32001853d54585287
https://vl63.ru/cache/jw_sigpro/jwsigpro_cache_b319217737_84.jpg,cache/jw_sigpro/jwsigpro_cache_b319217737_84.jpg,12238,e261039173e610b72fe4050322a8ef93e9a397a0da6183475acf921a6edc3f4e
https://vl63.ru/cache/jw_sigpro/jwsigpro_cache_b319217737_85.jpg,cache/jw_sigpro/jwsigpro_cache_b319217737_85.jpg,13184,9a78ff45d799d3b90b927e0f3b9444df66c77a846d0e6e4182ed3e1522d26fda
https://vl63.ru/cache/jw_sigpro/jwsigpro_cache_b319217737_86.jpg,cache/jw_sigpro/jwsigpro_cache_b319217737_86.jpg,13459,2d37d109a213a3ef99cc91b45d71798fd22e185e6d592be62f79ae7466b753ec
https://vl63.ru/cache/jw_sigpro/jwsigpro_cache_b319217737_bordo_lak_potolok_salon_krasoty.jpg,cache/jw_sigpro/jwsigpro_cache_b319217737_bordo_lak_potolok_salon_krasoty.jpg,7001,70bb0ace2c7c6b47c81f488e4f2a8e0ae334b335fd9a19d0b3fe9517ad843989
https://vl63.ru/cache/jw_sigpro/jwsigpro_cache_b319217737_reception_with_stratch_ceiling.jpg,cache/jw_sigpro/jwsigpro_cache_b319217737_reception_with_stratch_ceiling.jpg,10616,59552e4fe79da5145a78e5ed533b29b1e23856bae1381a90b29db1646728c114
https://vl63.ru/cache/jw_sigpro/jwsigpro_cache_b319217737_secret-krasot.jpg,cache/jw_sigpro/jwsigpro_cache_b319217737_secret-krasot.jpg,15186,ab48c6bb7168c98a5ce111c61f66414a4f869159f8422ca795f7f30d970fddfc
https://vl63.ru/cache/jw_sigpro/jwsigpro_cache_b319217737_secret-krasot_build.jpg,cache/jw_sigpro/jwsigpro_cache_b319217737_secret-krasot_build.jpg,14560,2a14c75be0dea8852968923d40c43bb335ed9285da6924db261ddce10cf8e359
https://vl63.ru/cache/jw_sigpro/jwsigpro_cache_b319217737_secret-krasoti.jpg,cache/jw_sigpro/jwsigpro_cache_b319217737_secret-krasoti.jpg,13557,2b90065c196ff21152cdbe6f54d31e2167790fff7e8063c087c6a2622d821397
https://vl63.ru/cache/jw_sigpro/jwsigpro_cache_b3931bf9f1_162.jpg,cache/jw_sigpro/jwsigpro_cache_b3931bf9f1_162.jpg,11972,c0519fe4b1072409cb44d7d53916b0a8df0dca3e292eecc09607a54991f1f04b
https://vl63.ru/cache/jw_sigpro/jwsigpro_cache_b3931bf9f1_img_6167.jpg,cache/jw_sigpro/jwsigpro_cache_b3931bf9f1_img_6167.jpg,14417,94d67adc62eb01715b7c44f65880f3702ad42b0f688d50ca6eb81296edc4bbcf
https://vl63.ru/cache/jw_sigpro/jwsigpro_cache_b3931bf9f1_img_8555.jpg,cache/jw_sigpro/jwsigpro_cache_b3931bf9f1_img_8555.jpg,13955,96d23bafdb7668881b794f36ed2e779f5d0c49bd4c6db324e8ebfb2b68e215a3
https://vl63.ru/cache/jw_sigpro/jwsigpro_cache_b3931bf9f1_img_8556.jpg,cache/jw_sigpro/jwsigpro_cache_b3931bf9f1_img_8556.jpg,13674,46391d47ebfa8856d6a96b0c87286035d01adb0ef65137f6c9d771e5bd7b5eea
https://vl63.ru/cache/jw_sigpro/jwsigpro_cache_b64174e71f_231_tsvet_plenki_pvc.jpg,cache/jw_sigpro/jwsigpro_cache_b64174e71f_231_tsvet_plenki_pvc.jpg,6521,e1c2ca50d7a529c5a86c2c4412121e039c13f955274d75a6961081b2d37997d3
https://vl63.ru/cache/jw_sigpro/jwsigpro_cache_b954b66c56_555_komnata.jpg,cache/jw_sigpro/jwsigpro_cache_b954b66c56_555_komnata.jpg,5527,4272e12b5118ea592af67d3052ea33d8e6f714a0eb9c81fb5262d260571ba627
https://vl63.ru/cache/jw_sigpro/jwsigpro_cache_b954b66c56_555_koridor.jpg,cache/jw_sigpro/jwsigpro_cache_b954b66c56_555_koridor.jpg,6421,2cf1c5624fb4250730f06d0c4719dcb89e92a633c3d7717bd30a0338b6a22156
https://vl63.ru/cache/jw_sigpro/jwsigpro_cache_b954b66c56_555_vannaya.jpg,cache/jw_sigpro/jwsigpro_cache_b954b66c56_555_vannaya.jpg,10320,670f2bc171c91cf3ceb86690b32b518eecde5a7bcab19ea095cf81a389f4ee48
https://vl63.ru/cache/jw_sigpro/jwsigpro_cache_b9c5960670_227-lackfolie-plenka-potolok-v-vannoj.jpg,cache/jw_sigpro/jwsigpro_cache_b9c5960670_227-lackfolie-plenka-potolok-v-vannoj.jpg,6318,534235446df77d000b93073ba94e8a04776a09e88c01a6b5b68bea5420d22735
https://vl63.ru/cache/jw_sigpro/jwsigpro_cache_bf3202352b_24.jpg,cache/jw_sigpro/jwsigpro_cache_bf3202352b_24.jpg,9611,167faaccd1b5123481f15bdb032e781f03cd21fe0641b4a1ca731f31e9b80d3f
https://vl63.ru/cache/jw_sigpro/jwsigpro_cache_bf3202352b_hall.jpg,cache/jw_sigpro/jwsigpro_cache_bf3202352b_hall.jpg,11946,607292ac30cfb6d630c585e251b85ff889fe99191d1d02556ffcf5e2b4a56726
https://vl63.ru/cache/jw_sigpro/jwsigpro_cache_c04a333ba9_11.jpg,cache/jw_sigpro/jwsigpro_cache_c04a333ba9_11.jpg,10214,f8b06430efae77c3035a068e27436313c30f9a7bb9516ee32f12cb007dc5a9a3
https://vl63.ru/cache/jw_sigpro/jwsigpro_cache_c04a333ba9_12.jpg,cache/jw_sigpro/jwsigpro_cache_c04a333ba9_12.jpg,7901,29069b6042dee6ff82fa740543668d1406da2140b794c328128d7f65f28b2bed
https://vl63.ru/cache/jw_sigpro/jwsigpro_cache_c04a333ba9_13.jpg,cache/jw_sigpro/jwsigpro_cache_c04a333ba9_13.jpg,10314,01c2fb585c59cf0085f7594974eabc0fd7907e6a15a3396ff4827209f0cd52b3
https://vl63.ru/cache/jw_sigpro/jwsigpro_cache_c04a333ba9_emerald-hotel.jpg,cache/jw_sigpro/jwsigpro_cache_c04a333ba9_emerald-hotel.jpg,11361,928a2437c4bdbf2f7b86426b18997c7fa1ebb108b70fc2b3944318239dda3a63
https://vl63.ru/cache/jw_sigpro/jwsigpro_cache_c04a333ba9_emerald-hotel_1-floor.jpg,cache/jw_sigpro/jwsigpro_cache_c04a333ba9_emerald-hotel_1-floor.jpg,13931,3641c6a02836590a0a7e6364bf6a9ecb8ca6188b97fc36cdc37fb66bd7eb2342
https://vl63.ru/cache/jw_sigpro/jwsigpro_cache_c04a333ba9_emerald-hotel_batroom.jpg,cache/jw_sigpro/jwsigpro_cache_c04a333ba9_emerald-hotel_batroom.jpg,9165,077744ffe9af35e3c897a72afba575b4233835377b1edb7d8fe3c01c0a1382fe
https://vl63.ru/cache/jw_sigpro/jwsigpro_cache_c04a333ba9_emerald-hotel_blue_lak.jpg,cache/jw_sigpro/jwsigpro_cache_c04a333ba9_emerald-hotel_blue_lak.jpg,11568,71006e57f8427eb51f58bebbc28a62b6f93c00949e8e779714699fd52a574709
https://vl63.ru/cache/jw_sigpro/jwsigpro_cache_c04a333ba9_emerald-hotel_night.jpg,cache/jw_sigpro/jwsigpro_cache_c04a333ba9_emerald-hotel_night.jpg,9787,cc8a5fd51816e423367bf65083c2c7499d066fd07a865350c61a4ff7c68398bb
https://vl63.ru/cache/jw_sigpro/jwsigpro_cache_c04a333ba9_emerald-hotel_restraunt.jpg,cache/jw_sigpro/jwsigpro_cache_c04a333ba9_emerald-hotel_restraunt.jpg,10657,967b443859402cdc973dcf2a1a1a7d4bed93d86a61cf003b8235a61b152aa1c8
https://vl63.ru/cache/jw_sigpro/jwsigpro_cache_c04a333ba9_emerald-hotel_room.jpg,cache/jw_sigpro/jwsigpro_cache_c04a333ba9_emerald-hotel_room.jpg,9528,7650a3e884833cd6c31bf0b3aa6c682eb15ffe1232e2b93088146b34989df1dc
https://vl63.ru/cache/jw_sigpro/jwsigpro_cache_c04a333ba9_emerald.jpg,cache/jw_sigpro/jwsigpro_cache_c04a333ba9_emerald.jpg,11805,0fadc5c5bd8ab8029c7c613107f11bcf1e2c3801e187cfccf550475367805627
https://vl63.ru/cache/jw_sigpro/jwsigpro_cache_c04a333ba9_emerald_1-floor.jpg,cache/jw_sigpro/jwsigpro_cache_c04a333ba9_emerald_1-floor.jpg,13931,3641c6a02836590a0a7e6364bf6a9ecb8ca6188b97fc36cdc37fb66bd7eb2342
https://vl63.ru/cache/jw_sigpro/jwsigpro_cache_c04a333ba9_emerald_bathroom.jpg,cache/jw_sigpro/jwsigpro_cache_c04a333ba9_emerald_bathroom.jpg,8303,f44bef664c955a9571e5bfde9e896670dfd286d9a42d52c24db952c7b04d1d27
https://vl63.ru/cache/jw_sigpro/jwsigpro_cache_c04a333ba9_emerald_green-lak.jpg,cache/jw_sigpro/jwsigpro_cache_c04a333ba9_emerald_green-lak.jpg,10676,d7d7ad8982732a36d1aada83eb82e7364fa21af56a97d630896a1f4185c1b9a3
https://vl63.ru/cache/jw_sigpro/jwsigpro_cache_c04a333ba9_emerald_hotel.jpg,cache/jw_sigpro/jwsigpro_cache_c04a333ba9_emerald_hotel.jpg,8914,0f6140d28d01830c632cb5e1cc0b62faab6711e25d1b8409bd627904272c3248
https://vl63.ru/cache/jw_sigpro/jwsigpro_cache_c04a333ba9_emerald_hotel_restraunt.jpg,cache/jw_sigpro/jwsigpro_cache_c04a333ba9_emerald_hotel_restraunt.jpg,10832,e9afeeeb30638c1ee5270753a30e7c3333f8c2a2c2ea96dfee8d158f6fcae2e5
https://vl63.ru/cache/jw_sigpro/jwsigpro_cache_c04a333ba9_emerald_restraunt.jpg,cache/jw_sigpro/jwsigpro_cache_c04a333ba9_emerald_restraunt.jpg,11663,9be9d40fc70126571542462a1226364a1813dfe89f24e20e59d58a474659b309
https://vl63.ru/cache/jw_sigpro/jwsigpro_cache_c04a333ba9_natjazhnoi_potolok_rjadom_s_saunoi.jpg,cache/jw_sigpro/jwsigpro_cache_c04a333ba9_natjazhnoi_potolok_rjadom_s_saunoi.jpg,8688,dad4739810bb0e44dae4b97d10872b8a041a73662e25666688bb55b4ea670dcb
https://vl63.ru/cache/jw_sigpro/jwsigpro_cache_c07b96f6bb_matoviy.jpg,cache/jw_sigpro/jwsigpro_cache_c07b96f6bb_matoviy.jpg,6449,b21304153fb76c3c6e202abce0e3c5e354f29b56799db9a14386a3d7cc83550e
https://vl63.ru/cache/jw_sigpro/jwsigpro_cache_c07b96f6bb_satinoviy.jpg,cache/jw_sigpro/jwsigpro_cache_c07b96f6bb_satinoviy.jpg,7047,3038a4362bbe79ab5851262159f7d00258ddf3853bf8f3c6d8632402873cf975
https://vl63.ru/cache/jw_sigpro/jwsigpro_cache_c3e4be417c_image00001.jpg,cache/jw_sigpro/jwsigpro_cache_c3e4be417c_image00001.jpg,7436,2353f41b145453a59a63b121f2065a834bd43d61494854490cb97c80f8d8db6c
https://vl63.ru/cache/jw_sigpro/jwsigpro_cache_c3e4be417c_image00002.jpg,cache/jw_sigpro/jwsigpro_cache_c3e4be417c_image00002.jpg,9140,5035bb1d4d6f6650c65319b2b11eab905a3ec2c0dffe45f21607e57bcca8494a
https://vl63.ru/cache/jw_sigpro/jwsigpro_cache_c3e4be417c_image00003.jpg,cache/jw_sigpro/jwsigpro_cache_c3e4be417c_image00003.jpg,4697,a44a2312e3f75f09cb5de4a5fa561c6b56cdc0be6ca9e497477eed1e45a46552
https://vl63.ru/cache/jw_sigpro/jwsigpro_cache_c3e4be417c_image00004.jpg,cache/jw_sigpro/jwsigpro_cache_c3e4be417c_image00004.jpg,6005,f27a9997d70618ede5b120461d48f77725fe5d95116991e78b17ddbd05712802
https://vl63.ru/cache/jw_sigpro/jwsigpro_cache_c3e4be417c_image00005.jpg,cache/jw_sigpro/jwsigpro_cache_c3e4be417c_image00005.jpg,6380,ea594817d6cfd8c9975b2e8e7b285d0b2571be1de6980e8c29f196c720b35b97
https://vl63.ru/cache/jw_sigpro/jwsigpro_cache_c3e4be417c_image00006.jpg,cache/jw_sigpro/jwsigpro_cache_c3e4be417c_image00006.jpg,8728,29364861469ac111f263be084c563074568286631d040a87b3ed61a2cac9b145
https://vl63.ru/cache/jw_sigpro/jwsigpro_cache_c3e4be417c_image00007.jpg,cache/jw_sigpro/jwsigpro_cache_c3e4be417c_image00007.jpg,5906,984911dd594b528d4c8f0da77e160c1eab4104b705913942004356f8c276ad79
https://vl63.ru/cache/jw_sigpro/jwsigpro_cache_c3e4be417c_image00008.jpg,cache/jw_sigpro/jwsigpro_cache_c3e4be417c_image00008.jpg,8981,3a191706e0236aa7b41ff1bc7c8c47940d4c260267df8f3aa7305543c2a3e977
https://vl63.ru/cache/jw_sigpro/jwsigpro_cache_c3e4be417c_image00009.jpg,cache/jw_sigpro/jwsigpro_cache_c3e4be417c_image00009.jpg,8491,d8c50c8ea87802701df4617abde3e53e66a12c8f6209e5f4954165242723488d
https://vl63.ru/cache/jw_sigpro/jwsigpro_cache_c3e4be417c_image00010.jpg,cache/jw_sigpro/jwsigpro_cache_c3e4be417c_image00010.jpg,5481,64432d3369f491b028f51a3d84b93e007df2e63c4f824b4cf94666fff8364e7d
https://vl63.ru/cache/jw_sigpro/jwsigpro_cache_c3e4be417c_image00011.jpg,cache/jw_sigpro/jwsigpro_cache_c3e4be417c_image00011.jpg,8867,a3348ded738eccc032c9f7297235cfd3d5c8f295a479b9d8ee549c1c565eaf42
https://vl63.ru/cache/jw_sigpro/jwsigpro_cache_c3e4be417c_image00012.jpg,cache/jw_sigpro/jwsigpro_cache_c3e4be417c_image00012.jpg,9866,2a1726b9e578bc686cc67cf96e06d88e5bf402ecb0d7afc38daec281acb7f371
https://vl63.ru/cache/jw_sigpro/jwsigpro_cache_c3e4be417c_image00013.jpg,cache/jw_sigpro/jwsigpro_cache_c3e4be417c_image00013.jpg,10383,6f8ecef016b87d3d78e06e983cf45d72d012017a5e71884c00653d70f3661335
https://vl63.ru/cache/jw_sigpro/jwsigpro_cache_c3e4be417c_image00014.jpg,cache/jw_sigpro/jwsigpro_cache_c3e4be417c_image00014.jpg,7951,b01ab79626faa743a0be58fa49d12a116ed18c7acb79fed00c3e16c6f50d1066
https://vl63.ru/cache/jw_sigpro/jwsigpro_cache_c3e4be417c_image00015.jpg,cache/jw_sigpro/jwsigpro_cache_c3e4be417c_image00015.jpg,7892,ca7de70fc70585e70379f4d79097a3a7755a167a9f930da360c2c85ca75bbaae
https://vl63.ru/cache/jw_sigpro/jwsigpro_cache_c3e4be417c_image00016.jpg,cache/jw_sigpro/jwsigpro_cache_c3e4be417c_image00016.jpg,8413,ad86bfe2608712c33e14733687bcaedc8e8125fd2ae4c4041d61d8a0c820cc0b
https://vl63.ru/cache/jw_sigpro/jwsigpro_cache_c3e4be417c_image00017.jpg,cache/jw_sigpro/jwsigpro_cache_c3e4be417c_image00017.jpg,5206,a935f5d5019ae8879a7d3d9647f48129f796a72486dba3f442ff19d35500be01
https://vl63.ru/cache/jw_sigpro/jwsigpro_cache_c3e4be417c_image00018.jpg,cache/jw_sigpro/jwsigpro_cache_c3e4be417c_image00018.jpg,10433,2af5234248b1edeb2e4dfb51b7baee6679c2635925b5cbd3425042a0a851ad75
https://vl63.ru/cache/jw_sigpro/jwsigpro_cache_c3e4be417c_image00019.jpg,cache/jw_sigpro/jwsigpro_cache_c3e4be417c_image00019.jpg,10143,e98d81178d85481aa126426a894d1c91e5c3183b4fdab258388164887d83461c
https://vl63.ru/cache/jw_sigpro/jwsigpro_cache_c3e4be417c_image00020.jpg,cache/jw_sigpro/jwsigpro_cache_c3e4be417c_image00020.jpg,6452,852e0b4a528473c99281e0d9c32a3b83a1b774ab74bb2af99e3e81a52f05acb5
https://vl63.ru/cache/jw_sigpro/jwsigpro_cache_c3e4be417c_image00021.jpg,cache/jw_sigpro/jwsigpro_cache_c3e4be417c_image00021.jpg,5781,34e43733e4dd299427c38acf8acf2ce874c711745fe2daae3b33f2bd0cda417f
https://vl63.ru/cache/jw_sigpro/jwsigpro_cache_c3e4be417c_image00022.jpg,cache/jw_sigpro/jwsigpro_cache_c3e4be417c_image00022.jpg,6643,653a38a73b5a5a298896bc23e7f0d0837bba91b12d14f7221e528b16cf8191ae
https://vl63.ru/cache/jw_sigpro/jwsigpro_cache_c3e4be417c_image00023.jpg,cache/jw_sigpro/jwsigpro_cache_c3e4be417c_image00023.jpg,7202,97faabf195b2c178a3c1c04e38d4a7c9a635d14f7b9b62d3aef2f2f837baa7b1
https://vl63.ru/cache/jw_sigpro/jwsigpro_cache_c3e4be417c_image00024.jpg,cache/jw_sigpro/jwsigpro_cache_c3e4be417c_image00024.jpg,10549,ab50eb678aa27d636766a6be7c1ef2ad16c8261471d2a5feee5a1e6bb04abdc0
https://vl63.ru/cache/jw_sigpro/jwsigpro_cache_c3e4be417c_image00025.jpg,cache/jw_sigpro/jwsigpro_cache_c3e4be417c_image00025.jpg,10046,3f6c952e84dd7a1f7a2c501efcde6c92086123464284db449bad937322ac66d7
https://vl63.ru/cache/jw_sigpro/jwsigpro_cache_c3e4be417c_image00026.jpg,cache/jw_sigpro/jwsigpro_cache_c3e4be417c_image00026.jpg,11206,cc284f25dec108caa36a817b5c453bef2e257b92fbd8e3059238c435892a3bca
https://vl63.ru/cache/jw_sigpro/jwsigpro_cache_c3e4be417c_image00027.jpg,cache/jw_sigpro/jwsigpro_cache_c3e4be417c_image00027.jpg,11962,6dcb0fddd073057702e1803dd9b47c00e1baa3ac7f7171e6cc4d3ea523d951f0
https://vl63.ru/cache/jw_sigpro/jwsigpro_cache_c3e4be417c_image00028.jpg,cache/jw_sigpro/jwsigpro_cache_c3e4be417c_image00028.jpg,9178,9f0e04f991b905df2d648ac0e470df0d45fb3ee5ed24a9fd391706cb8d5ea7b1
https://vl63.ru/cache/jw_sigpro/jwsigpro_cache_c3e4be417c_image00029.jpg,cache/jw_sigpro/jwsigpro_cache_c3e4be417c_image00029.jpg,10000,ca0c7a5359db3035e8150377ad51d285d23464715d8f218799b07109105c3dbe
https://vl63.ru/cache/jw_sigpro/jwsigpro_cache_c3e4be417c_image00030.jpg,cache/jw_sigpro/jwsigpro_cache_c3e4be417c_image00030.jpg,11280,0776dc5e3dc17539ff72a841bc6392559fafd16af775ab8332cb2df2101667e2
https://vl63.ru/cache/jw_sigpro/jwsigpro_cache_c3e4be417c_image00031.jpg,cache/jw_sigpro/jwsigpro_cache_c3e4be417c_image00031.jpg,11128,b4dcba1bf4294ec49793ba2345e57771debef555b14c5c2aad0497299ef3ff97
https://vl63.ru/cache/jw_sigpro/jwsigpro_cache_c3e4be417c_image00032.jpg,cache/jw_sigpro/jwsigpro_cache_c3e4be417c_image00032.jpg,7457,524f6796e320d9313b2eefac21af5280849ec9b3664d40764fd429f76a730505
https://vl63.ru/cache/jw_sigpro/jwsigpro_cache_c3e4be417c_image00033.jpg,cache/jw_sigpro/jwsigpro_cache_c3e4be417c_image00033.jpg,6182,cd19b9c743dfc535a96d21957faf1ff59b1faba5c236bf892b4d4951d9d1a513
https://vl63.ru/cache/jw_sigpro/jwsigpro_cache_c41bd385ef_2105.jpg,cache/jw_sigpro/jwsigpro_cache_c41bd385ef_2105.jpg,3869,8a61db2f394117c35e41d4cd650cce9ed2bcc21c0769b1a9bba1989c7ea6bd4b
https://vl63.ru/cache/jw_sigpro/jwsigpro_cache_c41bd385ef_2107.jpg,cache/jw_sigpro/jwsigpro_cache_c41bd385ef_2107.jpg,3253,e49db5ac7020051453bb08b52f7ce96fca2e9ac27c4ae88390ce2ce31e77f4ea
https://vl63.ru/cache/jw_sigpro/jwsigpro_cache_c41bd385ef_2112.jpg,cache/jw_sigpro/jwsigpro_cache_c41bd385ef_2112.jpg,4037,3807a44872125e525f1d0b557002970ae512fab15afdadb37fbe50578c93cf5d
https://vl63.ru/cache/jw_sigpro/jwsigpro_cache_c41bd385ef_2124.jpg,cache/jw_sigpro/jwsigpro_cache_c41bd385ef_2124.jpg,3546,51b9e4d5c38be9523d390fd9c230d5a039e252ae93c58178acdc1feed404ac7f
https://vl63.ru/cache/jw_sigpro/jwsigpro_cache_c41bd385ef_2125.jpg,cache/jw_sigpro/jwsigpro_cache_c41bd385ef_2125.jpg,4442,8586341d7abeeba6c79a5f007182032ff8795099f4309f54ab350f56ca8f7f05
https://vl63.ru/cache/jw_sigpro/jwsigpro_cache_c41bd385ef_2127.jpg,cache/jw_sigpro/jwsigpro_cache_c41bd385ef_2127.jpg,3760,0f3663d665221a7306468073690889a16cde8742ddec5aa289693445de450ea0
https://vl63.ru/cache/jw_sigpro/jwsigpro_cache_c41bd385ef_2130.jpg,cache/jw_sigpro/jwsigpro_cache_c41bd385ef_2130.jpg,5643,6821ce4975348fee034b7423227b8be3167749592a2bc501ce19a50a52057e30
https://vl63.ru/cache/jw_sigpro/jwsigpro_cache_c447bfe806_001.jpg,cache/jw_sigpro/jwsigpro_cache_c447bfe806_001.jpg,9430,022864520a0e2cefc6d2ae9fd08e591d5f79ceaca147f9c4925b58e6b1f60036
https://vl63.ru/cache/jw_sigpro/jwsigpro_cache_c447bfe806_002.jpg,cache/jw_sigpro/jwsigpro_cache_c447bfe806_002.jpg,4730,b86c671cde64ed4a68517008dc0bfcdf3407a1c83edf02e50b8cd195d073ed78
https://vl63.ru/cache/jw_sigpro/jwsigpro_cache_c447bfe806_003.jpg,cache/jw_sigpro/jwsigpro_cache_c447bfe806_003.jpg,14719,9e0cc8abca99086060a0498783fc6ab4e1e5c198dbf0411a27bfb22256c837f8
https://vl63.ru/cache/jw_sigpro/jwsigpro_cache_c447bfe806_005.jpg,cache/jw_sigpro/jwsigpro_cache_c447bfe806_005.jpg,9831,84fb54d5a72a9ea55c7ebfe188e0bd76305ef6a234fbc9c90f4dca8395064ff1
https://vl63.ru/cache/jw_sigpro/jwsigpro_cache_c447bfe806_006.jpg,cache/jw_sigpro/jwsigpro_cache_c447bfe806_006.jpg,4952,32978d1483da4c75eff8292d76315836438b47cf8df46348ef0581af463fd6b2
https://vl63.ru/cache/jw_sigpro/jwsigpro_cache_c447bfe806_007.jpg,cache/jw_sigpro/jwsigpro_cache_c447bfe806_007.jpg,3648,784cd1353043fd300c525e2c6a9f78e0943ddfffc165307bd073f377158b3ea8
https://vl63.ru/cache/jw_sigpro/jwsigpro_cache_c447bfe806_008.jpg,cache/jw_sigpro/jwsigpro_cache_c447bfe806_008.jpg,5931,7e0dc738996ba07aae8e269d8e7613d029d5e43f57238a06e6ae54992b3c3be4
https://vl63.ru/cache/jw_sigpro/jwsigpro_cache_c447bfe806_009.jpg,cache/jw_sigpro/jwsigpro_cache_c447bfe806_009.jpg,10446,34beeae5704cc5624ec2ac059d8a6e2550a4e7cc5878d4d0ac9cedc78956a1ea
https://vl63.ru/cache/jw_sigpro/jwsigpro_cache_c447bfe806_010.jpg,cache/jw_sigpro/jwsigpro_cache_c447bfe806_010.jpg,9797,a38af027db5e3e99b191360989b763bf96cfccb065c6dffa677b4dcf5e474b3e
https://vl63.ru/cache/jw_sigpro/jwsigpro_cache_c447bfe806_012.jpg,cache/jw_sigpro/jwsigpro_cache_c447bfe806_012.jpg,9358,6365f179d3eb17e9fe459f8dce331fc3e40061f39e6b57ec6986e07f38ff671f
https://vl63.ru/cache/jw_sigpro/jwsigpro_cache_c447bfe806_black_lack_stratch_ceiling_in_bath.jpg,cache/jw_sigpro/jwsigpro_cache_c447bfe806_black_lack_stratch_ceiling_in_bath.jpg,9709,702827f7f3a845b8547224a97a3cd471c032d7017df25fe4b3c24368c63611b8
https://vl63.ru/cache/jw_sigpro/jwsigpro_cache_c447bfe806_black_lack_stratch_ceiling_in_bathroom.jpg,cache/jw_sigpro/jwsigpro_cache_c447bfe806_black_lack_stratch_ceiling_in_bathroom.jpg,9350,14ad6337c2404d8b8a736844478b3ec455e8e5823c3d12b073f73f52a0679649
https://vl63.ru/cache/jw_sigpro/jwsigpro_cache_c447bfe806_black_lack_stratch_ceiling_in_kitchen1.jpg,cache/jw_sigpro/jwsigpro_cache_c447bfe806_black_lack_stratch_ceiling_in_kitchen1.jpg,10136,ad23461f35d0df7e447226b4cd412c8a1743d4e853a03ed00e7517ff26649541
https://vl63.ru/cache/jw_sigpro/jwsigpro_cache_c447bfe806_colour-347_lackfolie_stratch_ceiling_kitchen.jpg,cache/jw_sigpro/jwsigpro_cache_c447bfe806_colour-347_lackfolie_stratch_ceiling_kitchen.jpg,8482,d72f3b696bde21b57bb7fdee2ba3fccaf6decb11c7010e197bb859f1ece9edfd
https://vl63.ru/cache/jw_sigpro/jwsigpro_cache_c447bfe806_img_2052.jpg,cache/jw_sigpro/jwsigpro_cache_c447bfe806_img_2052.jpg,4838,c1f81415d4320270c5d396a1054e4a6454d4f35185c27a4bf88a7ee3bfeffcbb
https://vl63.ru/cache/jw_sigpro/jwsigpro_cache_c66be86447_color-733_lackfolie_germany_pongs.jpg,cache/jw_sigpro/jwsigpro_cache_c66be86447_color-733_lackfolie_germany_pongs.jpg,10153,986050f1651fd3c7d6d047a51162dd674eb0bb1d979a2d146bba692ed20cfdcc
https://vl63.ru/cache/jw_sigpro/jwsigpro_cache_c66be86447_vanna.jpg,cache/jw_sigpro/jwsigpro_cache_c66be86447_vanna.jpg,8034,e00854681648bd1deb597aa88ea64d54677906eb28e1f83c8e3b41a9538a9fad
https://vl63.ru/cache/jw_sigpro/jwsigpro_cache_c9898b3790_2-mnogourovnevyi_potolok.jpg,cache/jw_sigpro/jwsigpro_cache_c9898b3790_2-mnogourovnevyi_potolok.jpg,5260,21fc6796fd5ae14866a2c83882920af1a0fc1a6f4c5c129c9e74797538d6c493
https://vl63.ru/cache/jw_sigpro/jwsigpro_cache_c9898b3790_2-urovnev_potolok_s_razdelitelem.jpg,cache/jw_sigpro/jwsigpro_cache_c9898b3790_2-urovnev_potolok_s_razdelitelem.jpg,10519,42ed241dd75063f38a1a6b7ee121dddd2ffa145731010dd5d398b9ffcd1943a4
https://vl63.ru/cache/jw_sigpro/jwsigpro_cache_c9898b3790_biliard_potolok.jpg,cache/jw_sigpro/jwsigpro_cache_c9898b3790_biliard_potolok.jpg,7651,8dd106adf3a4a31628c5126a8eff191b699f0c037c6812f3b55f3e45bac174c0
https://vl63.ru/cache/jw_sigpro/jwsigpro_cache_c9898b3790_biljard_stol.jpg,cache/jw_sigpro/jwsigpro_cache_c9898b3790_biljard_stol.jpg,6199,2f9936b7a0fabd1cbf5114f3fe51e858252add4ed67c7cd573f4c3ef77d77b14
https://vl63.ru/cache/jw_sigpro/jwsigpro_cache_c9898b3790_bilyard_potolok_tolyatti.jpg,cache/jw_sigpro/jwsigpro_cache_c9898b3790_bilyard_potolok_tolyatti.jpg,7263,605ae6c3d7931dead9d9540a277a29b55fc83874480547b2311a6b3f52b4afcc
https://vl63.ru/cache/jw_sigpro/jwsigpro_cache_c9898b3790_detskiy_sad.jpg,cache/jw_sigpro/jwsigpro_cache_c9898b3790_detskiy_sad.jpg,6350,17b57a6f1f9111dd97431fa0dedba4acdefde885d16cda7d91ee5327dc1cc837
https://vl63.ru/cache/jw_sigpro/jwsigpro_cache_c9898b3790_dvuhurovnevye-natyazhnye-potolki-v-stolovoj.jpg,cache/jw_sigpro/jwsigpro_cache_c9898b3790_dvuhurovnevye-natyazhnye-potolki-v-stolovoj.jpg,8492,c187cc4559399f85c6054c4f5c2acef6ff59e18962a6e299ec86973282972db1
https://vl63.ru/cache/jw_sigpro/jwsigpro_cache_c9898b3790_factura_oblaka.jpg,cache/jw_sigpro/jwsigpro_cache_c9898b3790_factura_oblaka.jpg,8545,393e83d78684e2ded0bdfbedb2478b86ae03c4339e14baad37b0f9456bda7d2f
https://vl63.ru/cache/jw_sigpro/jwsigpro_cache_c9898b3790_factura_oblaka_cherez_razdelitel.jpg,cache/jw_sigpro/jwsigpro_cache_c9898b3790_factura_oblaka_cherez_razdelitel.jpg,8545,a2898a6a5a75f6ab06e214f87ada82ca5905fad136318a911d1c48560a987b6b
https://vl63.ru/cache/jw_sigpro/jwsigpro_cache_c9898b3790_factura_oblaka_v_basseine.jpg,cache/jw_sigpro/jwsigpro_cache_c9898b3790_factura_oblaka_v_basseine.jpg,7291,c29b1fb5e99dfaed245c8936c607fcbd89303a6497e04e7ab5fa5efb732fc870
https://vl63.ru/cache/jw_sigpro/jwsigpro_cache_c9898b3790_factura_oblaka_zona_basseina.jpg,cache/jw_sigpro/jwsigpro_cache_c9898b3790_factura_oblaka_zona_basseina.jpg,7337,f297153aab3e45677bce16050de43de12a3ce3defcb9e911ba8c3f76981f23c4
https://vl63.ru/cache/jw_sigpro/jwsigpro_cache_c9898b3790_razdelitel_v_odin_uroven.jpg,cache/jw_sigpro/jwsigpro_cache_c9898b3790_razdelitel_v_odin_uroven.jpg,6280,2661bfc05a8413c407c5d38b0aa1e685a23d251e3f5a913da2b04e6e2838c419
https://vl63.ru/cache/jw_sigpro/jwsigpro_cache_c9898b3790_s_razdelitelem_po_cenru.jpg,cache/jw_sigpro/jwsigpro_cache_c9898b3790_s_razdelitelem_po_cenru.jpg,6232,b88a96cd8a710d725aaa94b1bd415d53aba069d8e751842bb6cf7d7df9b693e6
https://vl63.ru/cache/jw_sigpro/jwsigpro_cache_c9898b3790_vstavka_potolka.jpg,cache/jw_sigpro/jwsigpro_cache_c9898b3790_vstavka_potolka.jpg,4772,5cb96328d84e199c8cf6563957a79dd9780690fe208e8b928d38aad2b8c70951
https://vl63.ru/cache/jw_sigpro/jwsigpro_cache_c9898b3790_zamsha_zelenaja.jpg,cache/jw_sigpro/jwsigpro_cache_c9898b3790_zamsha_zelenaja.jpg,11127,e3948036bdff0ac26ca82e90ab407a7bbab34d78a36f6651a4c1691614a381c8
https://vl63.ru/cache/jw_sigpro/jwsigpro_cache_c9898b3790_zamsha_zelenaja_factura.jpg,cache/jw_sigpro/jwsigpro_cache_c9898b3790_zamsha_zelenaja_factura.jpg,5339,087e096cf77b651d001b00c6f68396385dfd813e2ae31211b1bcbdfb6e71a1f2
https://vl63.ru/cache/jw_sigpro/jwsigpro_cache_c9898b3790_zamsha_zelenaja_nad_billiardom.jpg,cache/jw_sigpro/jwsigpro_cache_c9898b3790_zamsha_zelenaja_nad_billiardom.jpg,7967,25af50054dc1403a63ebae9f1ca45a1dc6f4dfa297bb1143fe1cade8d9ec4c71
https://vl63.ru/cache/jw_sigpro/jwsigpro_cache_c9898b3790_zamsha_zelenaja_nad_bilyardnym_stolom.jpg,cache/jw_sigpro/jwsigpro_cache_c9898b3790_zamsha_zelenaja_nad_bilyardnym_stolom.jpg,8360,a4c67413014d3f9fbac25a90ab2afe42e92b3a602a007d74ffcb062fa0b1be04
https://vl63.ru/cache/jw_sigpro/jwsigpro_cache_c9898b3790_zamsha_zelenaja_s_razdelitelem.jpg,cache/jw_sigpro/jwsigpro_cache_c9898b3790_zamsha_zelenaja_s_razdelitelem.jpg,9075,9edc589237462e24f46d3b52ff070076787c37a269dbe33a0863a083415e7dc0
https://vl63.ru/cache/jw_sigpro/jwsigpro_cache_cab5ce2355_natjazhnye_potolki_gljanec_110.jpg,cache/jw_sigpro/jwsigpro_cache_cab5ce2355_natjazhnye_potolki_gljanec_110.jpg,5260,ba617b3ba4f25dc3e32092eb1679876eda9bf676e48022c3563bf4336f9236df
https://vl63.ru/cache/jw_sigpro/jwsigpro_cache_cbde873120_fotopechat-golden-art-77a-saros-potolok-toljatti-408-303.jpg,cache/jw_sigpro/jwsigpro_cache_cbde873120_fotopechat-golden-art-77a-saros-potolok-toljatti-408-303.jpg,10275,0c4a3c50c30213c90553a7b9832727fea31b1d2e38bc3f0b60f5fee96c834a76
https://vl63.ru/cache/jw_sigpro/jwsigpro_cache_cbde873120_fotopechat-golden-art-77a-saros-potolok-toljatti-vl63ru.jpg,cache/jw_sigpro/jwsigpro_cache_cbde873120_fotopechat-golden-art-77a-saros-potolok-toljatti-vl63ru.jpg,9718,eabb798262d24d4cf5dce931de7455597902e0d28bcda1cbb9e417ed5937e198
https://vl63.ru/cache/jw_sigpro/jwsigpro_cache_cbde873120_fotopechat-golden-art-77a-saros-potolok-toljatti.jpg,cache/jw_sigpro/jwsigpro_cache_cbde873120_fotopechat-golden-art-77a-saros-potolok-toljatti.jpg,8403,bf8c975f66471b38498c2f171f40e80c5ccabc451853d10f10eb4657bf9c8e91
https://vl63.ru/cache/jw_sigpro/jwsigpro_cache_cbde873120_fotopechat-golden-art-77a-saros-potolok.jpg,cache/jw_sigpro/jwsigpro_cache_cbde873120_fotopechat-golden-art-77a-saros-potolok.jpg,7257,20ea5c66e5078cf1651551cbabf5981c2dce08b70a4fc76c27bf414953181a89
https://vl63.ru/cache/jw_sigpro/jwsigpro_cache_cc5d74f5ba_img_6419.jpg,cache/jw_sigpro/jwsigpro_cache_cc5d74f5ba_img_6419.jpg,9977,564a8b444d5a91c23c53ef8cfa1598de2f1aa6392cf68076129248ab28d35d9b
https://vl63.ru/cache/jw_sigpro/jwsigpro_cache_cc5d74f5ba_img_6422.jpg,cache/jw_sigpro/jwsigpro_cache_cc5d74f5ba_img_6422.jpg,10469,1ad006f46e07fe1061ba08a32d14a5c4f4005fc96933a1f6dfe6a6e1b5f4513d
https://vl63.ru/cache/jw_sigpro/jwsigpro_cache_cc5d74f5ba_img_6430.jpg,cache/jw_sigpro/jwsigpro_cache_cc5d74f5ba_img_6430.jpg,9673,ad0f15c617dec100fe9582f244d62076fa51f846d340c96bf866b6cbc2f32b14
https://vl63.ru/cache/jw_sigpro/jwsigpro_cache_cc5d74f5ba_img_6433.jpg,cache/jw_sigpro/jwsigpro_cache_cc5d74f5ba_img_6433.jpg,10160,46f9312298a522cb30f91936ea3beed7b123e7e5ed3be91889eaecf29e9bbd2b
https://vl63.ru/cache/jw_sigpro/jwsigpro_cache_cc5d74f5ba_sush-ka_potolki.jpg,cache/jw_sigpro/jwsigpro_cache_cc5d74f5ba_sush-ka_potolki.jpg,10608,6cadc7e3b34459c093fd03ab1fe55a436baa08c761ecebffd5e29517baca5e2c
https://vl63.ru/cache/jw_sigpro/jwsigpro_cache_cea8e0cf0f_factura_oblaka.jpg,cache/jw_sigpro/jwsigpro_cache_cea8e0cf0f_factura_oblaka.jpg,8545,393e83d78684e2ded0bdfbedb2478b86ae03c4339e14baad37b0f9456bda7d2f
https://vl63.ru/cache/jw_sigpro/jwsigpro_cache_cea8e0cf0f_factura_oblaka_cherez_razdelitel.jpg,cache/jw_sigpro/jwsigpro_cache_cea8e0cf0f_factura_oblaka_cherez_razdelitel.jpg,8545,a2898a6a5a75f6ab06e214f87ada82ca5905fad136318a911d1c48560a987b6b
https://vl63.ru/cache/jw_sigpro/jwsigpro_cache_cea8e0cf0f_factura_oblaka_zona_basseina.jpg,cache/jw_sigpro/jwsigpro_cache_cea8e0cf0f_factura_oblaka_zona_basseina.jpg,7337,f297153aab3e45677bce16050de43de12a3ce3defcb9e911ba8c3f76981f23c4
https://vl63.ru/cache/jw_sigpro/jwsigpro_cache_cf0ba6e7ad_14.jpg,cache/jw_sigpro/jwsigpro_cache_cf0ba6e7ad_14.jpg,8411,d7366182c9698b117a093411db79b4d0a271453de6137a38a37a3fc99a7b821f
https://vl63.ru/cache/jw_sigpro/jwsigpro_cache_cf0ba6e7ad_15.jpg,cache/jw_sigpro/jwsigpro_cache_cf0ba6e7ad_15.jpg,10886,2d5afc077cc45ced603758424819d3d7d289e0a81ec8c890eabe7ba8c364a704
https://vl63.ru/cache/jw_sigpro/jwsigpro_cache_cf0ba6e7ad_16.jpg,cache/jw_sigpro/jwsigpro_cache_cf0ba6e7ad_16.jpg,10664,4273ef93acd805a5ebf0bab67501af938f5c8484f5aa321837700854a485a190
https://vl63.ru/cache/jw_sigpro/jwsigpro_cache_cf0ba6e7ad_17.jpg,cache/jw_sigpro/jwsigpro_cache_cf0ba6e7ad_17.jpg,10865,5ae30c5eefe5e37bb363aad48f8adda232458cc9be1b81cd9347d46ccffbe40a
https://vl63.ru/cache/jw_sigpro/jwsigpro_cache_cf0ba6e7ad_18.jpg,cache/jw_sigpro/jwsigpro_cache_cf0ba6e7ad_18.jpg,10491,35a18f6cf09318391899a973519f75c5d369dca3950752e4a45689d08ad0012b
https://vl63.ru/cache/jw_sigpro/jwsigpro_cache_cf0ba6e7ad_19.jpg,cache/jw_sigpro/jwsigpro_cache_cf0ba6e7ad_19.jpg,10576,144507892cf96ca05fb72b5ca5d2de781e436d27cae6f4bd04b564f39452445d
https://vl63.ru/cache/jw_sigpro/jwsigpro_cache_cf0ba6e7ad_20.jpg,cache/jw_sigpro/jwsigpro_cache_cf0ba6e7ad_20.jpg,8880,7c7017ac9333529d044c5d1a52ff914215cdb5ceb5ad2b4fe34b815807b5d012
https://vl63.ru/cache/jw_sigpro/jwsigpro_cache_d1547794bf_pencil-holder.jpg,cache/jw_sigpro/jwsigpro_cache_d1547794bf_pencil-holder.jpg,8808,cdc624fe860ef4b8b2650f16b113eb720fe598ce1bfd7d7721703623016c1c30
https://vl63.ru/cache/jw_sigpro/jwsigpro_cache_d1547794bf_stakany-iz-trub-ot-potolkov.jpg,cache/jw_sigpro/jwsigpro_cache_d1547794bf_stakany-iz-trub-ot-potolkov.jpg,10103,b51436c1f128e6726ca201ac5b31151d7e0aa10898c5328d2ba4a32277a47e00
https://vl63.ru/cache/jw_sigpro/jwsigpro_cache_d5021897bf_5.jpg,cache/jw_sigpro/jwsigpro_cache_d5021897bf_5.jpg,6248,c55c3c7cbaa9f885c1faef3c348e0075c352c5528d324d3eb2cec0a20b839af8
https://vl63.ru/cache/jw_sigpro/jwsigpro_cache_d5021897bf_6018.jpg,cache/jw_sigpro/jwsigpro_cache_d5021897bf_6018.jpg,5703,2b64540a84414640f08fa5bda19646230d8a805ae282dc7c3a4d26ad51204be9
https://vl63.ru/cache/jw_sigpro/jwsigpro_cache_d5021897bf_6020.jpg,cache/jw_sigpro/jwsigpro_cache_d5021897bf_6020.jpg,7098,2e579eecb53910194a67a89f129adec60c2d9fb6052ca42021ee4e261400f4cc
https://vl63.ru/cache/jw_sigpro/jwsigpro_cache_d5021897bf_6023.jpg,cache/jw_sigpro/jwsigpro_cache_d5021897bf_6023.jpg,5669,cd91026b42bd14c35ca6e09f62f1974824be466c709e992177a36e30afff45dd
https://vl63.ru/cache/jw_sigpro/jwsigpro_cache_d5021897bf_8.jpg,cache/jw_sigpro/jwsigpro_cache_d5021897bf_8.jpg,5741,c36039994e8542d09f7c3f14947dae7a174f44c9ded2fcd38b68d6f0841b9a5c
https://vl63.ru/cache/jw_sigpro/jwsigpro_cache_d5021897bf_komb_1.jpg,cache/jw_sigpro/jwsigpro_cache_d5021897bf_komb_1.jpg,10820,8542434b555b5d577a22c7de767319b141a910829c271ae0bb96147ae4d71bf0
https://vl63.ru/cache/jw_sigpro/jwsigpro_cache_d5021897bf_komb_3.jpg,cache/jw_sigpro/jwsigpro_cache_d5021897bf_komb_3.jpg,11565,ed7b0cf3f0e4c1419b42469537bfe5b4219386924c409c8dd14ab4595757e158
https://vl63.ru/cache/jw_sigpro/jwsigpro_cache_d5021897bf_komb_4.jpg,cache/jw_sigpro/jwsigpro_cache_d5021897bf_komb_4.jpg,7314,405cb99c12e301c2ba5921247c71f0e173a4744e35631c3230126f6fe52ec50f
https://vl63.ru/cache/jw_sigpro/jwsigpro_cache_d5021897bf_spaika_poloten_potolka_tri_kita.jpg,cache/jw_sigpro/jwsigpro_cache_d5021897bf_spaika_poloten_potolka_tri_kita.jpg,7998,f66e19fbfc6651d7c3d1f6c294d23f1007e2a6256361e3a62c5b1245ae92fc8e
https://vl63.ru/cache/jw_sigpro/jwsigpro_cache_d7f0364f60_belye_matovye_potolki_v_srubovom_dome.jpg,cache/jw_sigpro/jwsigpro_cache_d7f0364f60_belye_matovye_potolki_v_srubovom_dome.jpg,8288,e340a0d376ae03b6fefea15aaa9ecab55e42adf063a02dfcb8b1266741ac13e4
https://vl63.ru/cache/jw_sigpro/jwsigpro_cache_d7f0364f60_fotopechat_oblaka_na_lake-1.jpg,cache/jw_sigpro/jwsigpro_cache_d7f0364f60_fotopechat_oblaka_na_lake-1.jpg,6547,b2279ca4f59c156d2e2149c540df8a7a4f9246f2936ab934d491c2975267f201
https://vl63.ru/cache/jw_sigpro/jwsigpro_cache_d7f0364f60_fotopechat_oblaka_na_lake-2.jpg,cache/jw_sigpro/jwsigpro_cache_d7f0364f60_fotopechat_oblaka_na_lake-2.jpg,5946,097fe3cc33f95a01e5d372712ca9c0dd29d6c2db90952e9cad799984cbc17ff1
https://vl63.ru/cache/jw_sigpro/jwsigpro_cache_d7f0364f60_fotopechat_oblaka_na_lake-3.jpg,cache/jw_sigpro/jwsigpro_cache_d7f0364f60_fotopechat_oblaka_na_lake-3.jpg,7176,4e5e0c5e6629dcfb525c0cbcb5ed480d3d0f977593fb3536d6a48f34936b6836
https://vl63.ru/cache/jw_sigpro/jwsigpro_cache_d7f0364f60_fotopechat_oblaka_na_lake-4.jpg,cache/jw_sigpro/jwsigpro_cache_d7f0364f60_fotopechat_oblaka_na_lake-4.jpg,9501,890faf7658e51967d694549d9a62c032e7c2b9e1e8503083c3943e63f8123748
https://vl63.ru/cache/jw_sigpro/jwsigpro_cache_d7f0364f60_fotopechat_oblaka_na_lake-5.jpg,cache/jw_sigpro/jwsigpro_cache_d7f0364f60_fotopechat_oblaka_na_lake-5.jpg,10103,20039ee6ea80d37d40f9ded33cad5042764d74ab75b6ade81e8c897318ceebb2
https://vl63.ru/cache/jw_sigpro/jwsigpro_cache_d7f0364f60_fotopechat_oblaka_na_lake-6.jpg,cache/jw_sigpro/jwsigpro_cache_d7f0364f60_fotopechat_oblaka_na_lake-6.jpg,9773,b106aa152b94d4b822d2f8b9d3ea57248e2802fd84eac7b5a20cbc118525661a
https://vl63.ru/cache/jw_sigpro/jwsigpro_cache_d7f0364f60_natjazhnye-potolki-v-derevjannom-dome_s_lukom-1.jpg,cache/jw_sigpro/jwsigpro_cache_d7f0364f60_natjazhnye-potolki-v-derevjannom-dome_s_lukom-1.jpg,7568,f506babf3b725cf438b50cca67966dbe1f5b483de3ed776cbf75c90ec559c065
https://vl63.ru/cache/jw_sigpro/jwsigpro_cache_d7f0364f60_natjazhnye-potolki-v-derevjannom-dome_s_lukom.jpg,cache/jw_sigpro/jwsigpro_cache_d7f0364f60_natjazhnye-potolki-v-derevjannom-dome_s_lukom.jpg,7868,207a517426ef297141ef1ae041c19ce1e0cb50e295ebb6001783e8ac2d2e8253
https://vl63.ru/cache/jw_sigpro/jwsigpro_cache_d7f0364f60_natjaznye_potolki_v_derevjannom_srube.jpg,cache/jw_sigpro/jwsigpro_cache_d7f0364f60_natjaznye_potolki_v_derevjannom_srube.jpg,12965,aba953e1d9573be1679dd7a168933edd7f822efa80351e6545c809e720e4ed40
https://vl63.ru/cache/jw_sigpro/jwsigpro_cache_d7f0364f60_natjaznye_potolki_v_srube.jpg,cache/jw_sigpro/jwsigpro_cache_d7f0364f60_natjaznye_potolki_v_srube.jpg,7825,28615cca65fc7b7e8fcfc045e9b6655c49babdcee5794a67c9d4963bbbb20abd
https://vl63.ru/cache/jw_sigpro/jwsigpro_cache_d7f0364f60_natyazhnye-potolki-v_srube.jpg,cache/jw_sigpro/jwsigpro_cache_d7f0364f60_natyazhnye-potolki-v_srube.jpg,7540,776e11f2877590f8642d874be250ffe8e5ba9aa58190f0854b221d2c7441564a
https://vl63.ru/cache/jw_sigpro/jwsigpro_cache_d7f0364f60_natyazhnye-potolki-v_srube_na_reike.jpg,cache/jw_sigpro/jwsigpro_cache_d7f0364f60_natyazhnye-potolki-v_srube_na_reike.jpg,5778,5661cbd3f5c067943565a14bde49aeac2fba7a5af17d8140b0ece79996e92371
https://vl63.ru/cache/jw_sigpro/jwsigpro_cache_d7f0364f60_natyazhnye_potolki_v_srubovom_dome.jpg,cache/jw_sigpro/jwsigpro_cache_d7f0364f60_natyazhnye_potolki_v_srubovom_dome.jpg,11246,4f8025b9eb8475f24b8cebf02fb1700f8b9268edd02b599b8dab1b86422b919c
https://vl63.ru/cache/jw_sigpro/jwsigpro_cache_d7f0364f60_styk_potolka_v_srube.jpg,cache/jw_sigpro/jwsigpro_cache_d7f0364f60_styk_potolka_v_srube.jpg,11242,ec17e58212e0b5ec7d483d3a8817f9ea0012c18480caffbc59942df0de40a9dc
https://vl63.ru/cache/jw_sigpro/jwsigpro_cache_d7f0364f60_ugol_natjazhnogo_potolka_v_srube.jpg,cache/jw_sigpro/jwsigpro_cache_d7f0364f60_ugol_natjazhnogo_potolka_v_srube.jpg,6171,26aba0f55819adc6c7d9d768ab1242ac451fc9750ec5d7ae77ab428578ebe637
https://vl63.ru/cache/jw_sigpro/jwsigpro_cache_d8f5f9f7a4_1.jpg,cache/jw_sigpro/jwsigpro_cache_d8f5f9f7a4_1.jpg,6158,2e05eabeab504083185abdf0374f4cd801979dd4bbe72485716264d90244bf82
https://vl63.ru/cache/jw_sigpro/jwsigpro_cache_d8f5f9f7a4_2.jpg,cache/jw_sigpro/jwsigpro_cache_d8f5f9f7a4_2.jpg,7411,5edeca0246142b79268cb737c29f49edc1a43407b97cabd4fdb03d086e682b38
https://vl63.ru/cache/jw_sigpro/jwsigpro_cache_d8f5f9f7a4_3.jpg,cache/jw_sigpro/jwsigpro_cache_d8f5f9f7a4_3.jpg,6295,076950eea744ce7655d35e1926f0c9bfd15af9b2ca2a1a8615294227b92001ef
https://vl63.ru/cache/jw_sigpro/jwsigpro_cache_d8f5f9f7a4_4.jpg,cache/jw_sigpro/jwsigpro_cache_d8f5f9f7a4_4.jpg,6368,d1a014e7fcdab601c94eeb16d5ad141f26a9ccb27dc12fa186490ab428d4f3c8
https://vl63.ru/cache/jw_sigpro/jwsigpro_cache_d8f5f9f7a4_svetlo-zelenyi_lakovyi_natyazhnoi_potolok.jpg,cache/jw_sigpro/jwsigpro_cache_d8f5f9f7a4_svetlo-zelenyi_lakovyi_natyazhnoi_potolok.jpg,10509,c52ffd612296b905a5fa11a50b1ebd12e77216ece4050490c93184df2f2628d3
https://vl63.ru/cache/jw_sigpro/jwsigpro_cache_d8f5f9f7a4_svetlo-zelenyi_lakovyi_potolok.jpg,cache/jw_sigpro/jwsigpro_cache_d8f5f9f7a4_svetlo-zelenyi_lakovyi_potolok.jpg,11801,616561773fb20f5181d9ec7a1b5240f2d34a6e8d45971bc61532cb7a0d725e4f
https://vl63.ru/cache/jw_sigpro/jwsigpro_cache_d8f5f9f7a4_svetlo-zelenyi_lakovyi_potolok_v_gostinoi.jpg,cache/jw_sigpro/jwsigpro_cache_d8f5f9f7a4_svetlo-zelenyi_lakovyi_potolok_v_gostinoi.jpg,7417,6efa0a07d0d8b56c29f99b5fd4ab0ab8ad5d19471c105cdd277e74aab0ccbce8
https://vl63.ru/cache/jw_sigpro/jwsigpro_cache_d8f5f9f7a4_svetlo-zelenyi_lakovyi_potolok_v_zale.jpg,cache/jw_sigpro/jwsigpro_cache_d8f5f9f7a4_svetlo-zelenyi_lakovyi_potolok_v_zale.jpg,9427,49b3679a2fc0ba2fff9cbd485b54e1bcd8b3913366ba79595e6b57bc976fe182
https://vl63.ru/cache/jw_sigpro/jwsigpro_cache_d8f5f9f7a4_svetlo-zelenyi_potolok.jpg,cache/jw_sigpro/jwsigpro_cache_d8f5f9f7a4_svetlo-zelenyi_potolok.jpg,11272,ac012493ed8da115e299400e8d63544516ecae109f77d9d33c110a15370a3e16
https://vl63.ru/cache/jw_sigpro/jwsigpro_cache_d8f5f9f7a4_svetlo_zelenyi_lakovyi_natyaznoy_potolok.jpg,cache/jw_sigpro/jwsigpro_cache_d8f5f9f7a4_svetlo_zelenyi_lakovyi_natyaznoy_potolok.jpg,9748,756b886d70167aee626be3a0860125a26a70d97daad9196e6ee350a20fe89dac
https://vl63.ru/cache/jw_sigpro/jwsigpro_cache_d8f5f9f7a4_svetlo_zelenyi_lakovyi_potolok.jpg,cache/jw_sigpro/jwsigpro_cache_d8f5f9f7a4_svetlo_zelenyi_lakovyi_potolok.jpg,10604,78dd8e962ef555a8f37739ecde9090f1462a34171b4502046621ead3ad1a5ba1
https://vl63.ru/cache/jw_sigpro/jwsigpro_cache_d9ee5fc81d_707.jpg,cache/jw_sigpro/jwsigpro_cache_d9ee5fc81d_707.jpg,9195,d2566aa7f0f1ce9c28f4cf0bd37ae55d9d95205b7c8c1fbdacfebb8bb62425cf
https://vl63.ru/cache/jw_sigpro/jwsigpro_cache_dad720e674_26.jpg,cache/jw_sigpro/jwsigpro_cache_dad720e674_26.jpg,12553,c4cda1c5b7d43a910d062543a13d5311e830ecddc472fff2dd978f9f04c256d2
https://vl63.ru/cache/jw_sigpro/jwsigpro_cache_dad720e674_27.jpg,cache/jw_sigpro/jwsigpro_cache_dad720e674_27.jpg,10235,c83f449b7c17569c66a4ad06c66e2e273a0880e22458dcadd97463ef4420d49b
https://vl63.ru/cache/jw_sigpro/jwsigpro_cache_dd0952a607_img_0153.jpg,cache/jw_sigpro/jwsigpro_cache_dd0952a607_img_0153.jpg,5802,f039352644ed2e45e7b5aa8b079255f63e0e74be834f015e165556f64de50f7f
https://vl63.ru/cache/jw_sigpro/jwsigpro_cache_de85a5068f_303_lackfolie_v_classicheskom_dizayne.jpg,cache/jw_sigpro/jwsigpro_cache_de85a5068f_303_lackfolie_v_classicheskom_dizayne.jpg,5270,c5510a50737b4e87a828c7534c518aeb2d6b8c09da0a026c831e2f9957e9c9ca
https://vl63.ru/cache/jw_sigpro/jwsigpro_cache_de85a5068f_belyi_gljanzevyi_potolok_razdelen_gipsom.jpg,cache/jw_sigpro/jwsigpro_cache_de85a5068f_belyi_gljanzevyi_potolok_razdelen_gipsom.jpg,6107,610bd539030a2e19e3382fdce667e3f4e65d009174ee9e352e1b1d66725023b3
https://vl63.ru/cache/jw_sigpro/jwsigpro_cache_de85a5068f_belyi_gljanzevyi_potolok_s_nishei_iz_gipsokartona.jpg,cache/jw_sigpro/jwsigpro_cache_de85a5068f_belyi_gljanzevyi_potolok_s_nishei_iz_gipsokartona.jpg,4492,62548f765f5e6bddacbb3873f97022b96f56ba9c6a0ad477886471ebc0499905
https://vl63.ru/cache/jw_sigpro/jwsigpro_cache_de85a5068f_belyi_gljanzevyi_potolok_v_park-otele.jpg,cache/jw_sigpro/jwsigpro_cache_de85a5068f_belyi_gljanzevyi_potolok_v_park-otele.jpg,7934,0bee0fbd42fdd6338f3245e9ea491994918d51f9b9359106cf948d04dafc2145
https://vl63.ru/cache/jw_sigpro/jwsigpro_cache_de85a5068f_belyi_gljanzevyi_potolok_v_park-otele_lux.jpg,cache/jw_sigpro/jwsigpro_cache_de85a5068f_belyi_gljanzevyi_potolok_v_park-otele_lux.jpg,8122,39de5bf59a96fccc201d723da827164afe0a5d15dd1ace8522c13c74400dba8c
https://vl63.ru/cache/jw_sigpro/jwsigpro_cache_de85a5068f_belyi_gljanzevyi_potolok_v_park-otele_sanuzel.jpg,cache/jw_sigpro/jwsigpro_cache_de85a5068f_belyi_gljanzevyi_potolok_v_park-otele_sanuzel.jpg,10668,37280be8e7f8e2771a95f8f380f6f17f4713771ce0e728dcae60b52e3ada7d42
https://vl63.ru/cache/jw_sigpro/jwsigpro_cache_de85a5068f_belyi_lakovyi_potolok_303-lackfolie.jpg,cache/jw_sigpro/jwsigpro_cache_de85a5068f_belyi_lakovyi_potolok_303-lackfolie.jpg,6667,596305d7036dab89a0b2b505a82c2c4cf39bd067efe874f0a3b5ad8b138e2fdb
https://vl63.ru/cache/jw_sigpro/jwsigpro_cache_de85a5068f_belyi_lakovyi_potolok_bez_vstavki.jpg,cache/jw_sigpro/jwsigpro_cache_de85a5068f_belyi_lakovyi_potolok_bez_vstavki.jpg,3507,29703afcf9a554a2169e72994e69ff8e083c89b524de2811f0899300ff9c0b8d
https://vl63.ru/cache/jw_sigpro/jwsigpro_cache_de85a5068f_belyi_lakovyi_potolok_france.jpg,cache/jw_sigpro/jwsigpro_cache_de85a5068f_belyi_lakovyi_potolok_france.jpg,5797,f2e503d800038ff89205d0cd536ba4c552bbd3fa1b8d15040b7df8faf6e87bd5
https://vl63.ru/cache/jw_sigpro/jwsigpro_cache_de85a5068f_belyi_lakovyi_potolok_kardio.jpg,cache/jw_sigpro/jwsigpro_cache_de85a5068f_belyi_lakovyi_potolok_kardio.jpg,6937,74f48e6d88277488f4675566018bbb5ca0a483fa6169e4e89cf7d62c2c891350
https://vl63.ru/cache/jw_sigpro/jwsigpro_cache_de85a5068f_belyi_lakovyi_potolok_koridor_tolyatti.jpg,cache/jw_sigpro/jwsigpro_cache_de85a5068f_belyi_lakovyi_potolok_koridor_tolyatti.jpg,5085,d3e72f58982c21cc485bed8a7ea7cea4914f623d15b4bf3b509ba9ca81371029
https://vl63.ru/cache/jw_sigpro/jwsigpro_cache_de85a5068f_belyi_lakovyi_potolok_v_cokole.jpg,cache/jw_sigpro/jwsigpro_cache_de85a5068f_belyi_lakovyi_potolok_v_cokole.jpg,5059,09e99ffb1636da6f3f8da8c2ad4750379ce6544c583e5dda805d48f9fb3e8c1f
https://vl63.ru/cache/jw_sigpro/jwsigpro_cache_de85a5068f_belyi_lakovyi_potolok_v_gostonoy.jpg,cache/jw_sigpro/jwsigpro_cache_de85a5068f_belyi_lakovyi_potolok_v_gostonoy.jpg,5061,801eab6f6cd9787806005738f8ac2a72d49070a224430f6377ec309cdddc8653
https://vl63.ru/cache/jw_sigpro/jwsigpro_cache_de85a5068f_belyi_lakovyi_potolok_v_koridore.jpg,cache/jw_sigpro/jwsigpro_cache_de85a5068f_belyi_lakovyi_potolok_v_koridore.jpg,6906,89d7d51c05521bf3df3be94d1c1739ed641baeac4b7a3df1641d8383af7703fa
https://vl63.ru/cache/jw_sigpro/jwsigpro_cache_de85a5068f_belyi_lakovyi_potolok_v_lor1.jpg,cache/jw_sigpro/jwsigpro_cache_de85a5068f_belyi_lakovyi_potolok_v_lor1.jpg,7752,2c947abcd3220dfe82a5b68bff888e5932a2ef0907682f49ed2ef728cacb1037
https://vl63.ru/cache/jw_sigpro/jwsigpro_cache_de85a5068f_belyi_lakovyi_potolok_v_vannoi_k.jpg,cache/jw_sigpro/jwsigpro_cache_de85a5068f_belyi_lakovyi_potolok_v_vannoi_k.jpg,7145,a1e6516398b8a3d4e8929a4c9db233f4cdca08e98499b623c377f814d8bb655c
https://vl63.ru/cache/jw_sigpro/jwsigpro_cache_de85a5068f_belyi_lakovyi_potolok_v_vystavochnom_dome.jpg,cache/jw_sigpro/jwsigpro_cache_de85a5068f_belyi_lakovyi_potolok_v_vystavochnom_dome.jpg,4845,6b9c2da246b09cb70176ed57a2bee2400c6431f8022ea64bde84f2aa08a4fe52
https://vl63.ru/cache/jw_sigpro/jwsigpro_cache_de85a5068f_belyi_lakovyi_potolok_vystavochnyi_dom.jpg,cache/jw_sigpro/jwsigpro_cache_de85a5068f_belyi_lakovyi_potolok_vystavochnyi_dom.jpg,5407,f999e6656e1e9adb7a6a8312b5bd7d429487d14b6badb694d2b7995ff55b08ab
https://vl63.ru/cache/jw_sigpro/jwsigpro_cache_de85a5068f_belyi_lakovyi_potolok_zal.jpg,cache/jw_sigpro/jwsigpro_cache_de85a5068f_belyi_lakovyi_potolok_zal.jpg,4822,9480ff5a532c3c0f40ff262a2b5a9fbf2aab254342562801b2b5becd624be05e
https://vl63.ru/cache/jw_sigpro/jwsigpro_cache_de85a5068f_belyi_lakovyi_potolok_zal_togliatti.jpg,cache/jw_sigpro/jwsigpro_cache_de85a5068f_belyi_lakovyi_potolok_zal_togliatti.jpg,7020,eb605453db0685130bec4629537bfdfae78fd770443628ff104e8e4014b1fc05
https://vl63.ru/cache/jw_sigpro/jwsigpro_cache_de85a5068f_francuzskiy_belyi_lakovyi_potolok_v_vannoi.jpg,cache/jw_sigpro/jwsigpro_cache_de85a5068f_francuzskiy_belyi_lakovyi_potolok_v_vannoi.jpg,8220,5fb3f776e5914f2ed67fb382752ac7c67ef40d045f48f98634aa8f949ae0b9b8
https://vl63.ru/cache/jw_sigpro/jwsigpro_cache_e06d8d731c_32.jpg,cache/jw_sigpro/jwsigpro_cache_e06d8d731c_32.jpg,8992,2dfa533fb6bdd37f8520bb24d765557570699e3d6642dd000582bb2a88a49dc0
https://vl63.ru/cache/jw_sigpro/jwsigpro_cache_e06d8d731c_33.jpg,cache/jw_sigpro/jwsigpro_cache_e06d8d731c_33.jpg,12133,6e2849ac769b05dce312f98f9358e8564415323b73de26141058636a0a55aa01
https://vl63.ru/cache/jw_sigpro/jwsigpro_cache_e14e753e0e_lackfolie416.jpg,cache/jw_sigpro/jwsigpro_cache_e14e753e0e_lackfolie416.jpg,7695,f628e4978d0d90c9053766f1b39ed1b85f5882db70bd60c14a9cd54f870c0232
https://vl63.ru/cache/jw_sigpro/jwsigpro_cache_e14e753e0e_rose_stratch_ceiling_416_color_lackfolie.jpg,cache/jw_sigpro/jwsigpro_cache_e14e753e0e_rose_stratch_ceiling_416_color_lackfolie.jpg,9187,ad5d148195b79646f0c22e5bd1af03b2b0e27b32e82f90eb6dae203977236cd8
https://vl63.ru/cache/jw_sigpro/jwsigpro_cache_e1ac88274f_707.jpg,cache/jw_sigpro/jwsigpro_cache_e1ac88274f_707.jpg,9195,d2566aa7f0f1ce9c28f4cf0bd37ae55d9d95205b7c8c1fbdacfebb8bb62425cf
https://vl63.ru/cache/jw_sigpro/jwsigpro_cache_e1efb362d3_1-sapsan.jpg,cache/jw_sigpro/jwsigpro_cache_e1efb362d3_1-sapsan.jpg,9998,0447ff01794d2dcb7a15ee819e81aad4884d9eccc1a8df9b556aef2e826f9cbb
https://vl63.ru/cache/jw_sigpro/jwsigpro_cache_e1efb362d3_2-urovnevyi_svetilnik_steklo.jpg,cache/jw_sigpro/jwsigpro_cache_e1efb362d3_2-urovnevyi_svetilnik_steklo.jpg,8051,265350020d46395930195663c2953c2a3265a3c2f67169824ce8ca00f33a8aeb
https://vl63.ru/cache/jw_sigpro/jwsigpro_cache_e1efb362d3_fotopechat_na_natjazhnom_potolke_gljanez.jpg,cache/jw_sigpro/jwsigpro_cache_e1efb362d3_fotopechat_na_natjazhnom_potolke_gljanez.jpg,7983,e581988f58e83eded8c4da77d4e50b504495c8020f22b3f47e6f6c750f11ff85
https://vl63.ru/cache/jw_sigpro/jwsigpro_cache_e1efb362d3_fotopechat_na_natjazhnom_potolke_satin.jpg,cache/jw_sigpro/jwsigpro_cache_e1efb362d3_fotopechat_na_natjazhnom_potolke_satin.jpg,8045,69b08fb9dc128d4e563abd92431ae0e2edb5aec327dca8fe82b5336053c8145f
https://vl63.ru/cache/jw_sigpro/jwsigpro_cache_e1efb362d3_image00001.jpg,cache/jw_sigpro/jwsigpro_cache_e1efb362d3_image00001.jpg,10818,e08359004f9524246dda988913896674bb0b4de002b82814dbbc862973fdfb76
https://vl63.ru/cache/jw_sigpro/jwsigpro_cache_e1efb362d3_image00002.jpg,cache/jw_sigpro/jwsigpro_cache_e1efb362d3_image00002.jpg,10532,7fe216c827aed59f06a7c23a4469cd0c2802b7fe64a69d1e2598e4a0ae81d544
https://vl63.ru/cache/jw_sigpro/jwsigpro_cache_e1efb362d3_image00003.jpg,cache/jw_sigpro/jwsigpro_cache_e1efb362d3_image00003.jpg,8042,0eb9d56fb74f279e2e46e6b5b3b39d0e24d912fb79714d08238a0cc3fe051c7a
https://vl63.ru/cache/jw_sigpro/jwsigpro_cache_e1efb362d3_image00004.jpg,cache/jw_sigpro/jwsigpro_cache_e1efb362d3_image00004.jpg,6254,3ceacef4473945e8a16b1c7f9fc98e695121edb5c9577c1759bb930a30bab989
https://vl63.ru/cache/jw_sigpro/jwsigpro_cache_e1efb362d3_image00005.jpg,cache/jw_sigpro/jwsigpro_cache_e1efb362d3_image00005.jpg,5902,941d9447c2fa13f62fb1b39c1834d4ceaba851300584dde0065bcaee151af4b6
https://vl63.ru/cache/jw_sigpro/jwsigpro_cache_e1efb362d3_image00006.jpg,cache/jw_sigpro/jwsigpro_cache_e1efb362d3_image00006.jpg,12074,064e2398b5fa479633ce7542bef0f3bea18610b74ac7e7d575fe29ecabeb2542
https://vl63.ru/cache/jw_sigpro/jwsigpro_cache_e1efb362d3_image00007.jpg,cache/jw_sigpro/jwsigpro_cache_e1efb362d3_image00007.jpg,10775,18be96b56f3b1f5aca83c82d98a63e3283ac3f151d9579c0c7e022d2cd5c874e
https://vl63.ru/cache/jw_sigpro/jwsigpro_cache_e1efb362d3_image00008.jpg,cache/jw_sigpro/jwsigpro_cache_e1efb362d3_image00008.jpg,10362,a4c1c6d592d7ada365eaa73e97e578f03419c998a837442642c8863caa6c2b2d
https://vl63.ru/cache/jw_sigpro/jwsigpro_cache_e1efb362d3_image00009.jpg,cache/jw_sigpro/jwsigpro_cache_e1efb362d3_image00009.jpg,6299,60cc547ed12280206bab4e30c95861039f554c3a1c258924948b536c20f5adcd
https://vl63.ru/cache/jw_sigpro/jwsigpro_cache_e1efb362d3_image00010.jpg,cache/jw_sigpro/jwsigpro_cache_e1efb362d3_image00010.jpg,6999,e00ca5001286d0da851430586c794c65cde334d86bf8d1b70e4125020eb207bd
https://vl63.ru/cache/jw_sigpro/jwsigpro_cache_e1efb362d3_image00011.jpg,cache/jw_sigpro/jwsigpro_cache_e1efb362d3_image00011.jpg,7400,18f6bb1541937b59c253b0effe3e2fefe952d020e6f534261fe275c7b13274e1
https://vl63.ru/cache/jw_sigpro/jwsigpro_cache_e1efb362d3_image00012.jpg,cache/jw_sigpro/jwsigpro_cache_e1efb362d3_image00012.jpg,9235,2d5614faa3fa49d983af192555afa6c417e807d7372f4201afe28a7b6d7ae282
https://vl63.ru/cache/jw_sigpro/jwsigpro_cache_e1efb362d3_image00013.jpg,cache/jw_sigpro/jwsigpro_cache_e1efb362d3_image00013.jpg,6807,5fa6bb7400a9d5eaf811492cff001591019350fc50e5c367004576c2a2e7d99d
https://vl63.ru/cache/jw_sigpro/jwsigpro_cache_e1efb362d3_image00014.jpg,cache/jw_sigpro/jwsigpro_cache_e1efb362d3_image00014.jpg,5606,52713002ad5fde44eb6c7d47be5ba2da8ea3f29f1d1025005edbf959aca13ee3
https://vl63.ru/cache/jw_sigpro/jwsigpro_cache_e1efb362d3_image00015.jpg,cache/jw_sigpro/jwsigpro_cache_e1efb362d3_image00015.jpg,5182,25ec5a56c9d6b2352b9271355c249748230c33c72bebdcc99b4d1535ad2496e0
https://vl63.ru/cache/jw_sigpro/jwsigpro_cache_e1efb362d3_image00016.jpg,cache/jw_sigpro/jwsigpro_cache_e1efb362d3_image00016.jpg,7705,fda8eb1b1152dbfd7882ed90a4c14ff90d626184e2491ff073aff22a49a5588a
https://vl63.ru/cache/jw_sigpro/jwsigpro_cache_e1efb362d3_image00017.jpg,cache/jw_sigpro/jwsigpro_cache_e1efb362d3_image00017.jpg,8530,91b27bb317bbb1b7da60ca7db332b0f10e478db5f9c469b710230375cafc8185
https://vl63.ru/cache/jw_sigpro/jwsigpro_cache_e1efb362d3_image00018.jpg,cache/jw_sigpro/jwsigpro_cache_e1efb362d3_image00018.jpg,6213,99261500893607fba999d72d618a654e998b15c4b8da2a46fbfe727f4405da37
https://vl63.ru/cache/jw_sigpro/jwsigpro_cache_e1efb362d3_image00019.jpg,cache/jw_sigpro/jwsigpro_cache_e1efb362d3_image00019.jpg,7465,8c8c6a0eeb9a46fb35a4a8427eb18a50b022f466dcfefd8219350d85cdfeca72
https://vl63.ru/cache/jw_sigpro/jwsigpro_cache_e1efb362d3_image00020.jpg,cache/jw_sigpro/jwsigpro_cache_e1efb362d3_image00020.jpg,7712,719533b7cb56c037a4ef411afc115aae1336c4d0a3af21e73fdd52ddd69838c6
https://vl63.ru/cache/jw_sigpro/jwsigpro_cache_e1efb362d3_image00021.jpg,cache/jw_sigpro/jwsigpro_cache_e1efb362d3_image00021.jpg,8010,4efc5033231b20ce2eb1e7f7e9768918aa29aa1e769fb2048e2cb384cadfe051
https://vl63.ru/cache/jw_sigpro/jwsigpro_cache_e1efb362d3_img_2734.jpg,cache/jw_sigpro/jwsigpro_cache_e1efb362d3_img_2734.jpg,9186,0bac5b612ea4c37dfbfc36efd576e5d000ca06f880a60713f0df6628f2dbeb1c
https://vl63.ru/cache/jw_sigpro/jwsigpro_cache_e1efb362d3_img_2735.jpg,cache/jw_sigpro/jwsigpro_cache_e1efb362d3_img_2735.jpg,6749,8f7c1e64a1fe7cde78083f1ecb69d0cc6c61dc42b5b4b066f8c93f646649eed2
https://vl63.ru/cache/jw_sigpro/jwsigpro_cache_e1efb362d3_img_4542.jpg,cache/jw_sigpro/jwsigpro_cache_e1efb362d3_img_4542.jpg,5129,613babaae19661566695863ada09e72b160952bd28b6fac68475b2ccf2bb20c1
https://vl63.ru/cache/jw_sigpro/jwsigpro_cache_e1efb362d3_img_5835.jpg,cache/jw_sigpro/jwsigpro_cache_e1efb362d3_img_5835.jpg,8881,440f58f327b18872d5b626d3ed09b6066b87ef3cc7e4cfb2f9e0d989756e758c
https://vl63.ru/cache/jw_sigpro/jwsigpro_cache_e1efb362d3_img_6170.jpg,cache/jw_sigpro/jwsigpro_cache_e1efb362d3_img_6170.jpg,6162,916f45f0d2003fa7e8ebd651eaa288896a435800604ea2779e33ad601fa92471
https://vl63.ru/cache/jw_sigpro/jwsigpro_cache_e1efb362d3_img_6187.jpg,cache/jw_sigpro/jwsigpro_cache_e1efb362d3_img_6187.jpg,8834,357489da1dcb71a2a9c43c3c9d7213569d72eea1468ee8707aca7f650c3d088d
https://vl63.ru/cache/jw_sigpro/jwsigpro_cache_e1efb362d3_img_6190.jpg,cache/jw_sigpro/jwsigpro_cache_e1efb362d3_img_6190.jpg,6827,62539d7e326d3d4e7c78c59e6b0ee7783b9af3a0814a02416344fd4383ce05f4
https://vl63.ru/cache/jw_sigpro/jwsigpro_cache_e1efb362d3_rose_bedroom.jpg,cache/jw_sigpro/jwsigpro_cache_e1efb362d3_rose_bedroom.jpg,6209,b3ab8209f5f2295a5d05d94e652b586d461a017b00f98f90635154ef19da66c7
https://vl63.ru/cache/jw_sigpro/jwsigpro_cache_e1efb362d3_spalnja.jpg,cache/jw_sigpro/jwsigpro_cache_e1efb362d3_spalnja.jpg,7327,a318fda24d7508fd089d65e13a151c8146a97b0cad85bd2430b2f22abbf476b4
https://vl63.ru/cache/jw_sigpro/jwsigpro_cache_e2423edf28_1.jpg,cache/jw_sigpro/jwsigpro_cache_e2423edf28_1.jpg,6158,2e05eabeab504083185abdf0374f4cd801979dd4bbe72485716264d90244bf82
https://vl63.ru/cache/jw_sigpro/jwsigpro_cache_e2423edf28_2.jpg,cache/jw_sigpro/jwsigpro_cache_e2423edf28_2.jpg,7411,5edeca0246142b79268cb737c29f49edc1a43407b97cabd4fdb03d086e682b38
https://vl63.ru/cache/jw_sigpro/jwsigpro_cache_e2423edf28_3.jpg,cache/jw_sigpro/jwsigpro_cache_e2423edf28_3.jpg,6295,076950eea744ce7655d35e1926f0c9bfd15af9b2ca2a1a8615294227b92001ef
https://vl63.ru/cache/jw_sigpro/jwsigpro_cache_e2423edf28_4.jpg,cache/jw_sigpro/jwsigpro_cache_e2423edf28_4.jpg,6368,d1a014e7fcdab601c94eeb16d5ad141f26a9ccb27dc12fa186490ab428d4f3c8
https://vl63.ru/cache/jw_sigpro/jwsigpro_cache_e2423edf28_svetlo-zelenyi_lakovyi_natyazhnoi_potolok.jpg,cache/jw_sigpro/jwsigpro_cache_e2423edf28_svetlo-zelenyi_lakovyi_natyazhnoi_potolok.jpg,10509,c52ffd612296b905a5fa11a50b1ebd12e77216ece4050490c93184df2f2628d3
https://vl63.ru/cache/jw_sigpro/jwsigpro_cache_e2423edf28_svetlo-zelenyi_lakovyi_potolok.jpg,cache/jw_sigpro/jwsigpro_cache_e2423edf28_svetlo-zelenyi_lakovyi_potolok.jpg,11801,616561773fb20f5181d9ec7a1b5240f2d34a6e8d45971bc61532cb7a0d725e4f
https://vl63.ru/cache/jw_sigpro/jwsigpro_cache_e2423edf28_svetlo-zelenyi_lakovyi_potolok_v_gostinoi.jpg,cache/jw_sigpro/jwsigpro_cache_e2423edf28_svetlo-zelenyi_lakovyi_potolok_v_gostinoi.jpg,7417,6efa0a07d0d8b56c29f99b5fd4ab0ab8ad5d19471c105cdd277e74aab0ccbce8
https://vl63.ru/cache/jw_sigpro/jwsigpro_cache_e2423edf28_svetlo-zelenyi_lakovyi_potolok_v_zale.jpg,cache/jw_sigpro/jwsigpro_cache_e2423edf28_svetlo-zelenyi_lakovyi_potolok_v_zale.jpg,9427,49b3679a2fc0ba2fff9cbd485b54e1bcd8b3913366ba79595e6b57bc976fe182
https://vl63.ru/cache/jw_sigpro/jwsigpro_cache_e2423edf28_svetlo-zelenyi_potolok.jpg,cache/jw_sigpro/jwsigpro_cache_e2423edf28_svetlo-zelenyi_potolok.jpg,11272,ac012493ed8da115e299400e8d63544516ecae109f77d9d33c110a15370a3e16
https://vl63.ru/cache/jw_sigpro/jwsigpro_cache_e2423edf28_svetlo_zelenyi_lakovyi_natyaznoy_potolok.jpg,cache/jw_sigpro/jwsigpro_cache_e2423edf28_svetlo_zelenyi_lakovyi_natyaznoy_potolok.jpg,9748,756b886d70167aee626be3a0860125a26a70d97daad9196e6ee350a20fe89dac
https://vl63.ru/cache/jw_sigpro/jwsigpro_cache_e2423edf28_svetlo_zelenyi_lakovyi_potolok.jpg,cache/jw_sigpro/jwsigpro_cache_e2423edf28_svetlo_zelenyi_lakovyi_potolok.jpg,10604,78dd8e962ef555a8f37739ecde9090f1462a34171b4502046621ead3ad1a5ba1
https://vl63.ru/cache/jw_sigpro/jwsigpro_cache_e25eb17d17_blue.jpg,cache/jw_sigpro/jwsigpro_cache_e25eb17d17_blue.jpg,6574,05a264df60f4b7dafc8ef319f503d9832e913063aaa3d7995877fe5e78955596
https://vl63.ru/cache/jw_sigpro/jwsigpro_cache_e25eb17d17_image00001.jpg,cache/jw_sigpro/jwsigpro_cache_e25eb17d17_image00001.jpg,7263,55f90a449d56d4c062f9ebc498e3393ba51d78fab9dc5b67f11769dcb435aebb
https://vl63.ru/cache/jw_sigpro/jwsigpro_cache_e25eb17d17_image00002.jpg,cache/jw_sigpro/jwsigpro_cache_e25eb17d17_image00002.jpg,10323,c024aa7d7bf7054e1a85c0e7ca146f9e3f2ae3703eb79e2076f728236352b8ae
https://vl63.ru/cache/jw_sigpro/jwsigpro_cache_e25eb17d17_image00003.jpg,cache/jw_sigpro/jwsigpro_cache_e25eb17d17_image00003.jpg,9906,372a9c147eb90b2cc16f575fce8ac15958acb98c886b8cbef33baacfe6406850
https://vl63.ru/cache/jw_sigpro/jwsigpro_cache_e25eb17d17_image00004.jpg,cache/jw_sigpro/jwsigpro_cache_e25eb17d17_image00004.jpg,8474,346fe257a8fbb469d0f806044fdbe8d44e7fabe9c17dd47c13b3040c4814b1aa
https://vl63.ru/cache/jw_sigpro/jwsigpro_cache_e25eb17d17_image00005.jpg,cache/jw_sigpro/jwsigpro_cache_e25eb17d17_image00005.jpg,7185,7182c20fbef14753d7d7fb9b334ec0d96ae48f6dd9af1b081e69fa11cde6af80
https://vl63.ru/cache/jw_sigpro/jwsigpro_cache_e25eb17d17_image00006.jpg,cache/jw_sigpro/jwsigpro_cache_e25eb17d17_image00006.jpg,7295,e93447b961fc1e644f8f6d80c04dc770fff061517e36411fde358731615bbc74
https://vl63.ru/cache/jw_sigpro/jwsigpro_cache_e25eb17d17_image00007.jpg,cache/jw_sigpro/jwsigpro_cache_e25eb17d17_image00007.jpg,6252,b36992367ef4b71df1e0e5b33a8e907ba9f63fdc0c226ae6273824e5c5f511b1
https://vl63.ru/cache/jw_sigpro/jwsigpro_cache_e25eb17d17_image00008.jpg,cache/jw_sigpro/jwsigpro_cache_e25eb17d17_image00008.jpg,7747,382be7f5bab5a375c70b7e44ea9de891d154b3823a4208718ef66062a89d0ddb
https://vl63.ru/cache/jw_sigpro/jwsigpro_cache_e25eb17d17_image00009.jpg,cache/jw_sigpro/jwsigpro_cache_e25eb17d17_image00009.jpg,4736,ee5d93cc1775cdf78fc845cf65a82f0166522ff7f466aade1c488a543e0434c1
https://vl63.ru/cache/jw_sigpro/jwsigpro_cache_e25eb17d17_image00010.jpg,cache/jw_sigpro/jwsigpro_cache_e25eb17d17_image00010.jpg,11920,7206150bd3cfc82b11b39a25c8ffc14f90f191a2352f334c773ca2f7568f2c45
https://vl63.ru/cache/jw_sigpro/jwsigpro_cache_e25eb17d17_image00011.jpg,cache/jw_sigpro/jwsigpro_cache_e25eb17d17_image00011.jpg,6466,3eb2cfccddc6ae43c41b969ef2a388b8cf80692f816406542d6bddc7ac64e5f9
https://vl63.ru/cache/jw_sigpro/jwsigpro_cache_e25eb17d17_image00012.jpg,cache/jw_sigpro/jwsigpro_cache_e25eb17d17_image00012.jpg,7795,4bae3e09761eb2d9823d17b1710f94dc6543c1bb3d71834736ae8d3ff48869e9
https://vl63.ru/cache/jw_sigpro/jwsigpro_cache_e25eb17d17_image00013.jpg,cache/jw_sigpro/jwsigpro_cache_e25eb17d17_image00013.jpg,10707,33f0bb58c6a8be1c196ddcd35b5e4b71a94da4e4bb24c677adee51a8bf2992ac
https://vl63.ru/cache/jw_sigpro/jwsigpro_cache_e25eb17d17_image00014.jpg,cache/jw_sigpro/jwsigpro_cache_e25eb17d17_image00014.jpg,9203,72cae884055e655430cdc2e21de64f36d38154fed5227b539d76340e49f1510a
https://vl63.ru/cache/jw_sigpro/jwsigpro_cache_e25eb17d17_image00015.jpg,cache/jw_sigpro/jwsigpro_cache_e25eb17d17_image00015.jpg,6731,a5970a26fba2319b32fac379c2dfd5afb976fe2c7bfc805ed125676e7fdd5b8a
https://vl63.ru/cache/jw_sigpro/jwsigpro_cache_e25eb17d17_image00016.jpg,cache/jw_sigpro/jwsigpro_cache_e25eb17d17_image00016.jpg,7271,546d5f70f38ab01403c26510c1b7cbc51062fc797a8813cebff07a53cd8b6715
https://vl63.ru/cache/jw_sigpro/jwsigpro_cache_e25eb17d17_image00017.jpg,cache/jw_sigpro/jwsigpro_cache_e25eb17d17_image00017.jpg,6833,bc5b8e28035dd84f0d0fb52c2b8c63f3698aee3514ae58c562e55239b8ba7d5a
https://vl63.ru/cache/jw_sigpro/jwsigpro_cache_e25eb17d17_image00018.jpg,cache/jw_sigpro/jwsigpro_cache_e25eb17d17_image00018.jpg,9044,a2828b598cba0aba4735b9df8596f9e43f1f76bc5058d6d6ad72ca8339fc754c
https://vl63.ru/cache/jw_sigpro/jwsigpro_cache_e25eb17d17_image00019.jpg,cache/jw_sigpro/jwsigpro_cache_e25eb17d17_image00019.jpg,8493,da3a633f60367827ffa78be0f20435a2d29a91791bf119ddbb1aeef4afc263bc
https://vl63.ru/cache/jw_sigpro/jwsigpro_cache_e25eb17d17_image00020.jpg,cache/jw_sigpro/jwsigpro_cache_e25eb17d17_image00020.jpg,10109,4f5a7aa8aa29aa640da88f4c3dba295a12b6702e63b4867c7f84ccc4245c4b87
https://vl63.ru/cache/jw_sigpro/jwsigpro_cache_e25eb17d17_image00021.jpg,cache/jw_sigpro/jwsigpro_cache_e25eb17d17_image00021.jpg,7740,5f4cf4a1749868e88138ae7e1bb998edec693cf3478431a209b5d09151938d45
https://vl63.ru/cache/jw_sigpro/jwsigpro_cache_e25eb17d17_image00022.jpg,cache/jw_sigpro/jwsigpro_cache_e25eb17d17_image00022.jpg,7604,c2161d9858a1f7c898ced424b11e1cf4ce308f4ca2ac79f4be003355ba07cc81
https://vl63.ru/cache/jw_sigpro/jwsigpro_cache_e25eb17d17_image00023.jpg,cache/jw_sigpro/jwsigpro_cache_e25eb17d17_image00023.jpg,11504,31fd133bd97294c08da04b43cc8feb19967f31d3beba32b303244993a7d6ae81
https://vl63.ru/cache/jw_sigpro/jwsigpro_cache_e25eb17d17_image00024.jpg,cache/jw_sigpro/jwsigpro_cache_e25eb17d17_image00024.jpg,9080,e795202ec64252e2c0e83de66755a4afe80ef0adbaf9d3833ef9d337ec24e53e
https://vl63.ru/cache/jw_sigpro/jwsigpro_cache_e25eb17d17_image00025.jpg,cache/jw_sigpro/jwsigpro_cache_e25eb17d17_image00025.jpg,8430,c55b7b3a15ba93cd55163e02ec8ada49a9ad9397ee37f07664eee4e3b6a85340
https://vl63.ru/cache/jw_sigpro/jwsigpro_cache_e25eb17d17_image00026.jpg,cache/jw_sigpro/jwsigpro_cache_e25eb17d17_image00026.jpg,6738,89df284e3d6106a99ad69d9cc1b8a3786b0848006c8d94505bc3cf144f1e573e
https://vl63.ru/cache/jw_sigpro/jwsigpro_cache_e25eb17d17_image00027.jpg,cache/jw_sigpro/jwsigpro_cache_e25eb17d17_image00027.jpg,7930,fcee012781dd418e95c7a1b0a4767a691f4e2ffeeb35bb2509d77530dbc8d06f
https://vl63.ru/cache/jw_sigpro/jwsigpro_cache_e25eb17d17_image00028.jpg,cache/jw_sigpro/jwsigpro_cache_e25eb17d17_image00028.jpg,7476,6461a90f722006b65801bf1df96a7d3a24471b2861b51c4af2c50fea6f646b9b
https://vl63.ru/cache/jw_sigpro/jwsigpro_cache_e25eb17d17_image00029.jpg,cache/jw_sigpro/jwsigpro_cache_e25eb17d17_image00029.jpg,6439,8319d25c5fc6de67032850d2553f735d0f8cd17b1997d0ed9c8b627030e33802
https://vl63.ru/cache/jw_sigpro/jwsigpro_cache_e25eb17d17_image00030.jpg,cache/jw_sigpro/jwsigpro_cache_e25eb17d17_image00030.jpg,6349,b5c732f56412920bca17c544d957c158d6ae656da5edb8bceef5b13e1695ec69
https://vl63.ru/cache/jw_sigpro/jwsigpro_cache_e25eb17d17_image00031.jpg,cache/jw_sigpro/jwsigpro_cache_e25eb17d17_image00031.jpg,6472,8340a9a886bcc066b132bc246f0a08727284f15d84d65f363587a0ca1188df89
https://vl63.ru/cache/jw_sigpro/jwsigpro_cache_e25eb17d17_image00032.jpg,cache/jw_sigpro/jwsigpro_cache_e25eb17d17_image00032.jpg,6530,9b1c393cfbfc619c54b004ea11272172f17513af594b49aacb657154e15b935d
https://vl63.ru/cache/jw_sigpro/jwsigpro_cache_e25eb17d17_image00033.jpg,cache/jw_sigpro/jwsigpro_cache_e25eb17d17_image00033.jpg,10900,3eb14a291fac3a3f7b3711c42c0d64463cd00c08891f0b2cd2878dcd9bdb6d9e
https://vl63.ru/cache/jw_sigpro/jwsigpro_cache_e25eb17d17_korichnevyi_potolok_gostinaja.jpg,cache/jw_sigpro/jwsigpro_cache_e25eb17d17_korichnevyi_potolok_gostinaja.jpg,9253,40bfa7ef6127b5fbaa84909be2cf9e4be5f8b9f14fb0ca69a34758d2bdbba0e0
https://vl63.ru/cache/jw_sigpro/jwsigpro_cache_e25eb17d17_korichnevyi_potolok_krug.jpg,cache/jw_sigpro/jwsigpro_cache_e25eb17d17_korichnevyi_potolok_krug.jpg,11305,0410b557e102174c0a1b8175113fff6379d9716e0d67bd4a72d4e5e1b54c12db
https://vl63.ru/cache/jw_sigpro/jwsigpro_cache_e25eb17d17_satin_white_lak_bordo.jpg,cache/jw_sigpro/jwsigpro_cache_e25eb17d17_satin_white_lak_bordo.jpg,6818,6b5b63f7faa59b55d885637d635af12ef4ff33f912b7283e7cdc6fb9b80ea26e
https://vl63.ru/cache/jw_sigpro/jwsigpro_cache_e25eb17d17_svetlo-green.jpg,cache/jw_sigpro/jwsigpro_cache_e25eb17d17_svetlo-green.jpg,7136,a309dfb56eecc2e73c85ec3678a0de05341e39e7ef0770c5b0ca769d5cbdeb82
https://vl63.ru/cache/jw_sigpro/jwsigpro_cache_e25eb17d17_svetlo-zelenyi.jpg,cache/jw_sigpro/jwsigpro_cache_e25eb17d17_svetlo-zelenyi.jpg,6685,c37f0def3a1ba487a9cc2511fc0f20cd487150c2679ae1ad45180c9a21862ad9
https://vl63.ru/cache/jw_sigpro/jwsigpro_cache_e50bdaa725_assortiment-v-metalle.jpg,cache/jw_sigpro/jwsigpro_cache_e50bdaa725_assortiment-v-metalle.jpg,9318,213b24eb6fb555ec4cc93a43a525c7b8d2cb2ef51d03c88027723c9a42e65db5
https://vl63.ru/cache/jw_sigpro/jwsigpro_cache_e50bdaa725_gx53_na_belom_lake.jpg,cache/jw_sigpro/jwsigpro_cache_e50bdaa725_gx53_na_belom_lake.jpg,9161,cace84e76107e8a53d1565f24d7872d38b1a6f6f1784b145792727bbeeada262
https://vl63.ru/cache/jw_sigpro/jwsigpro_cache_e50bdaa725_gx53_shtory.jpg,cache/jw_sigpro/jwsigpro_cache_e50bdaa725_gx53_shtory.jpg,4886,1d5477472597bda64b62780581030d9fef319b7e85064acb8adca4fb7f4e951e
https://vl63.ru/cache/jw_sigpro/jwsigpro_cache_e50bdaa725_gx53_vannaja.jpg,cache/jw_sigpro/jwsigpro_cache_e50bdaa725_gx53_vannaja.jpg,10468,adf61ec745d5878bf586c39aedad9369fdfb4c3b749b5360577862aafaeef2bd
https://vl63.ru/cache/jw_sigpro/jwsigpro_cache_e50bdaa725_potolok-volnoi_v_basseine.jpg,cache/jw_sigpro/jwsigpro_cache_e50bdaa725_potolok-volnoi_v_basseine.jpg,7447,8d97510e908c58aaa10ba52fd9386cfbf4d661c372ff7f02c138b6fadeed833d
https://vl63.ru/cache/jw_sigpro/jwsigpro_cache_e50bdaa725_svetilniki_gx53_billiard.jpg,cache/jw_sigpro/jwsigpro_cache_e50bdaa725_svetilniki_gx53_billiard.jpg,7967,25af50054dc1403a63ebae9f1ca45a1dc6f4dfa297bb1143fe1cade8d9ec4c71
https://vl63.ru/cache/jw_sigpro/jwsigpro_cache_e50bdaa725_svetilniki_gx53_liberta.jpg,cache/jw_sigpro/jwsigpro_cache_e50bdaa725_svetilniki_gx53_liberta.jpg,8885,c669af02715552b58e655ec31316f861a513dd19cb7f1e2234003db554b0fc62
https://vl63.ru/cache/jw_sigpro/jwsigpro_cache_e62d12b763_3d-potolok-illuminator_s_podsvetkoi_kontura_v_temnote.jpg,cache/jw_sigpro/jwsigpro_cache_e62d12b763_3d-potolok-illuminator_s_podsvetkoi_kontura_v_temnote.jpg,2792,275daf6aff8234606991817eb531f3e5af94aba069620471f5f973a05c21674e
https://vl63.ru/cache/jw_sigpro/jwsigpro_cache_e62d12b763_3d-potolok_illuminator_s_podsvetkoi_kontura_v_temnote.jpg,cache/jw_sigpro/jwsigpro_cache_e62d12b763_3d-potolok_illuminator_s_podsvetkoi_kontura_v_temnote.jpg,7859,93d6240bd4c7b55b64a3afbe52dccd675f758d07d772633d785ea78484542235
https://vl63.ru/cache/jw_sigpro/jwsigpro_cache_e62d12b763_3d-potolok_v_armstrong-illuminator_s_podsvetkoi_kontura_pri_svete.jpg,cache/jw_sigpro/jwsigpro_cache_e62d12b763_3d-potolok_v_armstrong-illuminator_s_podsvetkoi_kontura_pri_svete.jpg,5933,81902b094e604dce26c7147822952af1dd5aabd58ce0ceec79438a6e99a4ddf2
https://vl63.ru/cache/jw_sigpro/jwsigpro_cache_e62d12b763_3d-potolok_v_armstronge-illuminator_s_podsvetkoi_kontura_pri_svete.jpg,cache/jw_sigpro/jwsigpro_cache_e62d12b763_3d-potolok_v_armstronge-illuminator_s_p__3bdc63542c29.jpg,10488,8eaafda7e446f712b2da884243f80054569d94b140234f4e4a805e941826f727
https://vl63.ru/cache/jw_sigpro/jwsigpro_cache_e723836665_1.jpg,cache/jw_sigpro/jwsigpro_cache_e723836665_1.jpg,6202,aed4d41bda2d5fd94f1a51b882d8f6161cc2f02f67d786bf1748f5fae550002f
https://vl63.ru/cache/jw_sigpro/jwsigpro_cache_e723836665_10.jpg,cache/jw_sigpro/jwsigpro_cache_e723836665_10.jpg,5984,08429752193f98723ff3e3755c4ced65938883566cd14a4386ad5f97ca68674a
https://vl63.ru/cache/jw_sigpro/jwsigpro_cache_e723836665_2.jpg,cache/jw_sigpro/jwsigpro_cache_e723836665_2.jpg,5455,c4a307c0bb3b9f49377b1a0286f4bf0be396d71cf26a5e0ae5e8fe0332697ac4
https://vl63.ru/cache/jw_sigpro/jwsigpro_cache_e723836665_3.jpg,cache/jw_sigpro/jwsigpro_cache_e723836665_3.jpg,3547,d14e6a2f480e14d701685343b77cf4f5c32b1b98f005485ab4cfe1e55412c4bf
https://vl63.ru/cache/jw_sigpro/jwsigpro_cache_e723836665_4.jpg,cache/jw_sigpro/jwsigpro_cache_e723836665_4.jpg,4952,ba04aa2dc0f1f7aa955beeacb3c1433f3e295a7ca2ad1c25a7b682bbf1c3acb3
https://vl63.ru/cache/jw_sigpro/jwsigpro_cache_e723836665_6.jpg,cache/jw_sigpro/jwsigpro_cache_e723836665_6.jpg,6694,c0eedf2a3f51eec88e9f612015a2354a0797bb3fcf74d1700cff75eb6522326f
https://vl63.ru/cache/jw_sigpro/jwsigpro_cache_e723836665_7.jpg,cache/jw_sigpro/jwsigpro_cache_e723836665_7.jpg,6170,65a5732bbddc048aa048c168afa89892c40041b638ae1b776d705569117659e8
https://vl63.ru/cache/jw_sigpro/jwsigpro_cache_e723836665_9.jpg,cache/jw_sigpro/jwsigpro_cache_e723836665_9.jpg,6091,4abfff6a9985b9641dc4f6d4675ecfddd93ad2d6f71b008a79b91372f9643563
https://vl63.ru/cache/jw_sigpro/jwsigpro_cache_e723836665_krivolineinaja-spajka-natjazhnyh-potolkov-foto.jpg,cache/jw_sigpro/jwsigpro_cache_e723836665_krivolineinaja-spajka-natjazhnyh-potolkov-foto.jpg,8893,380eb304be3080c5e4193e8aa0d0a90e677490c659fcef947ca2a5b0ec138b14
https://vl63.ru/cache/jw_sigpro/jwsigpro_cache_e723836665_krivolinejnaja-spajka-natjazhnyh-potolkov-2-tsvetov.jpg,cache/jw_sigpro/jwsigpro_cache_e723836665_krivolinejnaja-spajka-natjazhnyh-potolkov-2-tsvetov.jpg,6076,93b3c2ab6b58970c3b33f265709880f09d1afe0810d887fe1ce85a523332a968
https://vl63.ru/cache/jw_sigpro/jwsigpro_cache_e723836665_krivolinejnaja-spajka-natjazhnyh-potolkov-dvuh-tsvetov.jpg,cache/jw_sigpro/jwsigpro_cache_e723836665_krivolinejnaja-spajka-natjazhnyh-potolkov-dvuh-tsvetov.jpg,7127,5c6a919f767001f19c1a38695ae372d8125ecbf8dfec80282194d2df0b236ec7
https://vl63.ru/cache/jw_sigpro/jwsigpro_cache_e723836665_krivolinejnaja-spajka-natjazhnyh-potolkov-foto.jpg,cache/jw_sigpro/jwsigpro_cache_e723836665_krivolinejnaja-spajka-natjazhnyh-potolkov-foto.jpg,10649,dd320e1c22d3cec5b86980c3f6cf04c9caa8be1991a421687e534a32f7f749e0
https://vl63.ru/cache/jw_sigpro/jwsigpro_cache_e786f54d73_vitrage_v_svetloi_komnate_vkluchen.jpg,cache/jw_sigpro/jwsigpro_cache_e786f54d73_vitrage_v_svetloi_komnate_vkluchen.jpg,5534,65656f8a1491a72e2b50d46d15aef4fc71afd86365b7b4ae7732d2b84aa39a49
https://vl63.ru/cache/jw_sigpro/jwsigpro_cache_e786f54d73_vitrage_v_svetloi_komnate_vykluchen.jpg,cache/jw_sigpro/jwsigpro_cache_e786f54d73_vitrage_v_svetloi_komnate_vykluchen.jpg,6365,47cd3bc82ab9d513db75782203f0aac5df49dc44b02646c67d37cf7f65ef29d3
https://vl63.ru/cache/jw_sigpro/jwsigpro_cache_e786f54d73_vitrage_v_temnoi_komnate_vkluchen.jpg,cache/jw_sigpro/jwsigpro_cache_e786f54d73_vitrage_v_temnoi_komnate_vkluchen.jpg,3213,cf105f2b81ac232d59c6f9136a113a8f394564af5cbb1a7e7557e715950b1e20
https://vl63.ru/cache/jw_sigpro/jwsigpro_cache_e9f133557a_652.jpg,cache/jw_sigpro/jwsigpro_cache_e9f133557a_652.jpg,5173,42be0133f26b607276b7ebf9e53876083bf8cb6b1fb8635fdc7de057d4d7c42f
https://vl63.ru/cache/jw_sigpro/jwsigpro_cache_e9f133557a_652_zvet_lakfolie.jpg,cache/jw_sigpro/jwsigpro_cache_e9f133557a_652_zvet_lakfolie.jpg,5350,23d2f93da759a51b594c873e24febf47d7b365a2eb103bad9bfc9106f4028021
https://vl63.ru/cache/jw_sigpro/jwsigpro_cache_e9f133557a_img_2682.jpg,cache/jw_sigpro/jwsigpro_cache_e9f133557a_img_2682.jpg,5887,436c91fc7744ae4fd0b4f4947bb58075511b58df505d1f45b59b4934839029ad
https://vl63.ru/cache/jw_sigpro/jwsigpro_cache_e9f133557a_img_6191.jpg,cache/jw_sigpro/jwsigpro_cache_e9f133557a_img_6191.jpg,9860,6d1bb0e1167927f0ea820ab01a02ecfc14aba5b28193a3dd7126b6855ae44252
https://vl63.ru/cache/jw_sigpro/jwsigpro_cache_e9f133557a_img_6192.jpg,cache/jw_sigpro/jwsigpro_cache_e9f133557a_img_6192.jpg,8509,274b8fb12aebaa2de85ce41cda107889faa7331ce8142e3c024bfe1d4ce31506
https://vl63.ru/cache/jw_sigpro/jwsigpro_cache_ec7e5891d5_478-01.jpg,cache/jw_sigpro/jwsigpro_cache_ec7e5891d5_478-01.jpg,9305,0678a8c4a2e0082a1e42f2ad0f9d3ae0152aedeb321c649a7c2cbf66f6e84361
https://vl63.ru/cache/jw_sigpro/jwsigpro_cache_ec7e5891d5_478-02.jpg,cache/jw_sigpro/jwsigpro_cache_ec7e5891d5_478-02.jpg,11787,053cbb46ebdd49c7e34f1c51dee23afb93ff2d85e631135b15e76084d69a7684
https://vl63.ru/cache/jw_sigpro/jwsigpro_cache_ec7e5891d5_478-03.jpg,cache/jw_sigpro/jwsigpro_cache_ec7e5891d5_478-03.jpg,5722,9af236d16dfddf0e39e71820a828616766f136a845d6d18c2fc02b355f3dc1eb
https://vl63.ru/cache/jw_sigpro/jwsigpro_cache_ec7e5891d5_478-04.jpg,cache/jw_sigpro/jwsigpro_cache_ec7e5891d5_478-04.jpg,5573,166ff183c562cede6cadedca8bd9fe816b73e4da3cebbe2878320bb5fb42ff7e
https://vl63.ru/cache/jw_sigpro/jwsigpro_cache_ec7e5891d5_img_6173.jpg,cache/jw_sigpro/jwsigpro_cache_ec7e5891d5_img_6173.jpg,5642,dc36a6968a93a8d959de601ecd2a5892116fc184bb948ea9e6db0dc4df06fc5d
https://vl63.ru/cache/jw_sigpro/jwsigpro_cache_ec7e5891d5_lackfolie-478_kitchen-1.jpg,cache/jw_sigpro/jwsigpro_cache_ec7e5891d5_lackfolie-478_kitchen-1.jpg,5665,7b423b6715518688caa16def58cc982473c15cf7f30e7b8145003a3a1c8d91b9
https://vl63.ru/cache/jw_sigpro/jwsigpro_cache_ec7e5891d5_lackfolie-478_kitchen.jpg,cache/jw_sigpro/jwsigpro_cache_ec7e5891d5_lackfolie-478_kitchen.jpg,5673,e840bc3ee11362abc5262b88a48ae5aa6b5ce259a2db75bf66b00feb44497385
https://vl63.ru/cache/jw_sigpro/jwsigpro_cache_f13580651d_21.jpg,cache/jw_sigpro/jwsigpro_cache_f13580651d_21.jpg,12312,ca36d79be102489f0d1f6609196b14bd4f33e6771ea453d79932421c121b9202
https://vl63.ru/cache/jw_sigpro/jwsigpro_cache_f13580651d_22.jpg,cache/jw_sigpro/jwsigpro_cache_f13580651d_22.jpg,10934,5ca652e0d4ed78bbe809eb411069c7a8473d724c713da31320b14446eded0ab6
https://vl63.ru/cache/jw_sigpro/jwsigpro_cache_f13580651d_23.jpg,cache/jw_sigpro/jwsigpro_cache_f13580651d_23.jpg,10790,57afcc88559f0fd8d0375009a083280384d60f41a8a14604eb86cbe33265e7b8
https://vl63.ru/cache/jw_sigpro/jwsigpro_cache_f15f868355_img_6357.jpg,cache/jw_sigpro/jwsigpro_cache_f15f868355_img_6357.jpg,4518,bcbe3f47941086da256a96608e2dff7b3d2a4d97e24c473f2dfaf7169fc9abcb
https://vl63.ru/cache/jw_sigpro/jwsigpro_cache_f15f868355_konus.jpg,cache/jw_sigpro/jwsigpro_cache_f15f868355_konus.jpg,4075,3614fec98664fabf53c37199460688faf4d37e8021e6051aef505cd2c9d13bc2
https://vl63.ru/cache/jw_sigpro/jwsigpro_cache_f16863de62_delenie_na_zony.jpg,cache/jw_sigpro/jwsigpro_cache_f16863de62_delenie_na_zony.jpg,5086,a58381e8aa74153133808d1bfab1a703dfb029bbc6391be681e02cf338161b3f
https://vl63.ru/cache/jw_sigpro/jwsigpro_cache_f16863de62_krivolineino_razdelitel.jpg,cache/jw_sigpro/jwsigpro_cache_f16863de62_krivolineino_razdelitel.jpg,9986,62dac378958ba4150c97d833315283f161413bc78a57b459eef76c78caf07c42
https://vl63.ru/cache/jw_sigpro/jwsigpro_cache_f16863de62_krug.jpg,cache/jw_sigpro/jwsigpro_cache_f16863de62_krug.jpg,6915,b6e1bb6c37f80bad083761c49998f09740b3f52949fde93c163ac828ddfb6cea
https://vl63.ru/cache/jw_sigpro/jwsigpro_cache_f16863de62_krug_black.jpg,cache/jw_sigpro/jwsigpro_cache_f16863de62_krug_black.jpg,6344,6b7b9ca1698b4c15170ba3ec78c55370fda93934a0fdf16026a5d90aa7bf23f0
https://vl63.ru/cache/jw_sigpro/jwsigpro_cache_f16863de62_razdelitel_profil_duga.jpg,cache/jw_sigpro/jwsigpro_cache_f16863de62_razdelitel_profil_duga.jpg,5677,5b912c53680e7685929a01dcd45dedf555aac4a01b831104b207b6005015c30a
https://vl63.ru/cache/jw_sigpro/jwsigpro_cache_f16863de62_razdelitel_profil_krivolineino.jpg,cache/jw_sigpro/jwsigpro_cache_f16863de62_razdelitel_profil_krivolineino.jpg,6273,04a73f95baf10396276b47dcfcb2faca0e9f94ff864d6669eef04afeeab6b37c
https://vl63.ru/cache/jw_sigpro/jwsigpro_cache_f16863de62_razdelitel_profil_plavnaja_linija.jpg,cache/jw_sigpro/jwsigpro_cache_f16863de62_razdelitel_profil_plavnaja_linija.jpg,6887,6f36995a7bdce8f08ce2739f8fd01e48cf87e76821a37b2c3b278d86ba6f4f98
https://vl63.ru/cache/jw_sigpro/jwsigpro_cache_f16863de62_stretch-ceiling-models.jpg,cache/jw_sigpro/jwsigpro_cache_f16863de62_stretch-ceiling-models.jpg,6378,d95b0aaecada3c437f162aa6d98a1a1bc198c087decf8efb63c07e0febefc21e
https://vl63.ru/cache/jw_sigpro/jwsigpro_cache_f16863de62_vertliner.jpg,cache/jw_sigpro/jwsigpro_cache_f16863de62_vertliner.jpg,4880,437431ca8254a23a9872ed53360f0613b5187d37fefb19eb9488d93b6a9a8c90
https://vl63.ru/cache/jw_sigpro/jwsigpro_cache_f16863de62_vertliner_razan.jpg,cache/jw_sigpro/jwsigpro_cache_f16863de62_vertliner_razan.jpg,4670,85b5457dc48178ecc5a2892468b77a41a46c1c1005883e9a914f7d5fbb94c9e2
https://vl63.ru/cache/jw_sigpro/jwsigpro_cache_f23cdaaf45__2014-07-18_14.jpg,cache/jw_sigpro/jwsigpro_cache_f23cdaaf45__2014-07-18_14.jpg,5134,e6e2366a747d597e53db51c4db56a09f80556cb2c4ed31ce125e553024e23ab3
https://vl63.ru/cache/jw_sigpro/jwsigpro_cache_f23cdaaf45__mg_7147.jpg,cache/jw_sigpro/jwsigpro_cache_f23cdaaf45__mg_7147.jpg,6927,356f33058fa926ae6897bac2b2e04af8dc45f2bac3835608d9ba7037f0867ea9
https://vl63.ru/cache/jw_sigpro/jwsigpro_cache_f23cdaaf45_img_0486.jpg,cache/jw_sigpro/jwsigpro_cache_f23cdaaf45_img_0486.jpg,12476,edb009693574ca88014215631b00ea61b8da94df2b043bb8fb74ad1f55c39ed6
https://vl63.ru/cache/jw_sigpro/jwsigpro_cache_f23cdaaf45_img_0490.jpg,cache/jw_sigpro/jwsigpro_cache_f23cdaaf45_img_0490.jpg,8338,f26a7657ef2a32b99528348358a56eaec1614ac9c08fd321d3ff710f8f78cb71
https://vl63.ru/cache/jw_sigpro/jwsigpro_cache_f23cdaaf45_img_0501.jpg,cache/jw_sigpro/jwsigpro_cache_f23cdaaf45_img_0501.jpg,10434,19ac76f24c956fbd557e051778b74c67cef534034c6b32baae4f4276f9278054
https://vl63.ru/cache/jw_sigpro/jwsigpro_cache_f23cdaaf45_img_0538.jpg,cache/jw_sigpro/jwsigpro_cache_f23cdaaf45_img_0538.jpg,10676,43b5d7943f38415788afe5cf35ffa6d612f5b408737d36cc7d7898219209e6e2
https://vl63.ru/cache/jw_sigpro/jwsigpro_cache_f23cdaaf45_img_0541.jpg,cache/jw_sigpro/jwsigpro_cache_f23cdaaf45_img_0541.jpg,9903,cd1ada1f57c4538df84d3f65cbc9c74f5513be29add0b9961c4d90407c0a9d02
https://vl63.ru/cache/jw_sigpro/jwsigpro_cache_f23cdaaf45_img_4422.jpg,cache/jw_sigpro/jwsigpro_cache_f23cdaaf45_img_4422.jpg,5271,24dd7cb3f23c15c72337e7226fa4fe4a7998aeb79658fbcc448c005b6c1a853a
https://vl63.ru/cache/jw_sigpro/jwsigpro_cache_f23cdaaf45_img_4425.jpg,cache/jw_sigpro/jwsigpro_cache_f23cdaaf45_img_4425.jpg,7411,a424077b366dbbc2e69ac7de47c666c3066b166145fccbe5d09d7a08f82f4a93
https://vl63.ru/cache/jw_sigpro/jwsigpro_cache_f5d1fec2db_lackfolie-333_potolok_pod_gips.jpg,cache/jw_sigpro/jwsigpro_cache_f5d1fec2db_lackfolie-333_potolok_pod_gips.jpg,4329,f6e8aa609d40a834ebe82cb6bea7dd46f52526a9692d8ed5839ad419ca59dd1d
https://vl63.ru/cache/jw_sigpro/jwsigpro_cache_f5d1fec2db_lackfolie-333_potolok_v_zale.jpg,cache/jw_sigpro/jwsigpro_cache_f5d1fec2db_lackfolie-333_potolok_v_zale.jpg,9919,51cd976facb2710158582cc554d03252e5a6a0f66c70349c91a56e31f4903088
https://vl63.ru/cache/jw_sigpro/jwsigpro_cache_f7099e9ba2_25.jpg,cache/jw_sigpro/jwsigpro_cache_f7099e9ba2_25.jpg,9661,9f7da81d8d266270ac6d8ef8d4334068c3940f2ad3371b70cff3934df815269c
https://vl63.ru/cache/jw_sigpro/jwsigpro_cache_f7099e9ba2_goluboi_potolok_v_saune_lovchiy.jpg,cache/jw_sigpro/jwsigpro_cache_f7099e9ba2_goluboi_potolok_v_saune_lovchiy.jpg,7181,c5944b1c2619a9fdba4d36392f7f04d7537f41a51fe7714b1af1500285162ab2
https://vl63.ru/cache/jw_sigpro/jwsigpro_cache_f7099e9ba2_lovchiy-sauna.jpg,cache/jw_sigpro/jwsigpro_cache_f7099e9ba2_lovchiy-sauna.jpg,10746,1f2d454ddfad357aa78f0f4ff0053c105569b6cd293dc02c77029db9be9155c7
https://vl63.ru/cache/jw_sigpro/jwsigpro_cache_f7099e9ba2_lovchiy.jpg,cache/jw_sigpro/jwsigpro_cache_f7099e9ba2_lovchiy.jpg,11563,10632195098ae0a290cc1f69deebfcd3455225349c269c46af62f506960dea53
https://vl63.ru/cache/jw_sigpro/jwsigpro_cache_f7099e9ba2_lovchiy_plus.jpg,cache/jw_sigpro/jwsigpro_cache_f7099e9ba2_lovchiy_plus.jpg,10134,62b19b9a1e7408af32b6a46a2fa5f49d5e162a210cce9fbccf833ad863d4cbe4
https://vl63.ru/cache/jw_sigpro/jwsigpro_cache_f7099e9ba2_siniy_potolok_nad_basseinom.jpg,cache/jw_sigpro/jwsigpro_cache_f7099e9ba2_siniy_potolok_nad_basseinom.jpg,8424,66c107da6abf750409cb27405dab6333598c83370aac4ba2075d6f468ff9ef61
https://vl63.ru/cache/jw_sigpro/jwsigpro_cache_f71f41f553_dyra-v-natjazhnom-potolke-progryzlla-mysh.jpg,cache/jw_sigpro/jwsigpro_cache_f71f41f553_dyra-v-natjazhnom-potolke-progryzlla-mysh.jpg,3252,96e319bcaf747f0ba68fc35a46e22335fa17af08383a8dea45df111f4df16d46
https://vl63.ru/cache/jw_sigpro/jwsigpro_cache_f71f41f553_dyru-v-natjazhnom-potolke-skryli-vent-reshetkoy.jpg,cache/jw_sigpro/jwsigpro_cache_f71f41f553_dyru-v-natjazhnom-potolke-skryli-vent-reshetkoy.jpg,5684,eb2e73913c6d478bd5071a6f41afcec4b4b7752a2c2d0033119d2beb1983f5fa
https://vl63.ru/cache/jw_sigpro/jwsigpro_cache_f71f41f553_mysh-progryzla-natjazhnoy-potolok.jpg,cache/jw_sigpro/jwsigpro_cache_f71f41f553_mysh-progryzla-natjazhnoy-potolok.jpg,5464,5ea61148d78ebb2db5360cf449a7a19e91ced36c16e912443c233e55c575e590
https://vl63.ru/cache/jw_sigpro/jwsigpro_cache_f92c8f4538_490.jpg,cache/jw_sigpro/jwsigpro_cache_f92c8f4538_490.jpg,6362,f6c38c52815407895576377ef133752410711d7fe066c4df757fc8a42d32d281
https://vl63.ru/cache/jw_sigpro/jwsigpro_cache_f9f143bf41_5.jpg,cache/jw_sigpro/jwsigpro_cache_f9f143bf41_5.jpg,6248,c55c3c7cbaa9f885c1faef3c348e0075c352c5528d324d3eb2cec0a20b839af8
https://vl63.ru/cache/jw_sigpro/jwsigpro_cache_f9f143bf41_6018.jpg,cache/jw_sigpro/jwsigpro_cache_f9f143bf41_6018.jpg,5703,2b64540a84414640f08fa5bda19646230d8a805ae282dc7c3a4d26ad51204be9
https://vl63.ru/cache/jw_sigpro/jwsigpro_cache_f9f143bf41_6020.jpg,cache/jw_sigpro/jwsigpro_cache_f9f143bf41_6020.jpg,7098,2e579eecb53910194a67a89f129adec60c2d9fb6052ca42021ee4e261400f4cc
https://vl63.ru/cache/jw_sigpro/jwsigpro_cache_f9f143bf41_6023.jpg,cache/jw_sigpro/jwsigpro_cache_f9f143bf41_6023.jpg,5669,cd91026b42bd14c35ca6e09f62f1974824be466c709e992177a36e30afff45dd
https://vl63.ru/cache/jw_sigpro/jwsigpro_cache_f9f143bf41_8.jpg,cache/jw_sigpro/jwsigpro_cache_f9f143bf41_8.jpg,5741,c36039994e8542d09f7c3f14947dae7a174f44c9ded2fcd38b68d6f0841b9a5c
https://vl63.ru/cache/jw_sigpro/jwsigpro_cache_f9f143bf41_komb_1.jpg,cache/jw_sigpro/jwsigpro_cache_f9f143bf41_komb_1.jpg,10820,8542434b555b5d577a22c7de767319b141a910829c271ae0bb96147ae4d71bf0
https://vl63.ru/cache/jw_sigpro/jwsigpro_cache_f9f143bf41_komb_3.jpg,cache/jw_sigpro/jwsigpro_cache_f9f143bf41_komb_3.jpg,11565,ed7b0cf3f0e4c1419b42469537bfe5b4219386924c409c8dd14ab4595757e158
https://vl63.ru/cache/jw_sigpro/jwsigpro_cache_f9f143bf41_komb_4.jpg,cache/jw_sigpro/jwsigpro_cache_f9f143bf41_komb_4.jpg,7314,405cb99c12e301c2ba5921247c71f0e173a4744e35631c3230126f6fe52ec50f
https://vl63.ru/cache/jw_sigpro/jwsigpro_cache_f9f143bf41_spaika_poloten_potolka_tri_kita.jpg,cache/jw_sigpro/jwsigpro_cache_f9f143bf41_spaika_poloten_potolka_tri_kita.jpg,7998,f66e19fbfc6651d7c3d1f6c294d23f1007e2a6256361e3a62c5b1245ae92fc8e
https://vl63.ru/cache/jw_sigpro/jwsigpro_cache_fe34608171_voronka-3d_rgb_v_temnoi_komnate.jpg,cache/jw_sigpro/jwsigpro_cache_fe34608171_voronka-3d_rgb_v_temnoi_komnate.jpg,3211,2eb298fb83b8222e36272e89abd4a769749565a1f9b61acc5a051628ffec16a1
https://vl63.ru/cache/jw_sigpro/jwsigpro_cache_fe34608171_voronka-3d_v_svetoi_komnate.jpg,cache/jw_sigpro/jwsigpro_cache_fe34608171_voronka-3d_v_svetoi_komnate.jpg,6688,8e2ce6e44e1d2b06f90b7b84c3d1e26e3ffb3992c4a327d470552010dbd617e6
https://vl63.ru/cache/jw_sigpro/jwsigpro_cache_fe34608171_voronka-3d_v_temnoi_komnate.jpg,cache/jw_sigpro/jwsigpro_cache_fe34608171_voronka-3d_v_temnoi_komnate.jpg,2588,91c397e694b34bd2862ad4c0598e6ae9b35d31a04b9fafd850335f116d011979
https://vl63.ru/cache/jw_sigpro/jwsigpro_cache_ff303addd2_color-733_lackfolie_germany_pongs.jpg,cache/jw_sigpro/jwsigpro_cache_ff303addd2_color-733_lackfolie_germany_pongs.jpg,10153,986050f1651fd3c7d6d047a51162dd674eb0bb1d979a2d146bba692ed20cfdcc
https://vl63.ru/cache/jw_sigpro/jwsigpro_cache_ff303addd2_vanna.jpg,cache/jw_sigpro/jwsigpro_cache_ff303addd2_vanna.jpg,8034,e00854681648bd1deb597aa88ea64d54677906eb28e1f83c8e3b41a9538a9fad
https://vl63.ru/components/com_jcomments/tpl/default/images/jc_bbcodes.gif?v=301,components/com_jcomments/tpl/default/images/jc_bbcodes__q_8af124d59e.gif,4291,12a10450611fc48036d4a020167bd09f8d258d216435e56f2424fa4f526e60fb
https://vl63.ru/components/com_jcomments/tpl/default/images/jc_blog.gif,components/com_jcomments/tpl/default/images/jc_blog.gif,90,54952f484a72464374141c1515910cf11c7a5fcc30a52b2d46b590efece2518f
https://vl63.ru/components/com_jcomments/tpl/default/images/jc_btnl.gif,components/com_jcomments/tpl/default/images/jc_btnl.gif,338,52040513bd8f05d8955d2ec90705b4b77fc14c3bead6b9ca86b338549550e3a7
https://vl63.ru/components/com_jcomments/tpl/default/images/jc_btnr.gif,components/com_jcomments/tpl/default/images/jc_btnr.gif,146,be131ffbcd1f14be83f94fd484298f0b067bb7762fc60c851a23145825f4ae83
https://vl63.ru/components/com_jcomments/tpl/default/images/jc_busy.gif,components/com_jcomments/tpl/default/images/jc_busy.gif,781,82d0c69a839a750eeb6bd5d94b7a94ab87b006924e97479ce8c55dc13b39ee11
https://vl63.ru/components/com_jcomments/tpl/default/images/jc_date.gif,components/com_jcomments/tpl/default/images/jc_date.gif,119,83f11174fb6159f5dc6cb2068b0815df0fe20e94a511de693046c65bfabfc57f
https://vl63.ru/components/com_jcomments/tpl/default/images/jc_dot.gif,components/com_jcomments/tpl/default/images/jc_dot.gif,43,a69e4637e318710bd0657820abc48cf604b9a3868337263f0a0d072a6e2be274
https://vl63.ru/components/com_jcomments/tpl/default/images/jc_error.gif,components/com_jcomments/tpl/default/images/jc_error.gif,640,556f498662e44a2dbeb50784570aa281112d795ab41e065151f80c39bfa93531
https://vl63.ru/components/com_jcomments/tpl/default/images/jc_info.gif,components/com_jcomments/tpl/default/images/jc_info.gif,206,737b01d603d7f61efcef6df456bab1157fb616dd3508297b401869d249b63dbc
https://vl63.ru/components/com_jcomments/tpl/default/images/jc_link.gif,components/com_jcomments/tpl/default/images/jc_link.gif,79,f6cdfb6ef301105d00fc615a59b40eaf2de26dbaf54222141b665cd2dc22110c
https://vl63.ru/components/com_jcomments/tpl/default/images/jc_refresh.gif,components/com_jcomments/tpl/default/images/jc_refresh.gif,91,ae5bfea89ab5f4da81d7adf925da397cf5447507bb791a1dfc9613719b1a8015
https://vl63.ru/components/com_jcomments/tpl/default/images/jc_refreshg.gif,components/com_jcomments/tpl/default/images/jc_refreshg.gif,119,922b94b9f618cfc1bbfd6ae3a27cb6977464a8bbd1f30d2e4403c161ef0b226e
https://vl63.ru/components/com_jcomments/tpl/default/images/jc_resize.gif,components/com_jcomments/tpl/default/images/jc_resize.gif,77,5d84aff7f0b7dea3c7bf1c80574b71261d950acc3d5ee05bdc60fb42fcbd0579
https://vl63.ru/components/com_jcomments/tpl/default/images/jc_rss.gif,components/com_jcomments/tpl/default/images/jc_rss.gif,521,e38272e859a72fc7ab26359a93d250f7439fc972421afa6c57cbacdebe1966d7
https://vl63.ru/components/com_jcomments/tpl/default/images/jc_subscribe.gif,components/com_jcomments/tpl/default/images/jc_subscribe.gif,197,31629870211ee98e8dd88e68361f2a59dbb08e33a32d471f8862ce2d8548ae61
https://vl63.ru/components/com_jcomments/tpl/default/images/jc_toolbar.gif,components/com_jcomments/tpl/default/images/jc_toolbar.gif,2101,46ee339002a7ff8939f6ce2347493cf183fc99b187e64364a370f9776c25b762
https://vl63.ru/components/com_jcomments/tpl/default/images/jc_vote.gif,components/com_jcomments/tpl/default/images/jc_vote.gif,712,807654cb938848e3a3d6d20c19063f994bbf5066f6a5955490fe5a5c1671f137
https://vl63.ru/components/com_k2/images/fugue/feed.png,components/com_k2/images/fugue/feed.png,658,8a8ed20b87bf1c9b28d7692df23bcffcef31457cbe653e2dd794e890b5dfc842
https://vl63.ru/components/com_k2/images/fugue/globe.png,components/com_k2/images/fugue/globe.png,849,b552ee02b1d54a67c3d2569945e2f94fe1786c781ac20b49e6a0740c59f3d69d
https://vl63.ru/components/com_k2/images/fugue/mail.png,components/com_k2/images/fugue/mail.png,494,af4e37eeca153501aa88c8ecb76f0e841bf3edad5f13e3c0de371549192ca858
https://vl63.ru/components/com_k2/images/system/featuredItem.png,components/com_k2/images/system/featuredItem.png,3351,6d5105b41d3a712e3ddc03a21594d881160b0694939b0694fdde8e7adc1bde3d
https://vl63.ru/components/com_k2/images/system/font_decrease.gif,components/com_k2/images/system/font_decrease.gif,138,b9461eb1c1a97400f0ff126bfef5d1d237e9d00e46fec61ea96b524094d0c102
https://vl63.ru/components/com_k2/images/system/font_increase.gif,components/com_k2/images/system/font_increase.gif,197,1197c5fdcb060e2086d04ab88f9a3664c555f5025e68e7487eaaf469cd519025
https://vl63.ru/components/com_k2/images/system/k2CalendarLoader.gif,components/com_k2/images/system/k2CalendarLoader.gif,10026,069f9ec2ac77cc83f1a1584e6ac632c9f5b90449f618dc9be52c6cf16fedd7f8
https://vl63.ru/components/com_k2/images/system/loading.gif,components/com_k2/images/system/loading.gif,1749,06fd0d9f6224812177b00a9a26ceceb06f2283ee2f593173bdc9493c4aa678a3
https://vl63.ru/components/com_k2/images/system/searchLoader.gif,components/com_k2/images/system/searchLoader.gif,723,c1cf81bef2ea82eaa43265a5ff786b7cd74e7d5f4f2de104b586f092ca0fb886
https://vl63.ru/components/com_k2/images/system/stripes.png,components/com_k2/images/system/stripes.png,119,a9a4bfb149d15b52d928aa4576bb5cc05a32f2a8668a29e212cefc04bf83b8e7
https://vl63.ru/components/com_k2/images/system/transparent_star.gif,components/com_k2/images/system/transparent_star.gif,1024,af853833965aa4388f1e22efe8aa14f2127e1cc16efc4ea27ec63b8e072df24e
https://vl63.ru/components/com_k2/images/system/videoplayer-bg.gif,components/com_k2/images/system/videoplayer-bg.gif,2474,3508f9c79c545bd65621708bb6c9a234199e40823cff014c831c010b8b9c5f40
https://vl63.ru/components/com_virtuemart/assets/images/fancybox/blank.gif,components/com_virtuemart/assets/images/fancybox/blank.gif,43,b1442e85b03bdcaf66dc58c7abb98745dd2687d86350be9a298a1d9382ac849b
https://vl63.ru/components/com_virtuemart/assets/images/fancybox/fancy_title_over.png,components/com_virtuemart/assets/images/fancybox/fancy_title_over.png,70,d7d1b664875a020cd6577ddc7131018e2abaeafbf8a73a0afad7b1cb5ed3e4ff
https://vl63.ru/components/com_virtuemart/assets/images/fancybox/fancybox-x.png,components/com_virtuemart/assets/images/fancybox/fancybox-x.png,203,2af34ef71e58658ae2358171b7508555cddd488dfb1bea735d0787a7ceaa4390
https://vl63.ru/components/com_virtuemart/assets/images/fancybox/fancybox-y.png,components/com_virtuemart/assets/images/fancybox/fancybox-y.png,176,08e777880f53e0e527333f100692c9c57ab2d11bf7536a0070b523320f0835b2
https://vl63.ru/components/com_virtuemart/assets/images/fancybox/fancybox.png,components/com_virtuemart/assets/images/fancybox/fancybox.png,15287,324b9d944e39c915922db7058a276bd708e68ea5d86762741f14864af2324607
https://vl63.ru/images/014565555.png,images/014565555.png,181063,79a9b9f259c6700709c33b516b58163e69e5e28cadb900891321f4605faeb204
https://vl63.ru/images/1-komnatnaja-moskva-remont-remgrand/1-komnatnaja-kvartira-moskovskoj-planirovki-v-toljatti.jpg,images/1-komnatnaja-moskva-remont-remgrand/1-komnatnaja-kvartira-moskovskoj-planirovki-v-toljatti.jpg,82481,dffae191b7c5fe6a13f7213521a58ffc9efbbd944a44ed603fc373ed0d49206c
https://vl63.ru/images/1-komnatnaja-moskva-remont-remgrand/belaja-derevjannaja-balka-s-bezhevym-gljantsevym-natjazhnym-potolkom.jpg,images/1-komnatnaja-moskva-remont-remgrand/belaja-derevjannaja-balka-s-bezhevym-gljantsevym-natjazhnym-potolkom.jpg,76184,222b60aa6866e36d608e06da802d6288a9186140fa03d24cfe0bffb781167931
https://vl63.ru/images/1-komnatnaja-moskva-remont-remgrand/belyj-matovyj-natjazhnoj-potolok-so-stenoj-iz-laminata.jpg,images/1-komnatnaja-moskva-remont-remgrand/belyj-matovyj-natjazhnoj-potolok-so-stenoj-iz-laminata.jpg,80187,4b335685e491588ca91e48a1e6a343603874bb379e1de27522d571fb3c3babcf
https://vl63.ru/images/1-komnatnaja-moskva-remont-remgrand/bezhevye-lakovye-natjazhnye-potolki-mezhdu-derevjannymi-balkami.jpg,images/1-komnatnaja-moskva-remont-remgrand/bezhevye-lakovye-natjazhnye-potolki-mezhdu-derevjannymi-balkami.jpg,69827,85bb3e3008416bcc1efef449c8d03814bc8ec647037cfe07f16e4903d0014778
https://vl63.ru/images/1-komnatnaja-moskva-remont-remgrand/budzhetnyj-nedorogoj-remont-odnokomnatnoj-kvartiry-v-toljatti.jpg,images/1-komnatnaja-moskva-remont-remgrand/budzhetnyj-nedorogoj-remont-odnokomnatnoj-kvartiry-v-toljatti.jpg,79230,00f416261c39f032632f6486ae7fc81e8d3d1c56f9d80eda3b320dd7b6f77861
https://vl63.ru/images/1-komnatnaja-moskva-remont-remgrand/lakovyj-bezhevyj-natjazhnoj-potolok-s-balkami-iz-dereva.jpg,images/1-komnatnaja-moskva-remont-remgrand/lakovyj-bezhevyj-natjazhnoj-potolok-s-balkami-iz-dereva.jpg,101986,8aa4140455edeebc48591e896bc3594785edf14fb918126782a28e5228d3d304
https://vl63.ru/images/1-komnatnaja-moskva-remont-remgrand/nisha-dlja-shtor-iz-derevjannoj-balki.jpg,images/1-komnatnaja-moskva-remont-remgrand/nisha-dlja-shtor-iz-derevjannoj-balki.jpg,115648,4d155976120c05478d278f6984e05c5146f3eb187d646c3e3eb12a72a7622e3c
https://vl63.ru/images/1-komnatnaja-moskva-remont-remgrand/oboi-pod-kirpich-s-lakovymi-natjazhnymi-potolkami-mezhdu-derevjannymi-balkami.jpg,images/1-komnatnaja-moskva-remont-remgrand/oboi-pod-kirpich-s-lakovymi-natjazhnymi-potolkami-mezhdu-derevjannymi-balkami.jpg,121378,2e1a433fc22e01b64b4513e36d4f1cef1652121d9a376de277a8fb68a77c0e33
https://vl63.ru/images/1.jpg,images/1.jpg,4064,3419089bae90bc3e7c8b3719f489123c574d2d2472829992b73ede32003e902d
https://vl63.ru/images/100.jpg,images/100.jpg,469,e79dab8515149c81c18622ad081d6b094a52e719bbdae4be6957beaad9327388
https://vl63.ru/images/100/Image00001.jpg,images/100/Image00001.jpg,78211,bd52489af760eb3838f198ee302060e0f33753573feadeb7b0d4a87bdc6f7d3d
https://vl63.ru/images/100/Image00002.jpg,images/100/Image00002.jpg,77066,398edd3aa2809fb13cbde8501509cb84370435f3073ac4cb895db733eb71ccec
https://vl63.ru/images/100/Image00003.jpg,images/100/Image00003.jpg,76254,379f6249771a2f4efdb0673219bf0f0671d3690645f68c31b3097c942d5b5191
https://vl63.ru/images/100/Image00004.jpg,images/100/Image00004.jpg,36560,9b0bcae019ddd8af6f2f2cc9f3bd6292144705d06c0e947525a6a4395c47339f
https://vl63.ru/images/100/Image00018.jpg,images/100/Image00018.jpg,8397,c964eba244d04ae108a8f13687ccac557325a630ec51da7ea9ba87047a95d1a6
https://vl63.ru/images/100/Image00019.jpg,images/100/Image00019.jpg,12751,e8c44ea4dcf2478849308cf79b3f4492e621397f594fccd499f704c68ff515fc
https://vl63.ru/images/100/Image00020.jpg,images/100/Image00020.jpg,8453,a132e66a468f67e036485a91e2f9bd90760ddcb4ebd7e4db634ecfef45616a9a
https://vl63.ru/images/100/Image00021.jpg,images/100/Image00021.jpg,5501,46c03815458464da7172a7218b655d28f281944a9def8f193066d7e6ca18444c
https://vl63.ru/images/101/Image00001.jpg,images/101/Image00001.jpg,89738,abbd705af76ebcf2fc2154fd39c9562457e62691191a8484e3223b342e99ae21
https://vl63.ru/images/101/Image00002.jpg,images/101/Image00002.jpg,92961,b9bc51a73c2b1a6cd99a8120b7b0a85fa4b9f4c8e4e5535b880b557f53c3bce3
https://vl63.ru/images/101/Image00003.jpg,images/101/Image00003.jpg,89183,bc9ef368d9fb24e54e5a63a22c3cb28eb3e2b1e768f4d4ebfb567a53266d16c2
https://vl63.ru/images/101/Image00004.jpg,images/101/Image00004.jpg,94696,e6d146adbeb6888a285e69eeca6b3b9f8ddf945fe2df018cdcfb482222b19161
https://vl63.ru/images/101/Image00005.jpg,images/101/Image00005.jpg,63339,2127778d5ef77f61f9bb74557a14d7006baa01078a9f0024ee8c6a4bbdc0863d
https://vl63.ru/images/101/Image00006.jpg,images/101/Image00006.jpg,88319,21766073338f330c271986f7b6478be236396b5eedf7417cd86216396f2ea2ca
https://vl63.ru/images/101/Image00007.jpg,images/101/Image00007.jpg,119648,200a41857239f74cf64fad8a5e32bc4056ede4431d087321bebcccdc218f6f2f
https://vl63.ru/images/101/Image00018.jpg,images/101/Image00018.jpg,10156,b8b23ebe624a497d77b51daedde4f8b2df7461f4fd4fe516cf065d95b431aee4
https://vl63.ru/images/101/Image00019.jpg,images/101/Image00019.jpg,10979,89b54b0ac7c1683e647ae2a360777ed02d3c3f2bc810bd4ee9c0a863bf633b58
https://vl63.ru/images/101/Image00020.jpg,images/101/Image00020.jpg,13085,477d0b531dbc5d18996c6f6baaaa53b18165cdd482ce1f11dd253992d5a5bc1c
https://vl63.ru/images/101/Image00021.jpg,images/101/Image00021.jpg,14960,0f9923e8345755b8e1d6f373bd09b986a1c232ecce34afc0b1b667656088dab8
https://vl63.ru/images/101/Image00022.jpg,images/101/Image00022.jpg,17774,dc2cd45ccc4e226be46ab3074a7ef5969a6d1e61d9d9f9f81b257c5bd0abff50
https://vl63.ru/images/101/Image00023.jpg,images/101/Image00023.jpg,29132,a616ec50faa7be786acfc6c2b298200ece7332ad35e7961922c81350f479aeaf
https://vl63.ru/images/101/Image00024.jpg,images/101/Image00024.jpg,17714,3619583d3611ebcfd6459c7f540033d0f7c647d67f6e42bdf16e8fec2198f956
https://vl63.ru/images/102/dekorativnaja_lenta.JPG,images/102/dekorativnaja_lenta.JPG,166886,af65439a763f49372b12f9eaf67251562edb48abea4241ed7e01d4e03b51d569
https://vl63.ru/images/102/vstavka.JPG,images/102/vstavka.JPG,157178,a1e524e4e333e07627be4cf266a36537e08e379c744175e82ce875b50fa676d1
https://vl63.ru/images/104.jpg,images/104.jpg,454,c74376b1814770188add854e16f81f3bff14dd4ea4f2c45efe4fb4a2ad57c839
https://vl63.ru/images/104_lackfolie/natyazhnye_potolki_104_tsvet.jpg,images/104_lackfolie/natyazhnye_potolki_104_tsvet.jpg,57963,1f338e543000121cdf8bca0aee02d4f8776fea3c64d0fde3e061b352fa305475
https://vl63.ru/images/108.jpg,images/108.jpg,484,f891fd5ff2e347b66a6d139020816d5c46548a3910abf74c823b142ca41bb643
https://vl63.ru/images/11/32.jpg,images/11/32.jpg,178669,a1632ddbbd282ab8a1e0273cb08659b6f0928b0cc2b32f5da04bb937b0941324
https://vl63.ru/images/11/33.jpg,images/11/33.jpg,181968,3efece28bfad1d0de4a15fdf48c6566dbc28c120662d5365035f5f310ca2c99f
https://vl63.ru/images/110.jpg,images/110.jpg,462,e2ebb2ad560401cdcf14d0402fa7825ef64e162fc1bb4d946f13b7a3f7a8d8e9
https://vl63.ru/images/110_lackfolie/natjazhnye_potolki_gljanec_110.jpg,images/110_lackfolie/natjazhnye_potolki_gljanec_110.jpg,40314,198b6051ffc4542a00f4f66aac4c7d871a19f624c3067575ffb0f0f0d679a21b
https://vl63.ru/images/114.jpg,images/114.jpg,1355,ecee3e79e574ed395b66f209c5130c53fd67462b6d31c2749e1ff39e48164ff3
https://vl63.ru/images/12/28.jpg,images/12/28.jpg,145063,db6688883d6831ebcd79ff333ad30d3c85dbc9dd2caa3eb125c746975929de63
https://vl63.ru/images/12/29.jpg,images/12/29.jpg,145852,9ac09998d3d027113fcbfaa566aff4bafc47f13263b97b938f57675441eb2a6a
https://vl63.ru/images/12/30.jpg,images/12/30.jpg,157791,27895cba3cd7aef0f84570ae832bc42ec6be7472dcc78f76f9359090a27262e8
https://vl63.ru/images/12/31.jpg,images/12/31.jpg,231850,a12e2bfc40266d7788155d675f7de98c92968a4f67c5c5636bb72682d0061643
https://vl63.ru/images/12/mat_potolok_s_nishei.jpg,images/12/mat_potolok_s_nishei.jpg,84289,df11d2011459a12fb94130f1eac137352d7d906098644ca41b1c2a6370644c0c
https://vl63.ru/images/12/nomer_molodozghenov.jpg,images/12/nomer_molodozghenov.jpg,78407,2e36a4aded07018bf039b92a9aef0518cab5c40215f08579c2ffc96250cf4f22
https://vl63.ru/images/12/park-otel_lux.jpg,images/12/park-otel_lux.jpg,526866,9301dc62602ca56d7566fa6f6d11532d95311e45490a35895860cce11e5ef7f4
https://vl63.ru/images/12/park-otel_lux_bathroom.jpg,images/12/park-otel_lux_bathroom.jpg,456246,c2aaf98c3460ec269dbc9a41b57fb85699d5ff1092ce3cfe1452a9fe73cf1cb6
https://vl63.ru/images/12/potolok_v_saune.jpg,images/12/potolok_v_saune.jpg,310559,d53a9f8b179f2b4e8750c3e641e88fd53cc8ed5f0c9b15b9e5298985de850db0
https://vl63.ru/images/120.jpg,images/120.jpg,1430,6bb3c4e82b74e2f68b7363ea41a031b06d6e76023af68eb622b225cdedd41cad
https://vl63.ru/images/120_lackfolie/sinie_natjazhnye_potolki_120_lack_pongs.jpg,images/120_lackfolie/sinie_natjazhnye_potolki_120_lack_pongs.jpg,143091,551197c89727ec8fc33335433e24cb8633864d145756ee854b4fda2816476927
https://vl63.ru/images/13/26.jpg,images/13/26.jpg,282300,5acf6a258f72475c09b3d7251e50c2ff8c8e941431fe29d23483bf3b695ee532
https://vl63.ru/images/13/27.jpg,images/13/27.jpg,247040,3fd453e5774dfa97cc8530b1c4710d7a011f43b5afea1b50ee57432e1e421361
https://vl63.ru/images/14/83.jpg,images/14/83.jpg,166106,d2c7adb182fa7dc34e15329e67f7e485808369785214b9ecf3ed50562580a6a6
https://vl63.ru/images/14/84.jpg,images/14/84.jpg,286408,a9efe54285abd22250ece011fb7a1a77c7282897d275488c4f84c02b8d984a02
https://vl63.ru/images/14/85.jpg,images/14/85.jpg,212996,499d183d2edd4bd3ca4527b327777bacb2ad03d74104c9ecd389c6045c3afa8b
https://vl63.ru/images/14/86.jpg,images/14/86.jpg,231965,499cf7cfcb9b021ce37c9832ff785695376b80e3beb84714acfe0cb97710ad88
https://vl63.ru/images/14/bordo_lak_potolok_salon_krasoty.jpg,images/14/bordo_lak_potolok_salon_krasoty.jpg,543705,f0e68614faefe5220ccb8bfaa81d84599a2042160eb9b2db06306f6b8c6c9d80
https://vl63.ru/images/14/reception_with_stratch_ceiling.jpg,images/14/reception_with_stratch_ceiling.jpg,779313,e0983691d7931308bdae56dd1892c5b6c71aa554d777cf828259bc37836d657d
https://vl63.ru/images/14/secret-krasot.jpg,images/14/secret-krasot.jpg,1777727,d3ee5b247e62c69da432bcdda01f771ada6270024c817e468e7229b4dd8618b7
https://vl63.ru/images/14/secret-krasot_build.jpg,images/14/secret-krasot_build.jpg,490985,4f2c8c61839339a65ab9ea009a3471949d3b0e3cbea79c95da031984df9533d8
https://vl63.ru/images/14/secret-krasoti.jpg,images/14/secret-krasoti.jpg,410837,1b8a6902d1dc18659e2e5923073038dd62c66cd6007890c0d81ee82df6da6228
https://vl63.ru/images/140.jpg,images/140.jpg,1523,a4e983a0ec54fbc5f598f4dbe692182c2a12667b7608572e1ca8756f85e33496
https://vl63.ru/images/140_lackfolie/kobalt_potolok.JPG,images/140_lackfolie/kobalt_potolok.JPG,2387123,47f94944cc2bd7d999afec57a42db063bc61e7f24372bc50b46ea17593f0763c
https://vl63.ru/images/140_lackfolie/sero-sinij_natjazhnoi_potolok_140.JPG,images/140_lackfolie/sero-sinij_natjazhnoi_potolok_140.JPG,2516531,0a728828877cd4e125ff6aaa57f92cc010bebab0a44997f0ec2d2c2a35466145
https://vl63.ru/images/15/34.jpg,images/15/34.jpg,193551,439a0a41fe10686e1a31ddd133cac7fb6904de5701d29d511265c34ddea5a34d
https://vl63.ru/images/15/35.jpg,images/15/35.jpg,178388,fe49f87b8b59f0ace2776772bdfdc5a9094bc0b30c397e2a5379608ad1293227
https://vl63.ru/images/156.jpg,images/156.jpg,532,0792f8f4fd944eff7da1bcc3f8ba30172f5d84c92cb5a51e941cbd53133a7be5
https://vl63.ru/images/16/24.jpg,images/16/24.jpg,193186,716cb181c53d7549731121a0c40689f7ab7cdb3a1015fc9306d0f783528ea841
https://vl63.ru/images/16/hall.JPG,images/16/hall.JPG,3084327,a9be8435c2b763fcce643556b3120e462b5a716793bdf88b51c63489a1c6cc50
https://vl63.ru/images/160.jpg,images/160.jpg,494,3b5a5f74bd40fab23e34508999b92952db90ecc2a71ea0d98ef549b7749c4d4b
https://vl63.ru/images/162.jpg,images/162.jpg,586,75dacf72cac95e20c1dc2dc9f5dfc84b620adfe5af09e517f338944205ebae2c
https://vl63.ru/images/17/Image00001.jpg,images/17/Image00001.jpg,43024,f0578328580bf91c275535c726911d76f7140db9f546bc716893937af1c3e2e2
https://vl63.ru/images/17/Image00002.jpg,images/17/Image00002.jpg,55723,87b11baf3639235d5445c85be0f8c3fb46d8f5bea22cbcf0837361b91e57d82e
https://vl63.ru/images/17/Image00003.jpg,images/17/Image00003.jpg,27562,fa661fa6ace654fe544e88a0442ee6c0e920625607c135199df7da9bfa824865
https://vl63.ru/images/17/Image00004.jpg,images/17/Image00004.jpg,56836,4e88780b3a45fd4c15323d6bc9086c5a77965a10201468c2fc8c1893fb6e5952
https://vl63.ru/images/17/Image00005.jpg,images/17/Image00005.jpg,41989,f061bad7a87093502334415b7268bfd1c8025e843630cb0a09be2f96a18d86ad
https://vl63.ru/images/17/Image00006.jpg,images/17/Image00006.jpg,54678,4f6227d3de5678a38a8e16a058a9115557cc9a5e316886fb206c29c6c02872ae
https://vl63.ru/images/17/Image00007.jpg,images/17/Image00007.jpg,85517,7d63f19395e281f00a898b1247b5f1724972eb51d475488afbc14a3214cc61e5
https://vl63.ru/images/17/Image00008.jpg,images/17/Image00008.jpg,53872,44d2cf46563bf4ef5fcdd78959e003fe2a25b239330b4160e049e5152bc79522
https://vl63.ru/images/17/Image00009.jpg,images/17/Image00009.jpg,56067,f71d37ab41cfecc02e8c95596872b340448f5ec167ee1329ff89c8d1de02ea01
https://vl63.ru/images/17/Image00010.jpg,images/17/Image00010.jpg,66937,713e3ef86cea47ad11e88775409388c216459d1588aa722b202af9196e3f28c5
https://vl63.ru/images/17/Image00011.jpg,images/17/Image00011.jpg,57536,bb75053972b26e6192bc6199480f78ae834c306d1400d459b2f46403e995d78c
https://vl63.ru/images/17/Image00012.jpg,images/17/Image00012.jpg,58285,e155a8996af0112dcb76308aff068c6ff9bd0d0ac185238721f86e11b1acace9
https://vl63.ru/images/17/Image00013.jpg,images/17/Image00013.jpg,58807,991f1ea4ee1f9abe2d03f755152b0b00cefe1c9ac761f15dce793e1cbc70f440
https://vl63.ru/images/17/Image00014.jpg,images/17/Image00014.jpg,49806,e216ac6e0e4f46069adb2479ae43d2d03532e29d9e4681e94fa69ef74a269afd
https://vl63.ru/images/17/Image00015.jpg,images/17/Image00015.jpg,48524,efc59f0a91336b375997f992019ea928a0e2ee7bd5063f21e59fefce58e8bb71
https://vl63.ru/images/17/Image00016.jpg,images/17/Image00016.jpg,50285,a395218ecce3787132a990e3e4ee20886cf98463630dee7e80c78639036939cd
https://vl63.ru/images/17/Image00017.jpg,images/17/Image00017.jpg,68767,4b3f6dcde939986a7cf4e0e4364ea5173ac2390bdb3f1e8ec35db5fe3f4f00b7
https://vl63.ru/images/17/Image00018.jpg,images/17/Image00018.jpg,66298,fe4afab8384a8c09b24ced64afaaa6b49974ef1c377b9639b2efaed77ee7690c
https://vl63.ru/images/17/Image00019.jpg,images/17/Image00019.jpg,66788,a522756823564d388228287f7c13b9b467a677ee53e0443e7a7697f6d58daf08
https://vl63.ru/images/17/Image00020.jpg,images/17/Image00020.jpg,49103,6ab7ed356e0323d11305df44a0a62ad317418de43d592f2d1fbc26e8b3d0d95a
https://vl63.ru/images/17/Image00021.jpg,images/17/Image00021.jpg,46631,b97fcf86ab0d99642e2a86649aec86c3801b44fec29b0c2506dee1a63d522a08
https://vl63.ru/images/17/Image00022.jpg,images/17/Image00022.jpg,51420,456df867683cb216c2cc135c199c24b871bb43fabc0a2b5da29aa1d93825e1ba
https://vl63.ru/images/17/Image00023.jpg,images/17/Image00023.jpg,54459,aad298544a1f7433c6c328575fb748139b5ca868e6c4cb7459f81e0784e59af9
https://vl63.ru/images/17/Image00024.jpg,images/17/Image00024.jpg,60612,794e3e9050a3c6137354a618e523dd8bdf4232e2798fb5faf0c442aa96acd692
https://vl63.ru/images/17/Image00025.jpg,images/17/Image00025.jpg,68277,0478c9bcfebc3bfdadd8dbf4fe79c5ceb494af94eddbf5f80c90302b730d1b79
https://vl63.ru/images/17/Image00026.jpg,images/17/Image00026.jpg,68323,9198b2b71f59f44274befc6935e6475516da8319c3103a6b0783ad046c4849e7
https://vl63.ru/images/17/Image00027.jpg,images/17/Image00027.jpg,75224,3af9cb73adf998876f75361f9845fd6d6492f16446cf37b6dbff8ac3942e4c12
https://vl63.ru/images/17/Image00028.jpg,images/17/Image00028.jpg,49018,2f39f43097090902a06dc733545d22f839db44abffdbcc1ba7afb61b58ea28d1
https://vl63.ru/images/17/Image00029.jpg,images/17/Image00029.jpg,45002,2bed91773ecea40c546bad2444eb429a9c980a9ad365666654dbe903bf15695b
https://vl63.ru/images/17/Image00030.jpg,images/17/Image00030.jpg,49876,2713d298bad2821c11bf10d1bc2f913e2caf4ddd33df9274cfc0deb096c36f6d
https://vl63.ru/images/17/Image00031.jpg,images/17/Image00031.jpg,48684,8cb382fa87b4c0eb4608e58bf23edd07b529ac2b4bf889b27a6a88194cd6ca98
https://vl63.ru/images/17/Image00032.jpg,images/17/Image00032.jpg,46833,a6cb7082993b48ebc93c1eb84557bf68d2c0fb1660274807a7eb28bed3fce94b
https://vl63.ru/images/17/Image00033.jpg,images/17/Image00033.jpg,78909,08fa38cff2c06568664a4e74480ebf6804240aee64d74da551f61390c1d8af6e
https://vl63.ru/images/18/Image00001.jpg,images/18/Image00001.jpg,103377,c3dea30d1095ab876f60cd2dee3031ebed02050966ef68a4b705850574927e92
https://vl63.ru/images/18/Image00002.jpg,images/18/Image00002.jpg,106234,a5e594969803ebb54c321ac0cdb0ad8511c5fbf7ab85fa7c7b7e941236d93ecd
https://vl63.ru/images/18/Image00003.jpg,images/18/Image00003.jpg,91500,3863219277080eff583d9da81665e401c030076ce88ec611b56de4706b09cd0e
https://vl63.ru/images/18/Image00004.jpg,images/18/Image00004.jpg,90350,4f82d14a8766e604be3dd046eb44481db6946dc909b7cc4349858a1306d1b6f2
https://vl63.ru/images/18/Image00005.jpg,images/18/Image00005.jpg,83632,1c91ff3f49139261e560ac90a2c752ebd8bb273b5b49c0240579395417e033d7
https://vl63.ru/images/18/Image00006.jpg,images/18/Image00006.jpg,89558,aeefa6123564732f2b73f2dd32a04081c22797062ef65f6c7e5ac4cfd7977f5c
https://vl63.ru/images/18/Image00007.jpg,images/18/Image00007.jpg,73529,3bdf3c9ee72c9383f0d5937bfba2cac2de167076d063b668795b03e640f7493d
https://vl63.ru/images/18/Image00008.jpg,images/18/Image00008.jpg,113673,86c4190eda7b1b69089a8c215fdb7d203c5722d5c0e713ecd6c56667a853af6d
https://vl63.ru/images/18/Image00009.jpg,images/18/Image00009.jpg,57683,c3081e681ff10f81b84bd8389f2a7bb60a2c765c604694b7a56057a8c9f36b66
https://vl63.ru/images/18/Image00010.jpg,images/18/Image00010.jpg,66346,44ab02e1abfb8aa65a9d186384b87a7c3ca83f294ac83637d74819b047de2ae7
https://vl63.ru/images/18/Image00011.jpg,images/18/Image00011.jpg,78966,ca1c492e018bcc40ee9a6f60a40e303f81c4fefeba726017b761c9c00461c4b7
https://vl63.ru/images/18/Image00012.jpg,images/18/Image00012.jpg,95274,9a8cfcce83799c20c5d94402b44b69e28b3a930be6d0bd7153bf02d64165eb14
https://vl63.ru/images/18/Image00013.jpg,images/18/Image00013.jpg,67510,b96e93f93b71a9d793121c3f94d5c63f6bec144fa3b56a97cfc879fa50d5de70
https://vl63.ru/images/18/Image00014.jpg,images/18/Image00014.jpg,96555,cf7ab4c03a9d0757caa745abb0b6ea18893fde1e48bacbb96a3ecb4223bb9ef4
https://vl63.ru/images/18/Image00015.jpg,images/18/Image00015.jpg,72644,67985697b75783404ab6193f5ec0754c0af6084c150c27f0a8465ea8553ae35b
https://vl63.ru/images/18/Image00016.jpg,images/18/Image00016.jpg,77029,5257e164ff289915ac3ce2924f3259e33376d806c92ca3bcc6382d3f30160cde
https://vl63.ru/images/18/Image00017.jpg,images/18/Image00017.jpg,76195,6c3d37aef10fe1af5acfc55af40cbb682cee619b298109c19f9ed63d17c18b47
https://vl63.ru/images/18/Image00018.jpg,images/18/Image00018.jpg,129361,cd67441fbd0161236dc39b209832e68dfe92199a9b11de19b86e66d5c0756b2f
https://vl63.ru/images/18/Image00019.jpg,images/18/Image00019.jpg,94364,b335ab7bbd94fb6ce94fb626a3ee3225385191d1cf372714dc00cf2b2b1dcc18
https://vl63.ru/images/18/Image00020.jpg,images/18/Image00020.jpg,57861,d86e1dc6cc68b0eabcb70b0282e5ed0a4b029d1f4249b9daab3af8f607d574ba
https://vl63.ru/images/18/Image00021.jpg,images/18/Image00021.jpg,82515,9fc691f94cec37968353253b5ccb68e976290e5a62b931c32bb996b47c200512
https://vl63.ru/images/18/Image00022.jpg,images/18/Image00022.jpg,87729,4b7850cd8d344a81661877377062a891b35344db7d774d7065e461713c18ae94
https://vl63.ru/images/18/Image00023.jpg,images/18/Image00023.jpg,45049,5219aaeb0ffc5c5a6ce064f74914eaa9087f58336396b3c71214cb0d8972bd6e
https://vl63.ru/images/18/Image00024.jpg,images/18/Image00024.jpg,93953,018c241c648003bb4cc77f69259c07dd78c878cd9708711b63a6335157a8421c
https://vl63.ru/images/18/Image00025.jpg,images/18/Image00025.jpg,97615,5eecd469a43dbbac6db3bcbf77a6e382cfb6bc8befc930a40d76ee7967d15a75
https://vl63.ru/images/18/Image00026.jpg,images/18/Image00026.jpg,74452,f165cadf71cdfd35a32bec054c13c1bde0da19bd364e68777b4dbe05b91d9879
https://vl63.ru/images/18/Image00027.jpg,images/18/Image00027.jpg,82104,14e23c71281b6604e8b182465e02640e78669332725c1db35d2b398f7ccc566c
https://vl63.ru/images/18/Image00028.jpg,images/18/Image00028.jpg,78301,811a6bc4c45f8eca30d887e8e3b0f4efed8fbb0d8579160e1c1f06d36de1313a
https://vl63.ru/images/18/Image00029.jpg,images/18/Image00029.jpg,74781,23a59792349937d6350ce483f31a3c7714fcbe8c1d7051f5db75f1bc242541cb
https://vl63.ru/images/18/Image00030.jpg,images/18/Image00030.jpg,72847,90593d8bafc98b68a763d968669e894a2d4b7568b766fb195a32e7e6c86c2f24
https://vl63.ru/images/18/Image00031.jpg,images/18/Image00031.jpg,72671,6f513063c62b91109d9f806eb072963cb7d209c76e517d8319e58adc8794d985
https://vl63.ru/images/18/Image00032.jpg,images/18/Image00032.jpg,74778,df17e27f5a8f00866238c4697ccbe4243f89aba4bdc39b7e26bd5cd2c69eec09
https://vl63.ru/images/18/Image00033.jpg,images/18/Image00033.jpg,62905,506ea2e1d9b17292cbe3b7907321932c61700395194099a33a108b6fdcd64661
https://vl63.ru/images/18/blue.jpg,images/18/blue.jpg,46558,3f5d1a64c871ae96b43e0c439eb3e9751a5fc877d6f60cea549817b04c74b488
https://vl63.ru/images/18/korichnevyi_potolok_gostinaja.jpg,images/18/korichnevyi_potolok_gostinaja.jpg,281587,a52dde832fdcc8611a734fdf3236b2756f13cb6e0a80450dc044087c27b98dc8
https://vl63.ru/images/18/korichnevyi_potolok_krug.jpg,images/18/korichnevyi_potolok_krug.jpg,95345,ca94169cee87b038438f889f5def5110bee4a3f57eaca8ed98559cb0e0a54da3
https://vl63.ru/images/18/satin_white_lak_bordo.JPG,images/18/satin_white_lak_bordo.JPG,1872459,e8dc36fd9dfa1e65de7f4bf6337243881f62885f02e8233d942f8dd0996e8681
https://vl63.ru/images/18/svetlo-green.jpg,images/18/svetlo-green.jpg,52782,e7bc59e0bec83a48066c41eff1dbbb131779acbb1c35525961d73c02f90738f6
https://vl63.ru/images/18/svetlo-zelenyi.jpg,images/18/svetlo-zelenyi.jpg,50147,93ab63abf9241c5a5ece31adada37e81d1047517d830ae96652af06d2d19d1c6
https://vl63.ru/images/180.jpg,images/180.jpg,527,1d7e8d67cae5852d6767177ad8e8f8c8cafed46e135c7c6a22aceff81f62c790
https://vl63.ru/images/184.jpg,images/184.jpg,537,55226e5c0a7b8e855aa8a88ad63fb01edae046067aa005b2891abf39c4b86083
https://vl63.ru/images/19/1-sapsan.jpg,images/19/1-sapsan.jpg,55428,8036a1183f6a7e7913891b354c37f946c7bf84b8057df8902377b93e4ef3ac2f
https://vl63.ru/images/19/2-urovnevyi_svetilnik_steklo.JPG,images/19/2-urovnevyi_svetilnik_steklo.JPG,3633439,38921a352da9231a92d513321386f778a7cab92b3abc75b4704ea676b5dbaba9
https://vl63.ru/images/19/Fotopechat%20na%20natjazhnom%20potolke%20GLJANEZ.JPG,images/19/Fotopechat na natjazhnom potolke GLJANEZ.JPG,1789878,7102f33451e59510c9648abdefb0fba832f775b6ecd3bb25945e3825cc033ed5
https://vl63.ru/images/19/Fotopechat%20na%20natjazhnom%20potolke%20SATIN.JPG,images/19/Fotopechat na natjazhnom potolke SATIN.JPG,1709933,f3471afc862f78fe164061d09d38cea4057c412dfb8362f71870fd214e4218ea
https://vl63.ru/images/19/IMG_2734.JPG,images/19/IMG_2734.JPG,1969246,26dc95903a83d0824b16844b1736121bc1d140e787362d5fc950576f36534676
https://vl63.ru/images/19/IMG_2735.JPG,images/19/IMG_2735.JPG,2155988,c849083a99b090df3395c0979dcb5ecf0b3ae2b05b12f3824bc33aa88c4a917b
https://vl63.ru/images/19/IMG_4542.JPG,images/19/IMG_4542.JPG,2551537,1d4db9e5b9d977fb04a96c3d6698203b8a0e4165f4d3da134fdbb7fd48189974
https://vl63.ru/images/19/IMG_5835.jpg,images/19/IMG_5835.jpg,1367725,07311117c0008659463099d2d3953f2fd2930c5a3af66cf88bcda4b4df6c57fa
https://vl63.ru/images/19/IMG_6170.JPG,images/19/IMG_6170.JPG,2274689,2a87aecbb056af54529837a7ccdfd7b4549b7cc0fb27523917a2b8875fe1693d
https://vl63.ru/images/19/IMG_6187.JPG,images/19/IMG_6187.JPG,2448476,d3d9a7a694c7443b8c0ff9f67f16ab2159f6e7e9c02e9e201dac2ab1f4d07490
https://vl63.ru/images/19/IMG_6190.JPG,images/19/IMG_6190.JPG,2046282,7760bf6b89489c7d943c28c20ecd085e322e5737f6bd33c06f4b150b0bdbf6cc
https://vl63.ru/images/19/Image00001.jpg,images/19/Image00001.jpg,65273,5ea2a56632243cdaa7ba2145ce7a447ec43dc1ad17683e3149a094eada7fe807
https://vl63.ru/images/19/Image00002.jpg,images/19/Image00002.jpg,100793,63316e755b1bb28cbbaa2566ceec7f01fb89551d39e43797050eb0d5e4e9eda5
https://vl63.ru/images/19/Image00003.jpg,images/19/Image00003.jpg,106146,09dfc74ebaba1941cd29e2482be917bfbcb7b8fbc1379bcf226d521b00ff642a
https://vl63.ru/images/19/Image00004.jpg,images/19/Image00004.jpg,81542,4ce5be1dd900ac4a7d003091e2d6b115647ea7899cc6d698bcbdf821699f6621
https://vl63.ru/images/19/Image00005.jpg,images/19/Image00005.jpg,80483,c6f6ad190147bcd113dfb5da0e3f5053422621c5b5f891e2b139ab3c58f42d41
https://vl63.ru/images/19/Image00006.jpg,images/19/Image00006.jpg,75859,5931c7c37c475ceb4380daa21aa5aa0cd934ba2223b8fbd3183a7fba1c62f6cb
https://vl63.ru/images/19/Image00007.jpg,images/19/Image00007.jpg,72009,f6aa651677f39f44f1b7217ac3033adc6610fc25920cbdfd78f70be520ef3168
https://vl63.ru/images/19/Image00008.jpg,images/19/Image00008.jpg,67450,4158364096bc271c669fb4b3d3672d5e89115b1a2e81a750803954e43779f097
https://vl63.ru/images/19/Image00009.jpg,images/19/Image00009.jpg,38741,ea75ece228dc040a1d943bb7bae10a4640cd905e43905a3ce393db0ba1ff8cb1
https://vl63.ru/images/19/Image00010.jpg,images/19/Image00010.jpg,42065,72fea2df8b2913c6a15b97421ddf92bc78423f2f54f9cad45dfc8e0b66e08fa3
https://vl63.ru/images/19/Image00011.jpg,images/19/Image00011.jpg,81869,9b8f7a87a5a95fabd94ee5469d7f907169a080a6e870242566ce216ace80c4ad
https://vl63.ru/images/19/Image00012.jpg,images/19/Image00012.jpg,47066,3d4c41d25e34b3fb6dd40b3440d59371106f38c5c98592e5b311f6b420e1cbb2
https://vl63.ru/images/19/Image00013.jpg,images/19/Image00013.jpg,48156,b6e43e0b681b3f47da63552a63abae42ad581e7d22465486df8507d4635d8d68
https://vl63.ru/images/19/Image00014.jpg,images/19/Image00014.jpg,40886,d9536dad5c93828462128af9a8c3faa7218e6c2d2b0aa43d74565d0596181071
https://vl63.ru/images/19/Image00015.jpg,images/19/Image00015.jpg,70090,05cd250221fad5315ece711faa38335673eea0f4ae7cd6edc139945582dcd3be
https://vl63.ru/images/19/Image00016.jpg,images/19/Image00016.jpg,51225,b149c20d678d860993d604b9286cbeb43910ccdd53719cfc581eebf39213775c
https://vl63.ru/images/19/Image00017.jpg,images/19/Image00017.jpg,52386,088c51baeda5fc38537153abc0b876e08ded4e143e64397703ab79ccfafd907d
https://vl63.ru/images/19/Image00018.jpg,images/19/Image00018.jpg,73383,c8ce08bf533bf28f0a9d4a5d980bc7dcb4c4ddfafeaf40b3718ed0f083071a52
https://vl63.ru/images/19/Image00019.jpg,images/19/Image00019.jpg,94972,f26295dee4f3fd497b105d2ff8599448d358c92e48148b09ee9a7414438d360d
https://vl63.ru/images/19/Image00020.jpg,images/19/Image00020.jpg,91439,31141a33f947779deaf0a660ec892f28021587b5b6849d201000550cb32d891a
https://vl63.ru/images/19/Image00021.jpg,images/19/Image00021.jpg,93366,3594d2e539a520ff14cde3a4edcf00c10a23683bc4a2dbee4d95baa154d59d50
https://vl63.ru/images/19/rose_bedroom.jpg,images/19/rose_bedroom.jpg,34349,4aca191f5640ea5dc02cbcc363fed3e0e9ed3f0ff4a921c8a07178d5e2f0c53a
https://vl63.ru/images/19/spalnja.JPG,images/19/spalnja.JPG,2742499,a364aae289b34b8efad5954f0024cebd3b1f60e2a9194aef1e665f68b6f1884a
https://vl63.ru/images/2%201.jpg,images/2 1.jpg,4239,255bf9cfc16a2c6aac9d9ee74d6c09479013801786ac2c3bbd952cc970783c80
https://vl63.ru/images/2-tavr-balki/baget-zakreplen-k-dvutavrovym-balkam.jpg,images/2-tavr-balki/baget-zakreplen-k-dvutavrovym-balkam.jpg,234747,1bc2c3d4ab63e131d84ea1f01e084d7dcee0d2b756e0a3f305777a7793b2a98a
https://vl63.ru/images/2-tavr-balki/montazh-bageta-na-metallicheskuju-balku.jpg,images/2-tavr-balki/montazh-bageta-na-metallicheskuju-balku.jpg,157786,9e15bec91b495be63adfdf3760f598adf00b22e4bb0eda58eb72a5e1af0fd21c
https://vl63.ru/images/2-tavr-balki/natjazhnoj-potolok-zakreplen-k-dvutavrovoj-balke.jpg,images/2-tavr-balki/natjazhnoj-potolok-zakreplen-k-dvutavrovoj-balke.jpg,225401,05715671de134cd67dc1b28cf8b1ee3e9b8224a3871c3037efdea5ad79d10aac
https://vl63.ru/images/2-tavr-balki/natjazhnye-potolki-mezhdu-metallicheskimi-balkami.jpg,images/2-tavr-balki/natjazhnye-potolki-mezhdu-metallicheskimi-balkami.jpg,121434,945ffe2dce0700f8947c2b339c9ad7dc3c4edb960d02547b6b5979fbcf829881
https://vl63.ru/images/2-tavr-balki/natjazhnye-potolki-mezhdu-zheleznymi-balkami.jpg,images/2-tavr-balki/natjazhnye-potolki-mezhdu-zheleznymi-balkami.jpg,135232,d8385cd3b6f99b102e4fb25677f17d0c404bce945ca22e5cce9329633917dd9d
https://vl63.ru/images/2-tavr-balki/natjazhnye-potolki-na-dvutavrovoj-balke.jpg,images/2-tavr-balki/natjazhnye-potolki-na-dvutavrovoj-balke.jpg,141303,8e5be346a35ab50b12c9f8bb9c6e341bf4603580e5452ce02edfdfaf791447e9
https://vl63.ru/images/2-uroven-s-nishej-dlja-podsvetki/2-urov-potolok-s-podsvetkoj-kontura.JPG,images/2-uroven-s-nishej-dlja-podsvetki/2-urov-potolok-s-podsvetkoj-kontura.JPG,266927,21fc21a080695ef47c10e450037c263ef75126db29a82400d684454ccf54ee5a
https://vl63.ru/images/2-uroven-s-nishej-dlja-podsvetki/2-uroven-potolka-s-nishej-dla-podsvetki.JPG,images/2-uroven-s-nishej-dlja-podsvetki/2-uroven-potolka-s-nishej-dla-podsvetki.JPG,94861,4eb9f1b28a122b24bbe1ec49878ca80ebbc6ae09a118450bae2083f1759f5fb6
https://vl63.ru/images/2-uroven-s-nishej-dlja-podsvetki/2-urovnevyj-potolok-so-svetodid-lentoj.JPG,images/2-uroven-s-nishej-dlja-podsvetki/2-urovnevyj-potolok-so-svetodid-lentoj.JPG,128541,3baee4f20295a2519bbc8de601c57ec9a15bd6bddd97f4ba198f4deecfc7a8c2
https://vl63.ru/images/2-uroven-s-nishej-dlja-podsvetki/dvuhurovnevye-nayjazhnye-potolki-s-podsvetkoj-timofeevka-toljatti-1-min.JPG,images/2-uroven-s-nishej-dlja-podsvetki/dvuhurovnevye-nayjazhnye-potolki-s-podsvetkoj-timofeevka-toljatti-1-min.JPG,409537,62e8ce0fc01c72f00307ea3f8141ad66d410df864ad56b31046bb609fff961c2
https://vl63.ru/images/2-uroven-s-nishej-dlja-podsvetki/dvuhurovnevye-nayjazhnye-potolki-s-podsvetkoj-timofeevka-toljatti-2-min.JPG,images/2-uroven-s-nishej-dlja-podsvetki/dvuhurovnevye-nayjazhnye-potolki-s-podsvetkoj-timofeevka-toljatti-2-min.JPG,306817,dda3180ece2dcc62e3ee8cd4c520687ef782760cbc9c54bfe2f294452d122dca
https://vl63.ru/images/2-uroven-s-nishej-dlja-podsvetki/dvuhurovnevye-nayjazhnye-potolki-s-podsvetkoj-timofeevka-toljatti-3-min.JPG,images/2-uroven-s-nishej-dlja-podsvetki/dvuhurovnevye-nayjazhnye-potolki-s-podsvetkoj-timofeevka-toljatti-3-min.JPG,307774,47388034b38b879cde93a0d5f4480a362d2d6535729be75b0cfcf5e5bfb3736f
https://vl63.ru/images/2-uroven-s-nishej-dlja-podsvetki/dvuhurovnevye-nayjazhnye-potolki-s-podsvetkoj-timofeevka-toljatti-min.JPG,images/2-uroven-s-nishej-dlja-podsvetki/dvuhurovnevye-nayjazhnye-potolki-s-podsvetkoj-timofeevka-toljatti-min.JPG,327037,fd9a3ad3210417489c94a8d2d1fd62b6a02320b8f91b3c79eaf7e707428fdb91
https://vl63.ru/images/2-uroven-s-nishej-dlja-podsvetki/otrazhenie-linii-podsvetki-potolka-v-svetilnike.JPG,images/2-uroven-s-nishej-dlja-podsvetki/otrazhenie-linii-podsvetki-potolka-v-svetilnike.JPG,138772,f02caf9ef6983f3af9da219ba1969d963fd4f385cc292e00e86588a55c3f3cf9
https://vl63.ru/images/2-uroven-s-nishej-dlja-podsvetki/plastik-vent-kanal-za-potolok.JPG,images/2-uroven-s-nishej-dlja-podsvetki/plastik-vent-kanal-za-potolok.JPG,140575,8be77bf648c27391ff12290eb4a33999ae31c964ededcd3a680821837a09f569
https://vl63.ru/images/2-uroven-s-nishej-dlja-podsvetki/profil-mnogourovnevogo-potolka-s-podsvetkoj.JPG,images/2-uroven-s-nishej-dlja-podsvetki/profil-mnogourovnevogo-potolka-s-podsvetkoj.JPG,144560,3ff09fa55c744eaea35d96058bc61868796754dc3ca3fdc6fe72753c8437c6b8
https://vl63.ru/images/2-uroven-s-nishej-dlja-podsvetki/urovnevyj-natjazhnoj-potolok-so-svetodiod-lentoj-v-nishe.JPG,images/2-uroven-s-nishej-dlja-podsvetki/urovnevyj-natjazhnoj-potolok-so-svetodiod-lentoj-v-nishe.JPG,153803,14ec12a7bb826dffb55c25bf3ab2dbfa83cdda837f6a54e57f59cc5ab8c37667
https://vl63.ru/images/2-urovnevye_potolki/2-urovnevyi-11.JPG,images/2-urovnevye_potolki/2-urovnevyi-11.JPG,1776143,fbd50bb0672bfcd3129eb25c9651e18ef95dcae45a54be739a49c9564f73763c
https://vl63.ru/images/2-urovnevye_potolki/rovnye-linii-potolka-peregiba-2-urovnja.JPG,images/2-urovnevye_potolki/rovnye-linii-potolka-peregiba-2-urovnja.JPG,105482,a8dac00fc67cba75be5df4e1bbaee92f7fc7143d9bfdbd3b3d7814b65e9306eb
https://vl63.ru/images/201.jpg,images/201.jpg,423,1812988e2a592240acdf385df3e7d56303f030771b0ada0261dd2d860c2d7e9a
https://vl63.ru/images/205.jpg,images/205.jpg,444,472aa12ce82788df11da2f63ac4131304e83c63a28f3e0b112edef434d6c6023
https://vl63.ru/images/21/Image00001.jpg,images/21/Image00001.jpg,91915,040b1372c091b20525e9ce18d885585cdeecbd8090cfa3cadf012fa3a6a13db5
https://vl63.ru/images/21/Image00002.jpg,images/21/Image00002.jpg,75120,bb03db5ddf2e0fbde8e1a6beac2ebd9297a3c6e5369f0e45e2f5d5b38504a2e0
https://vl63.ru/images/21/Image00003.jpg,images/21/Image00003.jpg,62584,b52c55c106a1923be9480ccd089c45c2f97f229584158f1545160f510ffadb16
https://vl63.ru/images/21/Image00004.jpg,images/21/Image00004.jpg,75372,872b2a078df772ea6a9dbac25bea8ebce78bc79c77555e3414b5ef80c45a605e
https://vl63.ru/images/21/Image00005.jpg,images/21/Image00005.jpg,74403,15e197c495fca8333b86003ec2cc8ea256039c5c9d32c6294a8cb74fca791da4
https://vl63.ru/images/21/Image00006.jpg,images/21/Image00006.jpg,97192,3f1c2d2875f5944c581fb466d6299c301e7c78ef5441d257024964c3bf4d65c8
https://vl63.ru/images/21/Image00007.jpg,images/21/Image00007.jpg,95464,178169a28609ed18d659912b162f4c6b15bd626ffa71fb99aea84d7235e08037
https://vl63.ru/images/21/Image00008.jpg,images/21/Image00008.jpg,98879,12bc4a7464303905d996034480893292a920ee716b3c6339afb4574ab6a9e3c2
https://vl63.ru/images/21/Image00009.jpg,images/21/Image00009.jpg,93519,86da34861197f1d0665bcebf9c3eee96aa786bd3b3b9b24ceef25c460e2e31b1
https://vl63.ru/images/21/Image00010.jpg,images/21/Image00010.jpg,43508,3c33887dd961289f4523a955a34e571b70fa84de004a4f1ed18ac5e75c164e55
https://vl63.ru/images/21/Image00011.jpg,images/21/Image00011.jpg,88796,d50bb0e86d16fc572edb4b2a5cb25d49e92bc7a9dd7a0aabdd59a46ae226da57
https://vl63.ru/images/21/Image00012.jpg,images/21/Image00012.jpg,76372,6b651e50fabb2247a0d349d80275f01b1443c32edd9e4326d51cc4f201b8b6f5
https://vl63.ru/images/21/Image00013.jpg,images/21/Image00013.jpg,50206,901c824849e56413130179fd6682aec7c7ded0f681e2afcfb36e799392550bcf
https://vl63.ru/images/215.jpg,images/215.jpg,556,a10305ab9be10cd44c50948dd638cb48cc3ef092555803f60c3f28fea525be26
https://vl63.ru/images/22/Image00001.jpg,images/22/Image00001.jpg,78388,f97180ed6695ad9989d1c47ad9ac039dbb58c3bf0d4ccacb204668a05b03192f
https://vl63.ru/images/22/Image00002.jpg,images/22/Image00002.jpg,61002,d01bccc5ba3c2c38bb29e7149b398cc8ddfe5a3c8dce451c90675b95f2b30723
https://vl63.ru/images/22/Image00003.jpg,images/22/Image00003.jpg,59435,7be3fcfc36030fcf9a232a035779ee43aaa169e206cfc6e1803fffcfa40a4a03
https://vl63.ru/images/22/Image00004.jpg,images/22/Image00004.jpg,64521,543dd6d0a60efe21a6dccfdf34fec823daa3887b68774a1edbedc403190e4c56
https://vl63.ru/images/22/Image00005.jpg,images/22/Image00005.jpg,77279,768c554b0263bc85f4d4d758073b725244d63cded83cc6d209c4a45f5120cd4a
https://vl63.ru/images/22/lustra-utolena-v-natjazhnoj-potolok.jpg,images/22/lustra-utolena-v-natjazhnoj-potolok.jpg,99049,a9ebf2245b8eae3fb4c7f33a18658c9c399823e640d3d34aedaafc8b0b036f09
https://vl63.ru/images/22/natjazhnoj-potolok-nad-lestnitsej-na-2-etage.jpg,images/22/natjazhnoj-potolok-nad-lestnitsej-na-2-etage.jpg,95421,7a85f2b325457950d6f9f5532a6c9b5610b3c1bf1ef795ba290b734965d400ef
https://vl63.ru/images/223.jpg,images/223.jpg,475,99b1a6e11dd1d246c35d23f0b81c6f8143c70bc46c559e066eed6d9665fc38e9
https://vl63.ru/images/225.jpg,images/225.jpg,486,50dbb0c7b2727adca26a47e6a79402e9421ec55ba9b04c3ee3cefb009a75911e
https://vl63.ru/images/227-fiolet-tsvet-plenki-potolka-lackfolie/227-lackfolie-plenka-potolok-v-vannoj.jpg,images/227-fiolet-tsvet-plenki-potolka-lackfolie/227-lackfolie-plenka-potolok-v-vannoj.jpg,154024,270cb75c22b87df18d6115b9e9918fe876227e89ec58f94dad90aca65c4ac578
https://vl63.ru/images/227.jpg,images/227.jpg,445,fb396cb72afd2f6033e1c9348c422a5305ed2bb5832e43d3bbc7187d58426f60
https://vl63.ru/images/229.jpg,images/229.jpg,442,d243f9e562c90f8f3bb2aa41672f03f0e59e104396eefd7f23e19f016e522531
https://vl63.ru/images/231.jpg,images/231.jpg,473,e172f0940d7a0cbf7d0e24e00635b5237db6ee03229f0e93536098228e132afb
https://vl63.ru/images/233.jpg,images/233.jpg,442,6b86435540818c4594b8ed1238b40bfb68186ba0139021ea07bf80221fdb4102
https://vl63.ru/images/235.jpg,images/235.jpg,2021,bb52f4de04de0f797ebf9b68546363016c04b130ba29362636d009ef70a56b90
https://vl63.ru/images/24/Image00001.jpg,images/24/Image00001.jpg,57827,afa8fde8ed5d049591baf5ad155eea8c2485361f5a052905690ac77a64860cb3
https://vl63.ru/images/24/Image00002.jpg,images/24/Image00002.jpg,60138,dda4c39cb9963c06adf62bf9474bc8cb39adb6a5d37f6c6a190fb9c542cda86c
https://vl63.ru/images/24/Image00003.jpg,images/24/Image00003.jpg,62008,6cff7f30034fce4e61c81b9da7abf5744fbe28370fc88ccd880539fdd562ac7c
https://vl63.ru/images/24/Image00004.jpg,images/24/Image00004.jpg,54587,1ddfaeeeb939255a4586c11c14282c96c3ddff8f8f375004e1ddaf09a3a34127
https://vl63.ru/images/24/Image00005.jpg,images/24/Image00005.jpg,60218,2f7d8954a8c370e42975c3dc857ec52ff064e26d5924ab671e58c7e779549f3a
https://vl63.ru/images/24/Image00006.jpg,images/24/Image00006.jpg,65334,23bcf66bf5e6ae23ca49a7e29640340bc8e56069c5c97b5f812a617db99e6880
https://vl63.ru/images/24/Image00007.jpg,images/24/Image00007.jpg,54031,51a4f9737e7108f62fc2b76f497455f213afc772cb6daf36617f0a261e7e6586
https://vl63.ru/images/24/Image00008.jpg,images/24/Image00008.jpg,61036,0dc6e8f3e3edafd6b52f96d174823fc3f11215f41bcd2dfb1d93deb0b2f35db5
https://vl63.ru/images/24/Image00009.jpg,images/24/Image00009.jpg,59800,b6a93237dbbb75ab5d591db88ae2ed73dc5bece12f15bcc7ca9f0bd8bfef507a
https://vl63.ru/images/24/Image00010.jpg,images/24/Image00010.jpg,51171,b8722ca166ccce07500c4d815fcf5c4b9c7cad481468fb768f40bef7cbd7892d
https://vl63.ru/images/24/Image00011.jpg,images/24/Image00011.jpg,63650,ac918154ff8231fc12f926d89058d83b67e9c61b8f49767ffbad26cd32662c37
https://vl63.ru/images/25/matoviy.jpg,images/25/matoviy.jpg,92515,853ad61476c29dd2b3e22c5e9bb394d701c368feb7368b8f83becf4a287dcf7d
https://vl63.ru/images/25/satinoviy.jpg,images/25/satinoviy.jpg,104214,f82ffb69352ca7e00da412940b2d4c083e2855ea02a5be7745515184786c1d34
https://vl63.ru/images/26/2105.jpg,images/26/2105.jpg,45760,0b08463f33830d83df7c5106c1a7047076106ee5300a668d01630eddc94e37d1
https://vl63.ru/images/26/2107.jpg,images/26/2107.jpg,41208,916ea3f1b6ffa5dca57dedcaefdfc4f26e03c4578cd3f13b84a4e27aa01f58fc
https://vl63.ru/images/26/2112.jpg,images/26/2112.jpg,45259,e3e1a7a64b6dacbbc1580f88453fd38484c0ed3523ba004657fd55bb0a739c09
https://vl63.ru/images/26/2124.jpg,images/26/2124.jpg,42286,ebad75fda99c136a53cbebcd641157f2bf728477c836c2f2d0de48e2c5dfaa98
https://vl63.ru/images/26/2125.jpg,images/26/2125.jpg,48970,7b795820989afd3c5cbe9047e57e221c9d6ebd57bcfb153944c2521e727f65e1
https://vl63.ru/images/26/2127.jpg,images/26/2127.jpg,46212,50cd4ee79229873ba304926ed627ac6856c38c67b77f2edb8650535688d10ad3
https://vl63.ru/images/26/2130.jpg,images/26/2130.jpg,51178,a0e3122432c464e9bb87b52ec0edb1de25e49a59ac52284c2dfbcf5e0cdc8858
https://vl63.ru/images/27/IMG_6357.JPG,images/27/IMG_6357.JPG,40823,5f7f354fd72e9d7786c4448bcc14542fe248af6f594207724bbc40e53a475e88
https://vl63.ru/images/27/konus.jpg,images/27/konus.jpg,41779,174c2bf1a2d335cabd4f4dd8024b92b8e48eb88dbe270ee9a46c510acfaeb618
https://vl63.ru/images/28/DSC09038.JPG,images/28/DSC09038.JPG,235991,926e44ecc43ca2abdbc36ebfd01365c75dd6030b3fcaf015153c0c1d89df7552
https://vl63.ru/images/28/IMG_0486.jpg,images/28/IMG_0486.jpg,103169,533aca56f742e37634a05228d50de70dbb721db04ceb6ac605e37fbf7453095b
https://vl63.ru/images/28/IMG_0523.jpg,images/28/IMG_0523.jpg,65374,c7ec658c230f9fc434660644a871d0b39cf1ed09c7ca3ed774f17a9019f15b97
https://vl63.ru/images/28/IMG_3506.JPG,images/28/IMG_3506.JPG,147716,1b53a601ec356a9d50ab7791e799814880fd258376bf46c1d18b09b76b1e740c
https://vl63.ru/images/28/IMG_3507.JPG,images/28/IMG_3507.JPG,139946,c716d043d7d39c8fdd51d2232598e6082ff715c0e50d3eb3d5ced746c7c45389
https://vl63.ru/images/28/IMG_3916.JPG,images/28/IMG_3916.JPG,168402,a48997e0f5edfd09d4229c07b09a1ffa32c28b1d8da3dad69741a60a8047885f
https://vl63.ru/images/28/IMG_4422.JPG,images/28/IMG_4422.JPG,110100,bdba0de4336a34f277995a245882ce193ee8959e0417d1a7ef351f1246abf434
https://vl63.ru/images/28/IMG_8939.JPG,images/28/IMG_8939.JPG,185668,e796349416bc4e42a1b69ce6fc9705ec8365b5aae0582af9c924d51b44aa1820
https://vl63.ru/images/28/IMG_9835.JPG,images/28/IMG_9835.JPG,167476,250eeb40748fc8a8a89337b543d2e8351c9c39f91930dc7e1366cd1237dd6db6
https://vl63.ru/images/28/_MG_0235.JPG,images/28/_MG_0235.JPG,235656,626b0d0965143afd30f4584d9266dbb80f292ad7b76cfd5bb86a6dd2a29ae98f
https://vl63.ru/images/28/_MG_2109.JPG,images/28/_MG_2109.JPG,139603,b6a4198ffa5ad544bef67a889000e6cb4608f1a4d0bc8e1367931b60d0e7a403
https://vl63.ru/images/28/lovchiy-sauna.jpg,images/28/lovchiy-sauna.jpg,269852,666f736d651866b6e6d16ab3289d63a12391d8066a2f7de304f29edb7996d72c
https://vl63.ru/images/28/lovchiy.jpg,images/28/lovchiy.jpg,305093,cf47358ceeb0dbe0a60d1691a5031d52e388e3fd36cd4a7a8afc4ee871ca4f8d
https://vl63.ru/images/28/lovchiy_plus.jpg,images/28/lovchiy_plus.jpg,256788,daaf01af82cfccc85c7826e366d994b0b3a106e3748563275b0ee811b6b50505
https://vl63.ru/images/29/IMG_0486.jpg,images/29/IMG_0486.jpg,103169,533aca56f742e37634a05228d50de70dbb721db04ceb6ac605e37fbf7453095b
https://vl63.ru/images/29/IMG_0490.jpg,images/29/IMG_0490.jpg,55816,69a96cf36a21b6106b86bd1454795cb6f2bd4bfa2216a30c7b6dfcdc973b6b44
https://vl63.ru/images/29/IMG_0501.jpg,images/29/IMG_0501.jpg,66027,3d4dd759b42b741aabb0d673a56a45ff033fe3d5c7a0a88908e7cc7e9f12c343
https://vl63.ru/images/29/IMG_0538.jpg,images/29/IMG_0538.jpg,62766,5faea9f99710d09248900431262f03ac547bf03565f1769e11bfc780f2a8dcfd
https://vl63.ru/images/29/IMG_0541.jpg,images/29/IMG_0541.jpg,78433,bee6c71479d0446ae9b7d678ca4855a3bcc6b4a39cd8ea3ff43e7d8021e10761
https://vl63.ru/images/29/IMG_4422.JPG,images/29/IMG_4422.JPG,110100,bdba0de4336a34f277995a245882ce193ee8959e0417d1a7ef351f1246abf434
https://vl63.ru/images/29/IMG_4425.JPG,images/29/IMG_4425.JPG,67983,1b2ce9f52a933f16736a4d8b706eab93b080204cb0f71d66c715a324d317934b
https://vl63.ru/images/29/_2014-07-18%2014.jpg,images/29/_2014-07-18 14.jpg,266685,ac0816ce7bea7bf995e1e3720ac3ce444e49b243bdb94f4b9710815a925126a3
https://vl63.ru/images/29/_MG_7147.JPG,images/29/_MG_7147.JPG,92446,f68776174c627600a8f7c6526dea8dbc083e4428f177d68eb53c241f5ec92a68
https://vl63.ru/images/3%201.jpg,images/3 1.jpg,4357,d1ee506792b733d05b6d8d1b497f3a0a6e09be8589b8f0e970cbd63caf2c4bb6
https://vl63.ru/images/3/b1.jpg,images/3/b1.jpg,111839,fa12f7e13e41d0e6ceea22805cad28bf4af353e2ee3ebd517beec8e6c5eac5d1
https://vl63.ru/images/3/b2.jpg,images/3/b2.jpg,110828,ca43150b552bd517a871d0a9cad6aff5287eb5e17c409ac08be7102fe63d36b3
https://vl63.ru/images/303.jpg,images/303.jpg,461,1f06083841bd4c52f522437038a371288604c04602b5a21098217e2aefa5dc97
https://vl63.ru/images/303_lackfolie/303_lackfolie_v_classicheskom_dizayne.JPG,images/303_lackfolie/303_lackfolie_v_classicheskom_dizayne.JPG,2854759,ac0c16a597ae6b686d5b6fab49506b612621aeece9cf62995df008b8d54b39fa
https://vl63.ru/images/303_lackfolie/belyi_gljanzevyi_potolok_razdelen_gipsom.JPG,images/303_lackfolie/belyi_gljanzevyi_potolok_razdelen_gipsom.JPG,2285607,ef3497c948dc0578dee232f1f14ca0c771ebc291bf04978528cc060defa15bdb
https://vl63.ru/images/303_lackfolie/belyi_gljanzevyi_potolok_s_nishei_iz_gipsokartona.JPG,images/303_lackfolie/belyi_gljanzevyi_potolok_s_nishei_iz_gipsokartona.JPG,2230440,b039994b5d49ba6fa5a10eb5829b96e625a1891975b48ab8a806fb8663aa6656
https://vl63.ru/images/303_lackfolie/belyi_gljanzevyi_potolok_v_park-otele.JPG,images/303_lackfolie/belyi_gljanzevyi_potolok_v_park-otele.JPG,2572818,009b24649457d0f9d28ae9bacf00b2536f8da03dff0a0c2d30acdc979812218e
https://vl63.ru/images/303_lackfolie/belyi_gljanzevyi_potolok_v_park-otele_lux.JPG,images/303_lackfolie/belyi_gljanzevyi_potolok_v_park-otele_lux.JPG,2755654,4121063aceeef54f2ab54fd03879bef29bd9835cadfbda5ff0134525ca369aca
https://vl63.ru/images/303_lackfolie/belyi_gljanzevyi_potolok_v_park-otele_sanuzel.JPG,images/303_lackfolie/belyi_gljanzevyi_potolok_v_park-otele_sanuzel.JPG,2959926,bf26194bbba44dd3594c09fd286e1ccbd2314c1bf9ac531ea27befc284ea1cb9
https://vl63.ru/images/303_lackfolie/belyi_lakovyi_potolok_303-lackfolie.JPG,images/303_lackfolie/belyi_lakovyi_potolok_303-lackfolie.JPG,2965189,7cf547b400b88fd230ab4c35680f7dca54a808f81c28d10f9fe506279016ac8e
https://vl63.ru/images/303_lackfolie/belyi_lakovyi_potolok_bez_vstavki.JPG,images/303_lackfolie/belyi_lakovyi_potolok_bez_vstavki.JPG,2723072,aa455747b4fecb9fa4aa001d287b634d98cc8ad6863d39f877e52c04b3482db7
https://vl63.ru/images/303_lackfolie/belyi_lakovyi_potolok_france.JPG,images/303_lackfolie/belyi_lakovyi_potolok_france.JPG,1354048,bc090ba7919d9bd057fa8cae2d2b0ee07d0809c7ac41e04bfb0b3f53403236b7
https://vl63.ru/images/303_lackfolie/belyi_lakovyi_potolok_kardio.JPG,images/303_lackfolie/belyi_lakovyi_potolok_kardio.JPG,3090406,4c96b4a146792138221813291d25656d11c5cc89ff5fed273952c319e15623a3
https://vl63.ru/images/303_lackfolie/belyi_lakovyi_potolok_koridor_tolyatti.JPG,images/303_lackfolie/belyi_lakovyi_potolok_koridor_tolyatti.JPG,1617413,8c195d915bd83a0361db3417561842b1deb4c78ee2728dbdbf8b33bde7f3c00b
https://vl63.ru/images/303_lackfolie/belyi_lakovyi_potolok_v_LOR1.JPG,images/303_lackfolie/belyi_lakovyi_potolok_v_LOR1.JPG,1452039,0a86f434fa6b25639e2550c95e6665b746a0d6725df283a1a2d3a57829d4c5b5
https://vl63.ru/images/303_lackfolie/belyi_lakovyi_potolok_v_cokole.JPG,images/303_lackfolie/belyi_lakovyi_potolok_v_cokole.JPG,1774068,343b5306ee5eb25af2826b2e1a9f7a1e1088acd774b2afc76547d3e717f4a50c
https://vl63.ru/images/303_lackfolie/belyi_lakovyi_potolok_v_gostonoy.JPG,images/303_lackfolie/belyi_lakovyi_potolok_v_gostonoy.JPG,2890531,e4a23fbbb50f85a22da30b866504979d151c807e9925ddbd178022bcb42dd33d
https://vl63.ru/images/303_lackfolie/belyi_lakovyi_potolok_v_koridore.JPG,images/303_lackfolie/belyi_lakovyi_potolok_v_koridore.JPG,2801753,67c3537aa9fcb2933e41f1174f782c8bc9c2617e6899b2f71154f18685d002f9
https://vl63.ru/images/303_lackfolie/belyi_lakovyi_potolok_v_vannoi_k.JPG,images/303_lackfolie/belyi_lakovyi_potolok_v_vannoi_k.JPG,3012076,6dd887932ccc42178d9e621bf328781e3b51866ff216818a015a789e17c5b54a
https://vl63.ru/images/303_lackfolie/belyi_lakovyi_potolok_v_vystavochnom_dome.JPG,images/303_lackfolie/belyi_lakovyi_potolok_v_vystavochnom_dome.JPG,2970304,801b1940bbae2713805d6dbf3c3603ac62458a437486a18f25d1b6ae7e8163a2
https://vl63.ru/images/303_lackfolie/belyi_lakovyi_potolok_vystavochnyi_dom.JPG,images/303_lackfolie/belyi_lakovyi_potolok_vystavochnyi_dom.JPG,3000270,5037a59ceb0e5dfc034eccd23cfb94a91a0289312f1a918d003aa3b598cbd9b8
https://vl63.ru/images/303_lackfolie/belyi_lakovyi_potolok_zal.JPG,images/303_lackfolie/belyi_lakovyi_potolok_zal.JPG,1539817,3bc8f474d14449f2eac7b266d7f7435c872073806b94b0137821bf9c8dea6132
https://vl63.ru/images/303_lackfolie/belyi_lakovyi_potolok_zal_togliatti.JPG,images/303_lackfolie/belyi_lakovyi_potolok_zal_togliatti.JPG,1429616,8f9e0157d9c629c93205d9ca13431bab205a0043bb33c57b1a8e1115f8da0f3e
https://vl63.ru/images/303_lackfolie/francuzskiy_belyi_lakovyi_potolok_v_vannoi.JPG,images/303_lackfolie/francuzskiy_belyi_lakovyi_potolok_v_vannoi.JPG,3640647,2ea7b9dfa702f16516d0570816d529484c42335cac16baab898438ba5381057e
https://vl63.ru/images/307.jpg,images/307.jpg,541,6e73be2a38579320478b04e8e5106013e0fee39d5f8e3179a0c6cbcc0e4a6c78
https://vl63.ru/images/309.jpg,images/309.jpg,421,9def261cfd0a7ce328ed1adfd3faa39bad1172c7e90d4582a589ba53f0d6747e
https://vl63.ru/images/31/Fotopechat%20na%20natjazhnom%20potolke%20GLJANEZ.JPG,images/31/Fotopechat na natjazhnom potolke GLJANEZ.JPG,75329,1f4b22d090cb98123d4e8d0463caeaacb80791b24cf170d2d186f21c9daae860
https://vl63.ru/images/31/Fotopechat%20na%20natjazhnom%20potolke%20SATIN.JPG,images/31/Fotopechat na natjazhnom potolke SATIN.JPG,74913,df90e48b28bea9b2fa0552a5297bcc1b02c74648915da72fa01c4f51754ebc66
https://vl63.ru/images/31/IMG_0519.jpg,images/31/IMG_0519.jpg,43386,6583dafe3e8281a6560e3fb1608021383b3201d53b16d3ae3a18f081dbfae556
https://vl63.ru/images/31/IMG_0524.jpg,images/31/IMG_0524.jpg,62207,6294f8683471fccd69fe4236d99af7d1e21a869e4d29ba51584167f4ca8259a7
https://vl63.ru/images/31/IMG_3077.JPG,images/31/IMG_3077.JPG,77266,be3079382abc544bacad640df33f76600c387aa3a70630e3844cf3a5a3d58d96
https://vl63.ru/images/31/IMG_3093.JPG,images/31/IMG_3093.JPG,106166,ad93c52439823a1c1dbc2bbf0f7cff7b64a3ee639e3b556a372a2bf075ffa927
https://vl63.ru/images/31/Zvezdnoe%20nebo%20na%20zamshe.JPG,images/31/Zvezdnoe nebo na zamshe.JPG,232397,b97a6f1ab8655fdf11d724da12e81a613831b7f0c9e8db871d841c61c7a5fdfa
https://vl63.ru/images/31/_MG_6633.JPG,images/31/_MG_6633.JPG,225697,2d29683d0314b100705bc0e796c5bd0ed0597417e488bd2eda413d7587e921af
https://vl63.ru/images/31/___.JPG,images/31/___.JPG,146206,6e1d060cf8b4088b280fa289b6ae87d8c46481668c2d4e047ea87cb2f8d7b65d
https://vl63.ru/images/311.jpg,images/311.jpg,410,bc3c94ad043e54f38c60c612e0a9d7b12e66d04bb8f2776f5af8a83f48b2a450
https://vl63.ru/images/313.jpg,images/313.jpg,461,c4d4dcd6afb71ce575adfafa6b101ae2b2b9efe0b312f564b541223adc388f23
https://vl63.ru/images/315.jpg,images/315.jpg,436,223db0fc644f2efd1939fa023f25c6baa3bf0fbb690361ef78a56882fd8949d9
https://vl63.ru/images/317.jpg,images/317.jpg,1601,193486cbf82056ad53bfee63b6c1281174fdb1e933473ba3d2322bbed5623d37
https://vl63.ru/images/319.jpg,images/319.jpg,432,460fe330dd05f9dd2d219164b2b1604192ea0221d5ad8c36b8dbe54d0e2e099e
https://vl63.ru/images/32/IMG_0167.JPG,images/32/IMG_0167.JPG,104498,61371a266ca78f789c1179036c2a77102bf2bea6d546cfc1a72b6d590d1a238d
https://vl63.ru/images/32/IMG_0174.JPG,images/32/IMG_0174.JPG,85585,581ba8f19aeb4d5fe97dd34cabe3c15bd9f984e6180611feae256b253d490a5d
https://vl63.ru/images/32/IMG_0514.jpg,images/32/IMG_0514.jpg,79194,e7f9b934478cd4b2949c455b6666f301203c56e3772b6b2eaf687b13ced3d1f3
https://vl63.ru/images/32/IMG_1780.JPG,images/32/IMG_1780.JPG,96593,c1c2ea6f8c2cc167099cc5699a70c91b31745a7b331284099ea0bba5cff4d525
https://vl63.ru/images/32/IMG_1782.JPG,images/32/IMG_1782.JPG,55700,568fe5f6bb6445595535845181f379c6d74ead9d23ccec68b3c354e31e0d16e1
https://vl63.ru/images/32/IMG_1904.JPG,images/32/IMG_1904.JPG,71129,34774fa05edd766f658f788078ac93d08a57c05c93b264f6746cb54fe15353cd
https://vl63.ru/images/32/IMG_1939.JPG,images/32/IMG_1939.JPG,110121,dc1f386b6de8915531b49684eca73a0cbfff92f7d7a26853ec23419c0135ed72
https://vl63.ru/images/32/IMG_2601.JPG,images/32/IMG_2601.JPG,103000,d199a0200376ff71027466bd5f5adcdf058cd6d10e029bd8ef3dfc58d863c923
https://vl63.ru/images/32/IMG_2603.JPG,images/32/IMG_2603.JPG,114922,5c6fc3d6f1be2fbd4b79f2fd7c6374796134f647b98b992c620186a6cc03f5b3
https://vl63.ru/images/32/IMG_2853.JPG,images/32/IMG_2853.JPG,124106,2ea55f4f139ea30c2218ce2a27421b3bd12da530185cbd0af35abb087a993fda
https://vl63.ru/images/32/IMG_2854.JPG,images/32/IMG_2854.JPG,132520,dd0fbbf19ef13e0e6bb560340b54d6be7f087613ec62e6a7e3786a49f9a7b26e
https://vl63.ru/images/32/IMG_2855.JPG,images/32/IMG_2855.JPG,133757,c7b88932e721188c1bd6b2d68bcfd442d2a34842eda1bd59e9e1f4dcf5e9173e
https://vl63.ru/images/32/IMG_2860.JPG,images/32/IMG_2860.JPG,86463,f342ee204a5ca37d91a5d4c40af6b766a74d52f965c870cd8864b2d968b5f65a
https://vl63.ru/images/32/IMG_6103.JPG,images/32/IMG_6103.JPG,61031,09674d19bfcace66716b73d70035afa74c471c02f17c12cd069891e410e8b51c
https://vl63.ru/images/32/IMG_6123.JPG,images/32/IMG_6123.JPG,49067,2e70d8d7d58fc404d823c2376813c5451ab84bf96f6597baab75306ba81fb0e7
https://vl63.ru/images/32/mansarda_vanna.JPG,images/32/mansarda_vanna.JPG,1899326,97e0ac86afc04951a0ae0454241a1645c2c4d9e7adc92f312ad64e376d3cb397
https://vl63.ru/images/32/mansarda_vannaja.JPG,images/32/mansarda_vannaja.JPG,1957133,4c33d6b8af4d8b915efc6fc54b268ae0e4e43001831945681560f06548972e7a
https://vl63.ru/images/33/sertificat_PTMC.jpg,images/33/sertificat_PTMC.jpg,309166,2412eaff78da7ea61a417d394b216485df5ffbd728ece725bff3d911349e160a
https://vl63.ru/images/33/sertifikat-MSD.jpg,images/33/sertifikat-MSD.jpg,102539,ebffb6975352cd420c10b5ddeea85ad82fcee34d8e5dba971d12dac3adfa0921
https://vl63.ru/images/33/sertifikat_germanija.jpg,images/33/sertifikat_germanija.jpg,58789,22339bf290d0374aa8bf032a021eac2f602ea4ece70b88e4bdbb7dd50e003727
https://vl63.ru/images/33/sertifikat_germanija_gigiena.jpg,images/33/sertifikat_germanija_gigiena.jpg,42174,7144af09475bfff4d111ba145fcf89e7630ca45379d2cbd3aaaf22b5d0cbe005
https://vl63.ru/images/333.jpg,images/333.jpg,438,7bba462ea071d3103c9db9b0bf3b6d1715709e2d193b93f158b98ee7a7eaca42
https://vl63.ru/images/333_lackfolie/lackfolie-333_potolok_pod_gips.jpg,images/333_lackfolie/lackfolie-333_potolok_pod_gips.jpg,43531,31d33735b3ab3f93f2948dedf7a0e6ed7989b29521e0e786e3b8f90cfd871086
https://vl63.ru/images/333_lackfolie/lackfolie-333_potolok_v_zale.jpg,images/333_lackfolie/lackfolie-333_potolok_v_zale.jpg,74068,2075d104ac1f3eee2f3dc260eb9cbb9c4b51acd7f9aeac7f657dbb3e7c671c90
https://vl63.ru/images/347.jpg,images/347.jpg,474,f31b9d7f9264864fc33de71e264d234c7a8c1036e1e63628d1bc7360c6251243
https://vl63.ru/images/35/6644.jpg,images/35/6644.jpg,104259,b8274c034ca5a9acc302a208c8e3078a7d8f67701597942325bdceaf5c5e558a
https://vl63.ru/images/35/6653.jpg,images/35/6653.jpg,103750,e7b466e743fde565620d983dab076425df4514e21029400dd74a4f149c8d23e8
https://vl63.ru/images/35/peregib_nad_lestnicei_do.JPG,images/35/peregib_nad_lestnicei_do.JPG,2874741,4bb27a785ac0af5accb38faf5dbab3c83d7c1e5c5a83b7b8d30bfdd89f0e28a4
https://vl63.ru/images/35/peregib_nad_lestnicei_posle_.JPG,images/35/peregib_nad_lestnicei_posle_.JPG,1847460,be2e94f2736905a0a42f7bad782f4ba26134c251a68b47cc90b1690585e109b7
https://vl63.ru/images/35/peregib_nad_lestnicei_posle_ustanovki.JPG,images/35/peregib_nad_lestnicei_posle_ustanovki.JPG,2046448,4ddd48240db98dae38fa1d5fcabfdee480d9bce7cd2384959dc6ec29c2f7ad2f
https://vl63.ru/images/36/1080163.jpg,images/36/1080163.jpg,51305,3e57d6f86d69d3b995dbffca36679a6a0e358f353fe67087fabe7c1544f85371
https://vl63.ru/images/36/5443.jpg,images/36/5443.jpg,47444,68ae292108063b06352a22d9ccdc98bae5a9f7f2ad9ce33ec821227608489b43
https://vl63.ru/images/37/5.jpg,images/37/5.jpg,48493,761d682ee80184c168079ad3985e95e957b7daa1e3f51e6d1bd465688177234b
https://vl63.ru/images/37/6018.jpg,images/37/6018.jpg,57634,c9b4e7f0d6dfedc503cfd4bb3f4842c79abfc50203ad79d4442c600428d0aa28
https://vl63.ru/images/37/6020.jpg,images/37/6020.jpg,100679,a4ba604faf3ca9b65d4b7ed658a6894169f5abb25c12d2f81975f5d1a37fc091
https://vl63.ru/images/37/6023.jpg,images/37/6023.jpg,58572,8fd8f7ef60716db29d9b3157194ea83f2c44bc4b41968a189439ca90bcea3608
https://vl63.ru/images/37/8.jpg,images/37/8.jpg,92186,a6c4fdd2d1f79ca145700821e9b74841796a07cb30f604c8e14ef5dd589146c7
https://vl63.ru/images/37/komb_1.jpg,images/37/komb_1.jpg,46607,eecea0c1f1e66929d75ec7892b9cf932fe182ea46f45c5ffb1933e72dcc911bf
https://vl63.ru/images/37/komb_3.jpg,images/37/komb_3.jpg,48135,14e59aabd0baf578ed5374fdf6d38290284ebbb2046ea269b561bc5515d99d04
https://vl63.ru/images/37/komb_4.jpg,images/37/komb_4.jpg,42051,bb05f242da4349341c72c27d6de60f6bd3c4497cc8a189f81ae7bb64b2ee1dc1
https://vl63.ru/images/37/spaika_poloten_potolka_tri_kita.JPG,images/37/spaika_poloten_potolka_tri_kita.JPG,3484582,a52e70b1fb167e7ae1afd5d9417b0e783fd0f6a6c98cf35b59539975ed13f62d
https://vl63.ru/images/38/_MG_0233.JPG,images/38/_MG_0233.JPG,123333,8ff781c79b1d2cb9ff569ea843d8ed3cc3dbe33006ae255e29ff15e1e8ad042d
https://vl63.ru/images/38/_MG_0234.JPG,images/38/_MG_0234.JPG,92081,7ebb9b6c8c42174e6ca255f550c2ddf655d22c5adce1bdc3e05eac27e83769ac
https://vl63.ru/images/38/_MG_0237.JPG,images/38/_MG_0237.JPG,87570,0d28c6cf9620831cd47860d95c7e5bc259b7c32b70eed0b806a5d7b98317049a
https://vl63.ru/images/38/volna.JPG,images/38/volna.JPG,864918,2f0dcb60c38fe8b1ce5bd2181c0d117348cbabd33c668fa7cecd0a8b13fab89f
https://vl63.ru/images/38/volna_office.JPG,images/38/volna_office.JPG,1721299,77f7dba1b082a67c6bfd8903f74a2f2ced6d5102667bbc866a4eee2f510d825d
https://vl63.ru/images/39/DSC09038.JPG,images/39/DSC09038.JPG,177197,45e87754aaa8c10c45a36679074872cad034a76fdb320e228f38a9122ede8f1b
https://vl63.ru/images/39/DSC09044.JPG,images/39/DSC09044.JPG,169930,1aedaf11c13791a81c8dfbb7ae0a1c030c5c1cfde0695076fcdec96cf6fb4aa1
https://vl63.ru/images/39/IMG_1461.JPG,images/39/IMG_1461.JPG,75062,e2e47e91a10a2205f9a0c3d7bef445142cadd9e3be7745c89af79982a00b6a9b
https://vl63.ru/images/39/IMG_1463.JPG,images/39/IMG_1463.JPG,70989,1561166b4a129a7b3d749bc653417208ebd0e702721e889731c554baee06f207
https://vl63.ru/images/39/IMG_1466.JPG,images/39/IMG_1466.JPG,72021,5fc780756d97a9cccc0f6109ae82b5e2dd231482e8dcb45eb1b091ab02d63fe7
https://vl63.ru/images/3D-potolok-nebo-povolzhskij/3d-potolok-s-vykluchennoj-podsvetkoij.JPG,images/3D-potolok-nebo-povolzhskij/3d-potolok-s-vykluchennoj-podsvetkoij.JPG,146165,f362f2086e05b81b533bfe202f0a099af276903ed9a23e3cfec1ceb21a9cdbc8
https://vl63.ru/images/3D-potolok-nebo-povolzhskij/sdvoennyj-baget-3d-potolka.JPG,images/3D-potolok-nebo-povolzhskij/sdvoennyj-baget-3d-potolka.JPG,235612,d539a923f3ae96c90679d23bbab15fa986a910bda64aacfa619d81fdb0044b5b
https://vl63.ru/images/3D-potolok-nebo-povolzhskij/svetodiodnaja-lenta-po-perimetru-3d-potolka.JPG,images/3D-potolok-nebo-povolzhskij/svetodiodnaja-lenta-po-perimetru-3d-potolka.JPG,145603,8d774cb01d1693e90b3087ea12521d667a4602f8d8e7e8abc71efc716d950aed
https://vl63.ru/images/3D-potolok_illuminator_kontur-svet/3d-potolok-illuminator_s_podsvetkoi_kontura_v_temnote.jpg,images/3D-potolok_illuminator_kontur-svet/3d-potolok-illuminator_s_podsvetkoi_kontura_v_temnote.jpg,66707,cf5075306565520e173eeceb6201d9c9eaf5fef848e7b8e517c78fc35823b015
https://vl63.ru/images/3D-potolok_illuminator_kontur-svet/3d-potolok_illuminator_s_podsvetkoi_kontura_v_temnote.jpg,images/3D-potolok_illuminator_kontur-svet/3d-potolok_illuminator_s_podsvetkoi_kontura_v_temnote.jpg,195814,377b7c4d560da309f27993afadda17e1758398b2fab16a763e0f96dc7f93e53e
https://vl63.ru/images/3D-potolok_illuminator_kontur-svet/3d-potolok_v_armstrong-illuminator_s_podsvetkoi_kontura_pri_svete.jpg,images/3D-potolok_illuminator_kontur-svet/3d-potolok_v_armstrong-illuminator_s_podsvetkoi_kontura_pri_svete.jpg,198653,175fad20f90f25f7edca690f9103aae7bcbc63abe3397513bbdb6482d613c246
https://vl63.ru/images/3D-potolok_illuminator_kontur-svet/3d-potolok_v_armstronge-illuminator_s_podsvetkoi_kontura_pri_svete.jpg,images/3D-potolok_illuminator_kontur-svet/3d-potolok_v_armstronge-illuminator_s_podsvetkoi_kontura_pri_svete.jpg,265584,5d9b83091b848ff1bf5cca72431e91f81b35601b510e0a8973a7adce7cba3b24
https://vl63.ru/images/3d-natjazhnoi_potolok_v_armstrong_ptitcy.jpg,images/3d-natjazhnoi_potolok_v_armstrong_ptitcy.jpg,904516,ab8e2f0287a921d99f66748edd5399eb3186456c9809ae4b493ad0c007594ffb
https://vl63.ru/images/3d-potolok-planeta-plitka/IMG_0002.JPG,images/3d-potolok-planeta-plitka/IMG_0002.JPG,205437,3fd93587d8dd65b8389db984805639b740b7928f218d62f81540587787afd71a
https://vl63.ru/images/3d-potolok-planeta-plitka/IMG_0003.jpg,images/3d-potolok-planeta-plitka/IMG_0003.jpg,101751,fa6e1ecda6bb2b8f0e9e704f6763e7668302aa9c2aa32bcc9a21a21a42366612
https://vl63.ru/images/3d-potolok-planeta-plitka/IMG_0005.jpg,images/3d-potolok-planeta-plitka/IMG_0005.jpg,179046,5192f4f84ded7b5fbb204003fc38af5ad3aaf89bc9bab36fdb0e153e4fa464cc
https://vl63.ru/images/3d-potolok_ptitcy_v_armstrong/3d-potolok_ptitsy_v_nebe_v_svetloi_komnate.jpg,images/3d-potolok_ptitcy_v_armstrong/3d-potolok_ptitsy_v_nebe_v_svetloi_komnate.jpg,1165633,02431b50bfa692559e3fef0085931dbba586c6cee33e151cf5af2a8cfb144225
https://vl63.ru/images/3d-potolok_ptitcy_v_armstrong/3d-potolok_ptitsy_v_nebe_v_temnoi_komnate.jpg,images/3d-potolok_ptitcy_v_armstrong/3d-potolok_ptitsy_v_nebe_v_temnoi_komnate.jpg,396524,e448863436cbfe3d3602a5c49d1b505da3db446f690ee29b2ed9deea7437647c
https://vl63.ru/images/3d-potolok_ptitcy_v_armstrong/3d_potolok_v_armstrong.jpg.jpg,images/3d-potolok_ptitcy_v_armstrong/3d_potolok_v_armstrong.jpg.jpg,1139566,f911e78c4062ab1d072baa51c47d0645d3a7c66c6cd00499f366e4a8e0b6df17
https://vl63.ru/images/3d-potolok_v_armstrong_s_rybkami_vykluchen.jpg,images/3d-potolok_v_armstrong_s_rybkami_vykluchen.jpg,202910,292df565cc91d8e7735b9155fbb1e7681779327880c7c5632b10ed645876cee1
https://vl63.ru/images/4.jpg,images/4.jpg,3523,b977892e82cfe7d72546ccff6124fe275afdbbe375f0f7ac4189892040c0f64c
https://vl63.ru/images/4/25.jpg,images/4/25.jpg,235961,dd28da8545519597424c38a54dbf54f455e055e1e21e8b59747819be8d609c3d
https://vl63.ru/images/4/goluboi_potolok_v_saune_lovchiy.JPG,images/4/goluboi_potolok_v_saune_lovchiy.JPG,1892338,b0e58ea0ee82cf95980d6b416dc0e835d75b8742c7dc0a3a0f1da1e8ccd84779
https://vl63.ru/images/4/lovchiy-sauna.jpg,images/4/lovchiy-sauna.jpg,404298,1c605d108326d6716543e18e6e2c284b56bc5e2b6fb0b69e7f6817a89ac087f2
https://vl63.ru/images/4/lovchiy.jpg,images/4/lovchiy.jpg,453032,9279afe61c5b3de7fc6392d82eb8fda11e75ae2213d2f08ef1ed1285b68b4762
https://vl63.ru/images/4/lovchiy_plus.jpg,images/4/lovchiy_plus.jpg,384114,c2546045d8bac43a096de00c1444c397f5e48dd2f1fd03a8bde32bea560381c1
https://vl63.ru/images/4/siniy_potolok_nad_basseinom.JPG,images/4/siniy_potolok_nad_basseinom.JPG,2366779,17934c1d83e651d29e4e40e7d1d536e96d13ad73095a8b1406e7454e6bdb8a4b
https://vl63.ru/images/402.jpg,images/402.jpg,443,a3981255b7ba864a3942f274d88bee2bb1e538ac8190dd97f2d06485b71318a7
https://vl63.ru/images/404.jpg,images/404.jpg,346,bb296373201b624f7b0a357cfd8055e86ef6290102339694f2bd13819d5c3219
https://vl63.ru/images/406.jpg,images/406.jpg,460,6bdd01c203456e906babf242f65bfdd62c6beec2096d12130be8065ae3790232
https://vl63.ru/images/408.jpg,images/408.jpg,461,b8471fdb7c7296297eb219bf96b344825ab6c0b2fca04d536d2b4b41772e8324
https://vl63.ru/images/41/IMG_6930.JPG,images/41/IMG_6930.JPG,91982,fd544a7823289aaf4710296d40fe88f5af7648ece841abbc62c9177c9ab36ab6
https://vl63.ru/images/41/IMG_83431.JPG,images/41/IMG_83431.JPG,69662,e514f275a5e4ed69eaa04639f632fa009b32f151479a85dde3c70efb4eb86862
https://vl63.ru/images/41/P1070086.JPG,images/41/P1070086.JPG,122300,6e774f28a83d520767b54c185c3eb7dedee63de293f15f92c6a6e79576a1a15e
https://vl63.ru/images/41/P1070087.JPG,images/41/P1070087.JPG,150942,b3d7c92aed83c5294c817587a983a7f5faaa2bd25dc5444118cefb51b98a7cfc
https://vl63.ru/images/41/detskaja_s_golubym_natjazhnym_potolokom.JPG,images/41/detskaja_s_golubym_natjazhnym_potolokom.JPG,2838841,217e8c6a419eac7ee8b13fa99d6f348d571cfec3bb2832957ee092e7c61d711b
https://vl63.ru/images/41/detskaja_s_golubym_natjazhnym_potolokom114.JPG,images/41/detskaja_s_golubym_natjazhnym_potolokom114.JPG,2863668,e2d5cfbb57aeccac6d97a3bf1e6b0227622f64346239b88697bc98f2b74f3e65
https://vl63.ru/images/41/detskaja_s_golubym_natjazhnym_potolokom_114.JPG,images/41/detskaja_s_golubym_natjazhnym_potolokom_114.JPG,2899109,ce286f4fef9ec85df542ddba39d2fc4e27eda655a8ded5559553e0022d117d8a
https://vl63.ru/images/410.jpg,images/410.jpg,470,a68a7fab62b4d6c0b3adb59082bea87b42095407c281cf18c1f127547e3e05e3
https://vl63.ru/images/416.jpg,images/416.jpg,480,632f20797b04db6ba99998a57944ffc04e130e86bbf589d8756c9c0de245598c
https://vl63.ru/images/42/IMG_6188.JPG,images/42/IMG_6188.JPG,76965,edbb81de4f32f905de2ebc57bd9fe1ec34da842424547592fcb978dd665f6937
https://vl63.ru/images/42/siniy_lakovyi_natyazhnoi_potolok_156_tsvet.JPG,images/42/siniy_lakovyi_natyazhnoi_potolok_156_tsvet.JPG,2913555,9f124b6e48626ed9e379a40d9264d487df57629633e452b6fc417276879bef11
https://vl63.ru/images/420.jpg,images/420.jpg,465,cb908125f04c7f508ff4f1b94758b3e11add07887d5723ca7078752e75081e9d
https://vl63.ru/images/43/162.JPG,images/43/162.JPG,74537,4d02441de91c08e0a99b467418e07c6f482df0a3624d267cfb5f4424e1cf82e3
https://vl63.ru/images/43/IMG_6167.JPG,images/43/IMG_6167.JPG,90382,c097e16d37cccc8e58b9ab4a218a67b0b6a17d97e244c51ab7498cf7cf9ccf7c
https://vl63.ru/images/43/IMG_8555.JPG,images/43/IMG_8555.JPG,84683,5fbda3b3b514aed424d8beef57a5f58ed51224b4ce4058b06619ad6c55df60d5
https://vl63.ru/images/43/IMG_8556.JPG,images/43/IMG_8556.JPG,88687,2b495df8efe49f2211de420cfd1a93772a164689f0ec1dfd1706a2f809d5a02a
https://vl63.ru/images/436.jpg,images/436.jpg,464,7c53ebe1d1ed7e05b09c0ec15ddd01ea5df0fee1f795a45a41253ff35ba8a7be
https://vl63.ru/images/44/IMG_6193.JPG,images/44/IMG_6193.JPG,95310,53c6863c2ec8b14bb24a78c1de46327d8a9077b2c44de76c524fd3af2e23ea99
https://vl63.ru/images/44/siniy_lakoviy_natjazhnoy_potolok_tsvet180.JPG,images/44/siniy_lakoviy_natjazhnoy_potolok_tsvet180.JPG,2444150,921b1546a740f5bf88ff0e3ee67d10bd38ebefa57b2a2cd639ca7a78aa8bac66
https://vl63.ru/images/442.jpg,images/442.jpg,584,9843778321b038ff8e75cad14f83381244a99889f9cf109e4136fed97f9b5e18
https://vl63.ru/images/444.jpg,images/444.jpg,476,03e0f240c24445f63f1346331ab4f200af0130ba096e3755b1d65c250e5aa58d
https://vl63.ru/images/45/lakovyj-natyazhnoj-potolok-gkl-tsvet-476.jpg,images/45/lakovyj-natyazhnoj-potolok-gkl-tsvet-476.jpg,78159,a02285bac595c69b465ffe882377f5a6313e74adf346de68a28da7672cc11239
https://vl63.ru/images/46/IMG_2824.JPG,images/46/IMG_2824.JPG,124652,87eb1955f6434b744924f34367d33d9d79a4aa6957f54f6965c1fa7af1367181
https://vl63.ru/images/46/fiolet_cvet_potolka_201_lackfolie.JPG,images/46/fiolet_cvet_potolka_201_lackfolie.JPG,198244,7a5c3a19209529f77cf84cf6c5561b709785d44b9252f2739b297bb3324139a8
https://vl63.ru/images/462.jpg,images/462.jpg,482,b93bf9a66c6fdb0d55d3869b24950abadc1f5be0f2dfed66aaabc98a13587130
https://vl63.ru/images/466.jpg,images/466.jpg,490,8944d3587a328f7194e8d59277beea65c10a2bf461d298ff68121eb2aa894c1f
https://vl63.ru/images/47/IMG_2824.JPG,images/47/IMG_2824.JPG,124652,87eb1955f6434b744924f34367d33d9d79a4aa6957f54f6965c1fa7af1367181
https://vl63.ru/images/474.jpg,images/474.jpg,451,7de9931e4485af16ee6ba21718a54fa0c4023a5f0cf8da957de2d1771c770578
https://vl63.ru/images/476.jpg,images/476.jpg,541,1a1cfce952a301c211f35112f1ead3e3ac1dc0d277b308d42c28b28e34b695e2
https://vl63.ru/images/478.jpg,images/478.jpg,600,62b0cf1fe1054a30e8dfac5ffcbcf682ab44e56497c22db95e64a3ec1d4d375f
https://vl63.ru/images/48/231_tsvet_plenki_pvc.jpeg,images/48/231_tsvet_plenki_pvc.jpeg,395699,ef3a81600a35236b5d37c93fbf508df932952886cfb8f713d97cec3651a3536f
https://vl63.ru/images/49/0011.JPG,images/49/0011.JPG,92778,508107c549f8ae5b31b1e5a54aff022f25147a45f8c6c9032c858c36f505be6f
https://vl63.ru/images/49/0021.JPG,images/49/0021.JPG,53227,9fb64fddeab3d4b9a71863b58c43649b1662de03a0e11ab1812c06aaf67152b9
https://vl63.ru/images/49/0031.JPG,images/49/0031.JPG,54987,5b813380383b4a7a899baba5226eb258b5f816acef1b0a99207fd2cd2ca19df5
https://vl63.ru/images/490.jpg,images/490.jpg,486,c6a850749b7cd8d111fa311f22229ed734426fe5d41dfcc5f82ae4330ad4986a
https://vl63.ru/images/5.jpg,images/5.jpg,3922,52a436a1b57e9aaab56a4d5c8162ec216002d7938d6c11499c8b55c1b2530483
https://vl63.ru/images/5/IMG_6419.JPG,images/5/IMG_6419.JPG,194499,989bd5648648c0e597f5589fd626f5f4c036345ee6412bdeae5bd957f376b43c
https://vl63.ru/images/5/IMG_6422.JPG,images/5/IMG_6422.JPG,181232,1e4dc903374d2a1fff41605d2cab4cfac74033a602becc0edf25c2fc5957ce08
https://vl63.ru/images/5/IMG_6430.JPG,images/5/IMG_6430.JPG,182619,cb3494f54d677aa167da49626c1623a2a8ea7240363dd031fd2a7f258fa51a87
https://vl63.ru/images/5/IMG_6433.JPG,images/5/IMG_6433.JPG,204275,fadf637782140a5160cfbb1b033e77c5730d979d9e90ed4970b48238824251c5
https://vl63.ru/images/5/Sush-ka%20potolki.JPG,images/5/Sush-ka potolki.JPG,177426,7fcce118de8ea628b8be0237d91d5047df01f9b26a1f820da93322ae962546a5
https://vl63.ru/images/501.jpg,images/501.jpg,496,e1b3dd33b47427f3ed7697f073391238bacb64dc37c21d034104665a09d950ba
https://vl63.ru/images/507.jpg,images/507.jpg,530,6b719aca01e4f95922982b9d9b96e50adfcd962be1b345aec7f053d5c8e1fa56
https://vl63.ru/images/51/319_pongs.jpg,images/51/319_pongs.jpg,276965,edac06c97e4e9ebe6bdd9cdfd6825174c277cbfd279fd380f5f3a95b4188d715
https://vl63.ru/images/51/319_pongs_fotoprint_orange.jpg,images/51/319_pongs_fotoprint_orange.jpg,37122,66c92b28f3174f058d97619ca60e4471adfeb63ab3043f7466609a081dc5538b
https://vl63.ru/images/51/IMG_9683.JPG,images/51/IMG_9683.JPG,75924,8eef83507d78c7ee1343815e5f42702016dc23d7eaf3ddaace23323b8698e239
https://vl63.ru/images/511.jpg,images/511.jpg,1713,f60b859d1f82123f59826dc9e55e9dbb65f4504f0c2a7c446a367c0f14656128
https://vl63.ru/images/515.jpg,images/515.jpg,1617,ac715bceed58665ed5e98e054389086185255450663485a38d98f03b4c75a341
https://vl63.ru/images/519.jpg,images/519.jpg,1399,3568f33f968c0b830e01396dbaa454a62825e0fddc3463e530c08dbb99d99598
https://vl63.ru/images/52/001.JPG,images/52/001.JPG,57980,690a5befa13ef989fca4c31cc11f70cee112456203acb1a239c3eb374e4cbba9
https://vl63.ru/images/52/002.JPG,images/52/002.JPG,58237,7aee9a3f3e5f57cf9920a0b35f91c7b9fedcb13a1f6c46566714c97c52ddb5f0
https://vl63.ru/images/52/003.JPG,images/52/003.JPG,85799,bd4fa4b15e411ca4d28fe7911426e79ec22225f76145441d24e6257397711ecc
https://vl63.ru/images/52/005.JPG,images/52/005.JPG,61737,2fd89220d0d43a6e1f81e90721606510f967737b7155da72b7f18cdda5f7abbe
https://vl63.ru/images/52/006.JPG,images/52/006.JPG,53011,701bc1f07dfa6bbf9359d7ec9ae3351612292fb3b64000ef1a72569776c64479
https://vl63.ru/images/52/007.JPG,images/52/007.JPG,40003,06e315baf3346e16d3ecec697964915e2ba02ec92f5a5c7bf26a064c70349d90
https://vl63.ru/images/52/008.JPG,images/52/008.JPG,37215,435673338bf5c7281d68f53c465a88808477fe322c082acf2885f0bc0b1c162e
https://vl63.ru/images/52/009.JPG,images/52/009.JPG,127564,2231fd27ba202178968a0722df008c803f53a7c19e0116d956552bb4afeec77d
https://vl63.ru/images/52/010.JPG,images/52/010.JPG,121664,394b21363383b7e3992b72c0d87ed8fb0fac6c62f31098df998e9f5f076c892e
https://vl63.ru/images/52/012.JPG,images/52/012.JPG,108737,1a8eefeda7c4803a179f2b62a1a98238ba4e4f04c65a12a910b1f304e0a73a79
https://vl63.ru/images/52/IMG_2052.JPG,images/52/IMG_2052.JPG,117208,ab4bc923b467c5acf29a462df58bdce8c5d0b1c73207df6bf2d02b167daabe0e
https://vl63.ru/images/52/black_lack_stratch_ceiling_in_bath.JPG,images/52/black_lack_stratch_ceiling_in_bath.JPG,2875220,bedc47c7c1fe3b8f7f8e4f27521135b4ba54d7f0c6e26af4dabb67a4c3575cc3
https://vl63.ru/images/52/black_lack_stratch_ceiling_in_bathroom.JPG,images/52/black_lack_stratch_ceiling_in_bathroom.JPG,2938386,c90a37e9e716d549e3ba9055e509f6dff1c89d2d38b71d1e66638eacea788313
https://vl63.ru/images/52/black_lack_stratch_ceiling_in_kitchen1.JPG,images/52/black_lack_stratch_ceiling_in_kitchen1.JPG,2012083,91650f2c4d0be5723dbe2ea11517bbd8de9d39c92a13ecc9917b7eebf8b7328f
https://vl63.ru/images/52/colour-347_lackfolie_stratch_ceiling_kitchen.jpg,images/52/colour-347_lackfolie_stratch_ceiling_kitchen.jpg,52406,6b34e55a05a2a0115a13eb7c3cc2c8ae6bd7fcde31fcf9f5a83bd5be717070b8
https://vl63.ru/images/525.jpg,images/525.jpg,445,77631a10ba7d5bcc645adb33c39ed7bf684a3c6e9c1d736759e2f340828cc3c3
https://vl63.ru/images/53/402-001.JPG,images/53/402-001.JPG,57281,0451c3a51a739d1e60b38f55a9293f3d0b18c060b029d59b7d9c27f677d6148a
https://vl63.ru/images/53/402-002.JPG,images/53/402-002.JPG,97368,e40978a93fbe4ab2e2fb37203ed4be6f5fbcfa36f991abd4d9c352a96853cf38
https://vl63.ru/images/53/402-003.JPG,images/53/402-003.JPG,79923,2a7b162bef10648458b73ff09c59b227482b997e44e1c63fbf4bc92c2d612f85
https://vl63.ru/images/53/402-004.JPG,images/53/402-004.JPG,67339,427a0e9eb2dc62c62678c651556227179ee61d0c113d4ed342b3ef94654a5577
https://vl63.ru/images/53/IMG_61201.JPG,images/53/IMG_61201.JPG,91523,df9a21923e9631c3909e8982565b014537e4a2202664555ed86a3c86bc1d4bab
https://vl63.ru/images/54/_MG_7247.JPG,images/54/_MG_7247.JPG,110226,f851021d2b50097c1ec60b5e6c9ad11cea1ed0fce4249b45aced269d362590c4
https://vl63.ru/images/54/_MG_7268.JPG,images/54/_MG_7268.JPG,59233,4e559e37c3fec144d283b2b9d81cadba2dcac6ea4630194f31df3d50e8c76fad
https://vl63.ru/images/545.jpg,images/545.jpg,523,7085a769198b59f5b7e76989f86ff2fec3de30ec0ce8bffa99fb0f88407d1220
https://vl63.ru/images/547.jpg,images/547.jpg,445,5968f929b195eef66710502696ba946031e61a565c4a175237bd0c9be142a6a3
https://vl63.ru/images/55/478-01.JPG,images/55/478-01.JPG,108803,f48bec88a76cf8098abb16316c8d4182bd8dc5a49f7f74a1449873f96de77953
https://vl63.ru/images/55/478-02.JPG,images/55/478-02.JPG,61489,f4d434139780a040341a791320d5416e70701c63485b9df4cd93ddacb100602a
https://vl63.ru/images/55/478-03.JPG,images/55/478-03.JPG,76802,821c5af0adad669ee2dca0602220d357a72a9ad9eb0f31ea4f3bdaee94f17dcc
https://vl63.ru/images/55/478-04.JPG,images/55/478-04.JPG,92868,89ba96c8ca4a03128088704dc3e5cfdb1ad7b06fd165f71d8a38ff508f854d72
https://vl63.ru/images/55/IMG_6173.JPG,images/55/IMG_6173.JPG,89498,c24ee106aaf358e91ac967170c4080f70288f2c3683ac2f254001ff65184aed2
https://vl63.ru/images/55/lackfolie-478_kitchen-1.JPG,images/55/lackfolie-478_kitchen-1.JPG,2092366,e128bfb2afcafa5bcfed8aafe3732a268818aa248faa1af05dfd860ad4e066a8
https://vl63.ru/images/55/lackfolie-478_kitchen.JPG,images/55/lackfolie-478_kitchen.JPG,2084656,832e4e35147ea6b6733ee280af0f8f9c39c44a84fbfd1cbb62a19fb87002bc0f
https://vl63.ru/images/555.jpg,images/555.jpg,438,21a94dba1aafcb72527af55c2e76180f39e447e7fdc22dadc3de9ddce833c497
https://vl63.ru/images/56/IMG_6621.JPG,images/56/IMG_6621.JPG,58285,8fd1e4371e3b756b7e1ab439aedc0b0f277f8ec3793d7842d556d9de20add1e8
https://vl63.ru/images/57/490.jpg,images/57/490.jpg,60683,17ecbf4e1b60d8c29c93c2f7ecfe80fdb259ee1d423f4310efc2bf5a0b6f8c87
https://vl63.ru/images/571.jpg,images/571.jpg,468,8cc4f5a8ef1b271b9be943714285d34bb6f54b3b0cfb27136616eb3b7d2e3a90
https://vl63.ru/images/573.jpg,images/573.jpg,1960,c9c4580e077e967131eb7018a4da41def104953434880a6f664bb86e40301b2d
https://vl63.ru/images/573_lackfolie/573_lackfolie_stratch_ceiling_in_bathroom.JPG,images/573_lackfolie/573_lackfolie_stratch_ceiling_in_bathroom.JPG,1832586,d46be622289d0aa7ee11545ee4813f3221c296fe58986953d61b5a03b8621622
https://vl63.ru/images/573_lackfolie/573_lackfolie_stratch_ceiling_in_bathroom1.JPG,images/573_lackfolie/573_lackfolie_stratch_ceiling_in_bathroom1.JPG,1529883,dd495f373084358983a9a25f5543e2b24ed53266c20a8413aa7e5d45c82225a2
https://vl63.ru/images/573_lackfolie/573_lackfolie_stratch_ceiling_in_bathroom2.JPG,images/573_lackfolie/573_lackfolie_stratch_ceiling_in_bathroom2.JPG,2058395,4120369e807977381c73e8458c4fa96484e2f14b4f6eca34c590a83f2c5d319f
https://vl63.ru/images/573_lackfolie/573_lackfolie_stratch_ceiling_in_bathroom3.JPG,images/573_lackfolie/573_lackfolie_stratch_ceiling_in_bathroom3.JPG,1749369,cab2ce381d93312a7a68a6b645f7bc4bb8f840e9d01160401ed4892736c29654
https://vl63.ru/images/577.jpg,images/577.jpg,496,a210e84d3c9c05ae5250668e54e548e5fc5b0f7948e7633af6d7454234f59e36
https://vl63.ru/images/58/lackfolie416.jpg,images/58/lackfolie416.jpg,285493,6fd2097af5df958fddaf063e6fab1807359d5d547a8db20aa10b6443cde2d057
https://vl63.ru/images/58/rose_stratch_ceiling_416_color_lackfolie.JPG,images/58/rose_stratch_ceiling_416_color_lackfolie.JPG,3127072,39e0a0c1495d6bbdb98de4b3e8043ae125a58d11cbc84a63afd50ee5815bf8d8
https://vl63.ru/images/59/121.JPG,images/59/121.JPG,78906,a8329e00d660ca499f6a784f5d8a52cdb2173823bad66f599eca0af3fa9656d2
https://vl63.ru/images/59/122.JPG,images/59/122.JPG,72503,31e99e8c375c2c265a74fe058a9fe396713b011c52fee8e03ef344d463ea215f
https://vl63.ru/images/59/123.JPG,images/59/123.JPG,73215,36e8e377b305f5ab20a75f083bad330735764f4d181a8efeeaf52f318699d300
https://vl63.ru/images/6.jpg,images/6.jpg,3785,ef0207bae9b82002a5d7a23945d3fed592f7540b6e9f77e905af6627a7703e34
https://vl63.ru/images/6/14.jpg,images/6/14.jpg,153437,81d03cb041f5264f69b8b66b347164481883361c3647502e7ffd38cd47953d00
https://vl63.ru/images/6/15.jpg,images/6/15.jpg,248049,2cd57fa0f57e806010f033afec1d3de9b6ba1b213e7a52ea5e4817813bc2b615
https://vl63.ru/images/6/16.jpg,images/6/16.jpg,230658,e69d43cb55c1f89926a06c9dee6d48ac18cf6436bfe4e79ac3692f62f552568c
https://vl63.ru/images/6/17.jpg,images/6/17.jpg,243194,89f7d67923314f9f8f4113f6799a81744591b40331663de84f81aa1e897feac3
https://vl63.ru/images/6/18.jpg,images/6/18.jpg,235966,2585bc8902589ee051b152d6a867f349205860cc80bb6c06148a44a96502c9f2
https://vl63.ru/images/6/19.jpg,images/6/19.jpg,154217,7ae0afb818ce2b30df5cb2f0b86840ebfafcbad42f551fa432d0fc69e7186acc
https://vl63.ru/images/6/20.jpg,images/6/20.jpg,142821,6f1c06aad5185c5f6272fd3a1eedda2408e54d84cfe7494951a37fdd8468924e
https://vl63.ru/images/604.jpg,images/604.jpg,1392,429314868634ab6fdae4fa51ca0853a68e34749cb1719da8f6de9ac20f60ac27
https://vl63.ru/images/606-min.jpg,images/606-min.jpg,344,a13bef9cfb82d04716979b69c18851335e5c12646012a301c7596288be7667fe
https://vl63.ru/images/608.jpg,images/608.jpg,1381,91e4805ad1a549673a7f0cbc5834adabbb636e99a7a8a8664d2f51f603c88764
https://vl63.ru/images/61/406-01.JPG,images/61/406-01.JPG,57273,fca4ade15638c4a37ed6da503d09298ae886f4cc3ca1a934bbf5a6a7b7730285
https://vl63.ru/images/61/406-02.JPG,images/61/406-02.JPG,75334,ec82183455cd2edfaf7c355b1283a5835b0f65b13a6e3ccd82f8d74aad669977
https://vl63.ru/images/61/406-04.JPG,images/61/406-04.JPG,109761,e3db541e22e3679a68ee6c3969754b83e45fb7b6c9c02e9fd328370e92f6e68d
https://vl63.ru/images/61/406-05.JPG,images/61/406-05.JPG,120291,1fc0f80df38b04424fd559d09097208214567ec6bafa4d4f6c093756bf8bcc3d
https://vl63.ru/images/61/IMG_6176.JPG,images/61/IMG_6176.JPG,70270,cf96f95f14123b705a7a7e13b29c93fa4961fe5f0991d1077d359073b42f8b48
https://vl63.ru/images/61/IMG_6178.JPG,images/61/IMG_6178.JPG,118986,891a7c010dbe7a592d423ba113315e7b1eecb65f4ce732d493f43359969b021e
https://vl63.ru/images/61/IMG_6180.JPG,images/61/IMG_6180.JPG,84625,b42cbd6680f19d88752d33ac4a30cab2647ed65c6e8529e9aa623dc23dc6cc30
https://vl63.ru/images/61/IMG_6182.JPG,images/61/IMG_6182.JPG,56538,35df422f93e36460031dfb87acd55f8d3ceea1b502d99d552e1db83bd419e7b2
https://vl63.ru/images/610.jpg,images/610.jpg,488,6e6fcc3a3eea61023fbc7481de7b3051236f7904140b7564d03ab1cbe8ed7efe
https://vl63.ru/images/614.jpg,images/614.jpg,1199,db79eed210b782a4f2f2c89e658fcfc7c0e6dbc9bdfb20ca389b25e0a7fc5632
https://vl63.ru/images/62/511-01.JPG,images/62/511-01.JPG,100640,ac9f13044d75fd6354bd0c848fd19d261a52ed553e563f6470b6fbcb5b9f111c
https://vl63.ru/images/62/511-02.JPG,images/62/511-02.JPG,58361,bd5776d9a8156ab221934e937b7ef83b763a582e3d9d117eadda1764111b897d
https://vl63.ru/images/62/511-03.JPG,images/62/511-03.JPG,53290,48ffbe5384770dceb5c163fde8b836d5f8ab42a111dbb7390691eb47160553bc
https://vl63.ru/images/624.jpg,images/624.jpg,1490,a8a2cc730557b64163cbaa246628daa1c3f39413be3b0ff9aae4d700a1906201
https://vl63.ru/images/628.jpg,images/628.jpg,1324,9da074ab539456719a071ad1a1f6dae08dbf566ab663ca07e957467df5587564
https://vl63.ru/images/63/555_komnata.jpg,images/63/555_komnata.jpg,48689,d813ca7a703d5b3a371f6d4657f81950ace7fa4563f41ce97d03255db8406ff0
https://vl63.ru/images/63/555_koridor.jpg,images/63/555_koridor.jpg,63024,0ebbb9d6f3f4c0bf5d8947786925f295a33cbeb3dda090c3f6c965165f34040a
https://vl63.ru/images/63/555_vannaya.jpg,images/63/555_vannaya.jpg,109596,adfea3d308cdf04c561c46209b81d7562d62a4d7c0d9a6e88ccbed228a0f9a4c
https://vl63.ru/images/630.jpg,images/630.jpg,1359,170cfa94d9682716f5295fe981d8887eab1e2b7e7b044a936e6de7601f739090
https://vl63.ru/images/632.jpg,images/632.jpg,422,2edabe8088236f3a895ebdef391246e9d157b782aaf977af1c1a45fdbaf3afad
https://vl63.ru/images/634.jpg,images/634.jpg,1530,73b0e3030ec062ecc5c7215988424f4f02d5bde034504a1ddfdeda444935c6eb
https://vl63.ru/images/638.jpg,images/638.jpg,435,def9668a4986d9a4249cbd6aef35e2eddb86ed302162854d02ecf89a00065753
https://vl63.ru/images/64/571_pongs.JPG,images/64/571_pongs.JPG,5148561,5e92e7a54b7fbaca1787fd74c2498fbccc4281fd339dece304c5bab2af653794
https://vl63.ru/images/64/571_pongs_Lacfolie.JPG,images/64/571_pongs_Lacfolie.JPG,5225402,77df1a9c30893b10a075a4a4e5acbad94da4d2f71091a49da9c928a3cd1af982
https://vl63.ru/images/64/571_pongs_Lacfolie_lesyaja_sloboda.JPG,images/64/571_pongs_Lacfolie_lesyaja_sloboda.JPG,5182752,b242ebfe3d9a6debffc1395b5521b39505ab75055e6778dca961518a39c53e7b
https://vl63.ru/images/64/_MG_2329.JPG,images/64/_MG_2329.JPG,42562,d246052c026b4caab2af4c7d4726d0a6ea15d1fbc085cf8f7a2a5c8692fe41bd
https://vl63.ru/images/644.jpg,images/644.jpg,433,8b146fb14b4cf8e49b2109d2f6f157b1288be7dfb5d704c703bcbdfcb41ea68d
https://vl63.ru/images/65/IMG_0153.JPG,images/65/IMG_0153.JPG,97468,7096e1361d64f51a136d3c1e4c2eed049ff9ea411431930d398adee9868a2ddd
https://vl63.ru/images/652.jpg,images/652.jpg,446,73042a2c71f27d76105f53563274d089575d198c90b182af8c6bb2db6849b777
https://vl63.ru/images/66/307-001.JPG,images/66/307-001.JPG,108132,a9d462d5bca8e847ca0fcefd0ed8afa047d19b22c2b552c4fe74c236a960b6f9
https://vl63.ru/images/66/307-002.JPG,images/66/307-002.JPG,93575,7774965476dd6ed4d70bd43b35a6fbfac41688a77a1d3f6b4a0abe727a071924
https://vl63.ru/images/66/307-003.JPG,images/66/307-003.JPG,70368,dc1a5ffd1e1bb1295ffe4a8a3a5cd532148a05aaf46d27b4fb820552be749cf7
https://vl63.ru/images/66/307-004.JPG,images/66/307-004.JPG,53201,dd6e4fbe90202e27876ed34f1fc54257b33162e210fd41062a1c306805c2acd4
https://vl63.ru/images/66/307-005.JPG,images/66/307-005.JPG,55739,55422e0bdf79c23f4a9e99ef2f16343913138b053aa98ea28c3c9b3a598f4fbe
https://vl63.ru/images/66/307-006.JPG,images/66/307-006.JPG,77143,b22cd0e57b7d3d170c79ee37961b2607468af47c4dbd64c5017fee9de1030ab4
https://vl63.ru/images/66/307-007.JPG,images/66/307-007.JPG,124711,89fa01c26cd16d2910afb6c53ed775c9fa01d54361e398cb350e6d318e1ebe32
https://vl63.ru/images/66/307-008.JPG,images/66/307-008.JPG,130461,2dad5640bea1563c0959f085e4d03d0afdb989de558172fa72ddbc15d9795df9
https://vl63.ru/images/66/307-009.JPG,images/66/307-009.JPG,46193,bca51f62f5543151aaf6b7d45ee1933e6bdb2d8b18000f35e2b2cbb6f890200f
https://vl63.ru/images/66/307-010.JPG,images/66/307-010.JPG,46658,877cd7f2b20e65f37e20e13c55f11433f9577b9ba56f8d177318cc6e3776e6e2
https://vl63.ru/images/66/307-011.JPG,images/66/307-011.JPG,50560,c1a2822e965824c9061a7c22271c81cc824a09a33fb39ff23f18692a16582e1e
https://vl63.ru/images/662.jpg,images/662.jpg,1377,c344ab2121fd63f3272489c9ab1601d23ee1e290e72362c0dbc4f00cfad76fa4
https://vl63.ru/images/664.jpg,images/664.jpg,553,262f9637b753cdb549d8c233934b1705247078cab56eec590fd858e05c429cbc
https://vl63.ru/images/666.jpg,images/666.jpg,1388,60a796567ac3e3c8888e4fd22e2348b50e161ca8ca9cf240f2322245eb80f6c7
https://vl63.ru/images/67/IMG_61671.JPG,images/67/IMG_61671.JPG,91357,56ffb2758f4c3b817fb5317f53eb5196046409c1722b493c0b7dc6a87eee0137
https://vl63.ru/images/67/IMG_61691.JPG,images/67/IMG_61691.JPG,92745,19bfdc8a767f607e49fcd9ddabd68574875291e598b18ccfcb3200be85f11ec1
https://vl63.ru/images/67/IMG_6171.JPG,images/67/IMG_6171.JPG,123616,c1403edf36c1575ef87cbe3bdeeab0b38bd1661042255d0bb57bfce2699f54c2
https://vl63.ru/images/67/orahge_cvet_739_natjazhnoi_potolok.jpg,images/67/orahge_cvet_739_natjazhnoi_potolok.jpg,122046,7198fb467c7c3419fb0d2759018c57e975d275d7e7bb3fb670d98a8d5cbfce7e
https://vl63.ru/images/67/orange_cvet_739_natjazhnoi_potolok.jpg,images/67/orange_cvet_739_natjazhnoi_potolok.jpg,139288,1a4da69ede1c90cd9a0b1263a9a7855c87a689108fd1e9b4858ba32e91b588cb
https://vl63.ru/images/67/orangevyi_cvet_739_natjazhnoi_potolok.jpg,images/67/orangevyi_cvet_739_natjazhnoi_potolok.jpg,57040,dd596aedd2fa51ee30db706af3df4855c473a497a68d07d9a94e93d2e4d6e59f
https://vl63.ru/images/674.jpg,images/674.jpg,537,14292658ac068b682cf5e783a8fa50b73ab6573ef23242a2c1c40f644a416649
https://vl63.ru/images/68/507.JPG,images/68/507.JPG,73215,ac0d1598ed821709dae36003c90f66f9cc5cf9dc37b3cf6ffc544158948a1693
https://vl63.ru/images/682.jpg,images/682.jpg,1424,5412cc7afc8acc725901d0b8931401b70d47a181c1e72b6b7cf493011f1df842
https://vl63.ru/images/69/707.jpg,images/69/707.jpg,122491,c2a07610529881131d9eba0e245190c10e6fe90e0554b87cca5f74224c38b833
https://vl63.ru/images/7.jpg,images/7.jpg,4306,a5ffbdf6e773b738d85d576a3c6f27138cf572a7c62caee15c8d91e1d61925bd
https://vl63.ru/images/7/36.jpg,images/7/36.jpg,176605,2f8dc49094dbc2d873aa79ea6d13e2f9e00013cfe6fc21c737b630b0f4f65106
https://vl63.ru/images/7/37.jpg,images/7/37.jpg,256728,799fd7dd79eec51dbaffc02f19c6c5f7256f250300aee9feed0f6806ba1e3a68
https://vl63.ru/images/7/38.jpg,images/7/38.jpg,185661,908f1f0c13dda6cdf94db38337d71d561d3bcf9bef94ba24e8c0df2866c64281
https://vl63.ru/images/707.jpg,images/707.jpg,452,2ca2bc26aa4821c6102268de73e98e66c0a5c94165779cc28066ca705723b3a3
https://vl63.ru/images/71/652.JPG,images/71/652.JPG,71799,1d0b069da5b02aa28badfc8d4dc62aa6db94b6ee80cf4a91092e8d1b0a26346e
https://vl63.ru/images/71/652_zvet_lakfolie.jpg,images/71/652_zvet_lakfolie.jpg,33142,834f5dd61c80e072c737e611e822aa9010f4d1f82a41fcb1c4ffc9916ddf6c14
https://vl63.ru/images/71/IMG_2682.JPG,images/71/IMG_2682.JPG,89545,3eca4d0a91e3ce7040e5d7203d4833a14d1c6d5b710f5e1ffc59fd6d6f058408
https://vl63.ru/images/71/IMG_6191.JPG,images/71/IMG_6191.JPG,90444,5fc51e45c0a177d13f6312c789de78e87fb68679ba196285582ad5affb6ed112
https://vl63.ru/images/71/IMG_6192.JPG,images/71/IMG_6192.JPG,78346,fe27f33b861bccb46a8027e2aa005ecaa96cc373e2eeb57e0e446fb18fbfc945
https://vl63.ru/images/717.jpg,images/717.jpg,440,de7701bfe88f38aaef41199777a074e6000382088a65c6af5e0771ac5eba4a79
https://vl63.ru/images/72/644-lak.jpg,images/72/644-lak.jpg,759920,8b7215c9ca2a7189b2dae0e7ccf01fd88376a2a0225bb55d10a644036fa1b7cc
https://vl63.ru/images/72/_MG_0125.JPG,images/72/_MG_0125.JPG,58305,689bbc70a76a925c0f92879d6cd6feea2d0064efec8d9f27f30cb27478d79e3a
https://vl63.ru/images/72/_MG_0128.JPG,images/72/_MG_0128.JPG,59967,58deaf84d85ffcf307c8a6946eaaa7d933b2df439894a34cba86074dd0eb84a3
https://vl63.ru/images/72/zelenyj-lakovyj-natyazhnoj-potolok-kukhnya-644.JPG,images/72/zelenyj-lakovyj-natyazhnoj-potolok-kukhnya-644.JPG,92051,f8a5a3a634974d6e12b23fdb25bbc0392f8c824957676f8c1f69288cefa6c06f
https://vl63.ru/images/721.jpg,images/721.jpg,484,c00d04f2cc6440c1ea2351f6ffd536cce5db47b078ac7809603ef63f93d333cd
https://vl63.ru/images/73/144.JPG,images/73/144.JPG,64030,df84db1f8332905572539e677d216a8f1e04247ce1c9ff3042a33addff3ea046
https://vl63.ru/images/73/145.JPG,images/73/145.JPG,49546,c16b8b070f6dae1d9978c4e33291f943a2a2ab971797dc29c0c46219f8440768
https://vl63.ru/images/73/146.JPG,images/73/146.JPG,59877,bc761ce587d744b479703f1975a508e5c1b0e22db915aa25dfe9532d20364b3f
https://vl63.ru/images/73/lackfolie-608_pongs_v_zale.jpg,images/73/lackfolie-608_pongs_v_zale.jpg,22648,4922f7cfd002a78a580a1259ffa7489b4767b7a42444a886564887c479db2dfa
https://vl63.ru/images/731.jpg,images/731.jpg,496,74d987a76461b7f7550a0de547fd471de83996ad04f76650263147a7b7c5ab17
https://vl63.ru/images/733.jpg,images/733.jpg,1908,2923540fd4fc39a1e439f84f5e83f2ea4d4a67c2498a5ca3d8a58884dabc13ee
https://vl63.ru/images/733_lackfolie/color-733_lackfolie_germany_pongs.jpg,images/733_lackfolie/color-733_lackfolie_germany_pongs.jpg,61519,b551f2f954472ec0338e21a98d237c456cde23f4dc07577e0f458980a2bec628
https://vl63.ru/images/733_lackfolie/vanna.jpg,images/733_lackfolie/vanna.jpg,2184508,b7f96eff7464e5fe18bfdc555b0d97eeccdf0073a166579bf6e55f4a8d6019ef
https://vl63.ru/images/737.jpg,images/737.jpg,501,afe6d636cdf20ca8400df8ce4ae9d88f73374090bf6a53d95847b17a743778e3
https://vl63.ru/images/739.jpg,images/739.jpg,441,cbbb39fc39fdf8cbf53787e2f10cb639b8416671edc7811670311c13cfa5eee7
https://vl63.ru/images/74/IMG_0696.JPG,images/74/IMG_0696.JPG,65116,0708bd3ffcec1f38bda95c187e9a5dca5f0a7c6b706b44cfb8cbe68a701e8658
https://vl63.ru/images/74/IMG_0698.JPG,images/74/IMG_0698.JPG,61514,4e98e00225084b148d4aeb3a3a74e1fe90b9401a695bbad8e72f1cf5888cd1e9
https://vl63.ru/images/743.jpg,images/743.jpg,536,2fcfebbc0090b7d21de9c0eed779c45d6aa68fccb315f114cd090e539ef5c586
https://vl63.ru/images/751.jpg,images/751.jpg,450,2897edb4376069deebe5ae6034e07f94930a771d02d1f799eea362268b1270b0
https://vl63.ru/images/753.jpg,images/753.jpg,527,5f310c624882072736ce69478d8779e8adbb133667126b903caa0f94b9ca2e44
https://vl63.ru/images/76/404-1.JPG,images/76/404-1.JPG,84610,59f04220beb8a88b2dafb0f41634e3700019f03e2092a79246438aff553bc325
https://vl63.ru/images/76/404-2.JPG,images/76/404-2.JPG,52080,6c19ac84ce2d0d6045c6114546a985e03f857bce305255ca7db8c84e2fdc60bf
https://vl63.ru/images/76/404-3.JPG,images/76/404-3.JPG,44529,107e4bbdecd7a995ad6d0aedc730681ea9036f62b064c71d25fb3878a92a3bc4
https://vl63.ru/images/77/1.JPG,images/77/1.JPG,86442,258e7913867656c1f842267891986115b81a8b3cd77bdf1e48ab57c459b23ea8
https://vl63.ru/images/77/2.JPG,images/77/2.JPG,48061,da0d9f05c78577e41ef19c9dfededbb55a68cafde7f1cf675af89ffdb42a6206
https://vl63.ru/images/77/3.JPG,images/77/3.JPG,84540,ebb73ae9253fabadf543ebd77a83b40cb68372976865252fc0110a8975c8aecf
https://vl63.ru/images/77/4.JPG,images/77/4.JPG,90844,de96094a501c33656fbbcdbce07fceb4ebfdb05021a07ef799057c2527c78144
https://vl63.ru/images/77/svetlo-zelenyi_lakovyi_natyazhnoi_potolok.JPG,images/77/svetlo-zelenyi_lakovyi_natyazhnoi_potolok.JPG,2988608,b1314373003e45d34ab3c42b9c20d610ab2da66bb3f58d8951f5d900091b8e67
https://vl63.ru/images/77/svetlo-zelenyi_lakovyi_potolok.JPG,images/77/svetlo-zelenyi_lakovyi_potolok.JPG,3131130,8e95def9231a5d0277fbe7da80614f6e70809a128514c4cb8c175a733cbf24cf
https://vl63.ru/images/77/svetlo-zelenyi_lakovyi_potolok_v_gostinoi.JPG,images/77/svetlo-zelenyi_lakovyi_potolok_v_gostinoi.JPG,2946336,aa8fa40362703cb17a662727dd29c0ee96d8a79a18d38e24cc4f44ddf7d01dc0
https://vl63.ru/images/77/svetlo-zelenyi_lakovyi_potolok_v_zale.JPG,images/77/svetlo-zelenyi_lakovyi_potolok_v_zale.JPG,2851157,d11e1744bdff0ad13aa87f2209985a308df0c57a1b35b728754a9ea0e65a9591
https://vl63.ru/images/77/svetlo-zelenyi_potolok.JPG,images/77/svetlo-zelenyi_potolok.JPG,3110744,32876345e5c9d8149af690d04e9233afd89f52679943ec51b39f07394dec3011
https://vl63.ru/images/77/svetlo_zelenyi_lakovyi_natyaznoy_potolok.JPG,images/77/svetlo_zelenyi_lakovyi_natyaznoy_potolok.JPG,2991953,23afb3d4181ffcb8972aa88ef42017434d4cc5a8c79eee60d9f70d763dcffaab
https://vl63.ru/images/77/svetlo_zelenyi_lakovyi_potolok.JPG,images/77/svetlo_zelenyi_lakovyi_potolok.JPG,3100501,d4e9591e0552efd177ca63821f057c31e7d4fc0a1d819962bae23fa42134674b
https://vl63.ru/images/8/11.jpg,images/8/11.jpg,218559,435ebf6718cda3368c2b800687ff939b386755f767af049cd2420c8fd8703627
https://vl63.ru/images/8/12.jpg,images/8/12.jpg,173724,d8d738328ca1730b8a7b86ef5642416c4646fed30ca16762d29195682a1fd143
https://vl63.ru/images/8/13.jpg,images/8/13.jpg,235192,59d74363eb8d44bb1cb01d3b17e2c963eb2553b737c107859f8bec3cb1d465a5
https://vl63.ru/images/8/emerald-hotel.jpg,images/8/emerald-hotel.jpg,607058,5eee1fd55d7d0b60dfed10da69786867c9a687dd5b2515583e79f909bddcf7d0
https://vl63.ru/images/8/emerald-hotel_1-floor.jpg,images/8/emerald-hotel_1-floor.jpg,393184,ff5def60f34b7d5ea3cb1902324c13912c9cf3f3d86e0bad66f87002d6b87a08
https://vl63.ru/images/8/emerald-hotel_batroom.jpg,images/8/emerald-hotel_batroom.jpg,265227,f10f2107d0c4679c696568bb84df6088da3073d41e5043f6ea34568b6180387e
https://vl63.ru/images/8/emerald-hotel_blue_lak.jpg,images/8/emerald-hotel_blue_lak.jpg,362477,f914ab55cee25661db42159c72274ef7947323afd8ac6a84cde446aa4f659717
https://vl63.ru/images/8/emerald-hotel_night.jpg,images/8/emerald-hotel_night.jpg,279952,49e169bfa4f91b29349a2dfb9575d568d59f3faadd4280155b0f046683a92d6e
https://vl63.ru/images/8/emerald-hotel_restraunt.jpg,images/8/emerald-hotel_restraunt.jpg,342734,9a9a928466b91ca2e6ccd3e83f3260cc6f4880a5556a5f952c8640ab1d76e556
https://vl63.ru/images/8/emerald-hotel_room.jpg,images/8/emerald-hotel_room.jpg,346908,92f1739caa836975664cc102b9c6bb735ff587c44720ce7d767edb74fd4446aa
https://vl63.ru/images/8/emerald.jpg,images/8/emerald.jpg,646717,030d1c530549d1e973867a4f349f930bed2919cb980a4936853b414248e89ef7
https://vl63.ru/images/8/emerald_1-floor.jpg,images/8/emerald_1-floor.jpg,393184,ff5def60f34b7d5ea3cb1902324c13912c9cf3f3d86e0bad66f87002d6b87a08
https://vl63.ru/images/8/emerald_bathroom.jpg,images/8/emerald_bathroom.jpg,228505,27627069b1653337cbcc3f3d40ec5af6c1d5d2d94364979c0a8fe374506bf007
https://vl63.ru/images/8/emerald_green-lak.jpg,images/8/emerald_green-lak.jpg,296879,f9416e134f3517d6850ae3cfc99f57cf3a46cc02bb0c97cf1c3ef40124d47239
https://vl63.ru/images/8/emerald_hotel.jpg,images/8/emerald_hotel.jpg,325743,94ebd28b405d652a5901aa36919375904bd233d48f0bb883f8db0727aa5565a7
https://vl63.ru/images/8/emerald_hotel_restraunt.jpg,images/8/emerald_hotel_restraunt.jpg,334668,a195b7de69473b8d67d3fb671618a66d9550e43e3873a99ce90b17e074b73910
https://vl63.ru/images/8/emerald_restraunt.jpg,images/8/emerald_restraunt.jpg,360995,eff6b889ca5d28d0ca2464eebd9e6412ae66542f33e44e1e6bc2e0e18aa69f60
https://vl63.ru/images/8/natjazhnoi_potolok_rjadom_s_saunoi.jpg,images/8/natjazhnoi_potolok_rjadom_s_saunoi.jpg,51067,a4c4994414c6637b0d01075f91a7b4d662c77ab9cffd8695d7004f85bf08b58a
https://vl63.ru/images/80/Image00030.jpg,images/80/Image00030.jpg,146587,49ead0aac6137863e8b7f4e6f5f185b2478942d18cdf9f09442b21790c4b207d
https://vl63.ru/images/80/Image00032.jpg,images/80/Image00032.jpg,89820,155b31b806f48f3ba598c6325b41fd23fb24792735f80e893acf3b7163d9be2c
https://vl63.ru/images/81/Image000019.jpg,images/81/Image000019.jpg,103674,7ece8c13dfc404a6a0a2c14747fb63f4e9178f746afab996da44ef6c9e60c4f5
https://vl63.ru/images/81/Image00002.jpg,images/81/Image00002.jpg,157837,c6d4c9926a88ff9518d8285294bbe3cbf3383846c1dabb3b644ece0bb92898e9
https://vl63.ru/images/81/Image00003.jpg,images/81/Image00003.jpg,120628,415090f92bc90216463fde826081703b0615db79f65f8591c7bdb9b834f6e461
https://vl63.ru/images/81/Image00004.jpg,images/81/Image00004.jpg,81288,fb23876102e03b2136eb0c716ccb5516c73bbace9a65884ca771e06d9058eb50
https://vl63.ru/images/81/Image00005.jpg,images/81/Image00005.jpg,76267,9854bcbf4136c9705c63c4538e3dbf5689a06edebc5faa2c63a1bbb4b487d760
https://vl63.ru/images/81/Image00006.jpg,images/81/Image00006.jpg,105357,ecae75e6f2946738ac9463821650320c9705c8caccdd8ad03eda47a6bd923480
https://vl63.ru/images/81/Image00007.jpg,images/81/Image00007.jpg,80230,7ca97aeaea0b7015601853d0eb51232472253ae6478c6eda2cdca8c56a1d161e
https://vl63.ru/images/81/Image00008.jpg,images/81/Image00008.jpg,81052,64e13dadf947167fb169b4ae401e1432f0038d5ff6ef3f8167da2c3e57fbb816
https://vl63.ru/images/81/Image00009.jpg,images/81/Image00009.jpg,86893,958adf20d18905c08931770c22077f586b5d6e22881391253a19e405dd2caa7b
https://vl63.ru/images/81/Image00010.jpg,images/81/Image00010.jpg,64271,647d4ad51ef9c93208c7c17cc8502be2e3cf6fbe7cfa3624058897525ed7893d
https://vl63.ru/images/81/Image00011.jpg,images/81/Image00011.jpg,88023,d20cd83737d6d8c13fd056ddbbc875e35b6b05b6f44a9f74753650d1a4594404
https://vl63.ru/images/81/Image00012.jpg,images/81/Image00012.jpg,126210,e3b426c68bc5a21ab6d81aff6f169c56e56b4e4bca56e3b524653827173e1345
https://vl63.ru/images/81/Image00013.jpg,images/81/Image00013.jpg,66219,8d50f52917a5c483b16beee6b7e20a65e92a59179480de2234e49482c70fe3c9
https://vl63.ru/images/81/Image00014.jpg,images/81/Image00014.jpg,81823,e4798c569f2f956d8aef9730efa4d55223eada5195d7198e2cd2078656fc2b6a
https://vl63.ru/images/81/Image00015.jpg,images/81/Image00015.jpg,102860,2f4ce4f1f6fcf8258f2eeca2199a4d2c195d6ee478e11e560405bd3f02919b5d
https://vl63.ru/images/81/Image00016.jpg,images/81/Image00016.jpg,75051,61f0a8cd06c9090f7999ca4c875f9ae72a56c9690e3f3256b3271a04f0df2ed4
https://vl63.ru/images/81/Image00017.jpg,images/81/Image00017.jpg,88344,f082e98839d7561dab564f093f3d546b0b78896c0e9310bef85fd1006b2e2750
https://vl63.ru/images/81/Image00018.jpg,images/81/Image00018.jpg,25195,2af73ce1ae63a1ca603d2ae0331da07bf6f959eed01b523c6327e48847b2b192
https://vl63.ru/images/81/Image00019.jpg,images/81/Image00019.jpg,11846,99bed9b04047e1d098e129ee0a23108bcebdba23ba7855af2c63138e9e4fda19
https://vl63.ru/images/81/Image00020.jpg,images/81/Image00020.jpg,31126,8f0d13c8acafe473a03637d7a39a103048e61caaae32b3da4cc7cd74eb200309
https://vl63.ru/images/81/Image00021.jpg,images/81/Image00021.jpg,8486,58ab35c6a7f678325c40d77f65ee1bf1e030d660a7dfd68d099ae46ca84a6415
https://vl63.ru/images/81/Image00022.jpg,images/81/Image00022.jpg,8114,f13d2430f231973bb257bb681ad47a9693ddc1df41a0f117a18457967f0c4e6d
https://vl63.ru/images/81/Image00023.jpg,images/81/Image00023.jpg,11553,0b92928d0bc0af621ae28693c8bb529743c10584e61959a77f2241a4a7f6c8f8
https://vl63.ru/images/81/Image00024.jpg,images/81/Image00024.jpg,9576,55bb3c7742cfdd75548171414d0679c322bee1a4c299bef06b78a7b785f3b538
https://vl63.ru/images/81/Image00025.jpg,images/81/Image00025.jpg,11914,84114a1f0a2a9aa8220268443e212e6d8de16990ae257429c0434225a0ba8965
https://vl63.ru/images/81/Image00026.jpg,images/81/Image00026.jpg,16980,37aac7b7e63364865376a6736dbca8361563a128477ff3babc6c2aa01ab992bb
https://vl63.ru/images/81/Image00027.jpg,images/81/Image00027.jpg,20618,9e3e671895aa732b6616a9b7b66db20cf9f9c47e8cb101da4a1f146dc301cec6
https://vl63.ru/images/81/Image00028.jpg,images/81/Image00028.jpg,24857,dffb809c5c1b74f8ca4ded06f43589922485ff20dcb38db29aae13b53742a124
https://vl63.ru/images/81/Image00029.jpg,images/81/Image00029.jpg,20163,ce4c61a987a52f932abf6088e472e2f35d2d20b28a5a8c31174aca10a8f5fc6d
https://vl63.ru/images/81/Image00030.jpg,images/81/Image00030.jpg,10399,90c303295d48afaacd656ed7806d47e15f37a4e41e24ac8c08424bcc264896c1
https://vl63.ru/images/81/Image00031.jpg,images/81/Image00031.jpg,10499,f3186b92b2c0f131a0050c82b38ffa5bbe952b319deba969fd75ecfffd8de714
https://vl63.ru/images/81/Image00032.jpg,images/81/Image00032.jpg,11539,7dd5f9ef2754606fa0bae3b862605a6dda75a7379d42b0704c23df1bee645306
https://vl63.ru/images/81/Image00033.jpg,images/81/Image00033.jpg,7352,eb5b0edb3c958f5c757c425729934c79c2c958a96c5c2eecf2a0e72b094f800d
https://vl63.ru/images/81/Image00034.jpg,images/81/Image00034.jpg,9250,936cfeb8117c801702218056dc6360f34551abe76ee990496ad1a1c14f4f0ced
https://vl63.ru/images/82/Image00001.jpg,images/82/Image00001.jpg,100229,a35a0cda6cf620951a65b7eef6f495b96408f22e1f6a6e23441733b5a562ab6c
https://vl63.ru/images/82/Image00002.jpg,images/82/Image00002.jpg,109837,de00b4b649f3dd84cf2afca845a95915886b27c14f40289d95d625cb2a375d99
https://vl63.ru/images/82/Image00003.jpg,images/82/Image00003.jpg,103447,7f85e239dd8c7422a6654bd9e99a488aee3d3bfd37bc5a1c666dfa400016849e
https://vl63.ru/images/82/Image00004.jpg,images/82/Image00004.jpg,124766,ff34c69afb0db8b7e8b467921e0e43e4503e0dfc3d8a82150d7896b557d2793f
https://vl63.ru/images/82/Image00005.jpg,images/82/Image00005.jpg,113895,7057875c74d0fd6b031efb07b2f4c883c90ae35a2f38752497d7b9993884ad4f
https://vl63.ru/images/82/Image00006.jpg,images/82/Image00006.jpg,155819,a96b3bc6c1b4f6b1566da5ba533f84d46af2159e889cc21a21437c70615410e2
https://vl63.ru/images/82/Image00007.jpg,images/82/Image00007.jpg,79481,5e4e2269ac14d27ca7b6b4160ed84fd8e82ea1ade37450cf878517d5ae20c86d
https://vl63.ru/images/82/Image00008.jpg,images/82/Image00008.jpg,75100,bc6f9bf099bbc37e608fc3d2fab0bc63677a80e97c6100538cc51ad4ddc80699
https://vl63.ru/images/82/Image00009.jpg,images/82/Image00009.jpg,59813,b9c12b544a227aab924083f6f4a12d9e10e0680e5eb023fd554a02c0ff219e86
https://vl63.ru/images/82/Image00010.jpg,images/82/Image00010.jpg,44511,6d7cb841788408ad4c1473718ae62671e91d550736132c6f86401029fefd5b0e
https://vl63.ru/images/82/Image00011.jpg,images/82/Image00011.jpg,45757,e048fe0e67747fac78326b1743e50529eaae476340f4932bdcba12e25f8c20be
https://vl63.ru/images/82/Image00012.jpg,images/82/Image00012.jpg,44447,a60ad8ac25538e389d4dd37efcb8fabfa3fe7809a56c435f5668964b4d8cba76
https://vl63.ru/images/82/Image00013.jpg,images/82/Image00013.jpg,84420,b7b52eafbd73fe44c27fcac0ce829e0423789ac3614b760fba585bb94e01833f
https://vl63.ru/images/82/Image00018.jpg,images/82/Image00018.jpg,20663,f0954883de3d76d9d1ae04d16de8c093e3e92dce69863e0f81293a2e97e4bcfa
https://vl63.ru/images/82/Image00019.jpg,images/82/Image00019.jpg,14657,713ccdefe505a27f4880e30f689b2e481f6533560ba03480d630aec9b20e0376
https://vl63.ru/images/82/Image00020.jpg,images/82/Image00020.jpg,17735,30a71e3d63388d03ba82b6f8b9df53f7ec4cbe824af3b30a659c5d2ddcf6460c
https://vl63.ru/images/82/Image00021.jpg,images/82/Image00021.jpg,24672,0df748d473e97574239b824fdc80ad447622594a1d14881967a2ba2d64ba4979
https://vl63.ru/images/82/Image00022.jpg,images/82/Image00022.jpg,19899,aa3439679299f7d413b039a1c2895cd66bd4fb877916b90a44847e7de545714b
https://vl63.ru/images/82/Image00023.jpg,images/82/Image00023.jpg,25262,97256309d5f29e1f3dd98baf8f7be8697e915ef0016edf31f768a119d4789cd8
https://vl63.ru/images/82/Image00024.jpg,images/82/Image00024.jpg,19868,9da547cdbc2b6bd3a64a920fd802699e8d560eb14644b59b8ff5b604c8205582
https://vl63.ru/images/82/Image00025.jpg,images/82/Image00025.jpg,22401,cfbe5e749c1e09c889e184412d3cc3f0c9f2f86e6b30b557b1be82785f91a8ac
https://vl63.ru/images/82/Image00026.jpg,images/82/Image00026.jpg,9591,90cf1a29bb7903c7bce43c50a6160076299551fda4d427e8b7a6527a7ff250e4
https://vl63.ru/images/82/Image00027.jpg,images/82/Image00027.jpg,20424,af7ae514f55a9bd046e4cd868ff5b1d95e31d6d02cd38e7957f2c62edd37ca14
https://vl63.ru/images/82/Image00028.jpg,images/82/Image00028.jpg,20767,dbd7a563ea7b4d49ffbc95fb59005e92787628b6f509a676a4a05ad1f7e621bf
https://vl63.ru/images/82/Image00029.jpg,images/82/Image00029.jpg,20648,b8b2b2e7f0e7c2eeb2da8816248bc97486c2c956808837b7dee06b4841cac2ce
https://vl63.ru/images/82/Image00030.jpg,images/82/Image00030.jpg,13436,ebd747bc38400211eeeb5c68e8bef7bf94f45cab64a468b04bbc5a5b51c5cf2c
https://vl63.ru/images/83/Image00001.jpg,images/83/Image00001.jpg,48406,8dc8cec812783dfd53f33ea81705433f0cfec9e63cba427db7191a08a970ff1c
https://vl63.ru/images/83/Image00002.jpg,images/83/Image00002.jpg,93031,1e03f8ffe6da4e69cf7dc8d7be5d9de08e3a4b2ab7f1e444c4268adfb6990de8
https://vl63.ru/images/83/Image00003.jpg,images/83/Image00003.jpg,123631,ab3924636dba052d180fedeb69da796c7bbc64c23dcd72634ad9f1fc827e663d
https://vl63.ru/images/83/Image00004.jpg,images/83/Image00004.jpg,116887,8a17fd96d20bdd778fe4e1b2d4d5863c3da31103462b181419cf85a6e58e7d06
https://vl63.ru/images/83/Image00005.jpg,images/83/Image00005.jpg,34960,fb635357bfe30afb07d6896bdeb0ae8ff60be0705848cb0538a0521814a45feb
https://vl63.ru/images/83/Image00006.jpg,images/83/Image00006.jpg,46162,cbb8b13719eb07e70e7231fdc2d20dfdc7208ec4d860c0c60ef51d9b4b1300d5
https://vl63.ru/images/83/Image00007.jpg,images/83/Image00007.jpg,69372,73669dde4793832685ef5f0c82d99ee45a95c1ac3f9cfa0bd2baa7d318c063e9
https://vl63.ru/images/83/Image00008.jpg,images/83/Image00008.jpg,75780,691c4f383a9a68440f793f95948e9919c4c6cbc65908b4dc03503db4f7f076c4
https://vl63.ru/images/83/Image00018.jpg,images/83/Image00018.jpg,10056,449051f0ed6600c9fc9cd784ccccbe0296f97de1d8f93df89cf801abe74504c7
https://vl63.ru/images/83/Image00019.jpg,images/83/Image00019.jpg,9830,2709852baf5c0a1f8b50a19b832a7bf72f3f770f58cf73246ea5d4c82ae83307
https://vl63.ru/images/83/Image00020.jpg,images/83/Image00020.jpg,12696,f2caf84071087dc23baabf52708ac83e1113dff28a1a173f5ed288b478be633a
https://vl63.ru/images/83/Image00021.jpg,images/83/Image00021.jpg,12358,d940fd332e401553caa58e06fd3e8b6eb3ae96ac4e40b90dc4b1e11087705c61
https://vl63.ru/images/83/Image00022.jpg,images/83/Image00022.jpg,7636,ced2730516a5128383c28d4335f7b913d468148b32b57cc3df5a63d3d30228ae
https://vl63.ru/images/83/Image00023.jpg,images/83/Image00023.jpg,23014,af7f20107e10e3eb90b84c2de9730ad4d6534828c70a9832c12384f0d50238d6
https://vl63.ru/images/83/Image00024.jpg,images/83/Image00024.jpg,23310,fde0de213f709cbad0b8775646cd634e871574293929dc409c618d234eef335c
https://vl63.ru/images/83/Image00025.jpg,images/83/Image00025.jpg,24868,de6660f790f9d7be43d84bb83fdf179fea095d276b96712c95365388aef6b904
https://vl63.ru/images/84/Image00001.jpg,images/84/Image00001.jpg,57230,245413869f94245266bdba1a46db3f7c42aab9050d4723a48c463e3ed4ac34a7
https://vl63.ru/images/84/Image00002.jpg,images/84/Image00002.jpg,108195,8096e318a1b97a74bc014cae67b50a26a3cff6069fa1d6c4b5e77063b2497866
https://vl63.ru/images/84/Image00003.jpg,images/84/Image00003.jpg,122134,6bc403b3144093c29f8c7c2b484b586bc1f6d37d558a42b43e279023808f1b1b
https://vl63.ru/images/84/Image00004.jpg,images/84/Image00004.jpg,81042,b7210f1c3dbf975a5ce2db5035b9124cf779bb4707c97a55f05b8bdf90d12733
https://vl63.ru/images/84/Image00005.jpg,images/84/Image00005.jpg,72073,ca5109de1201586a50cb4b216b1ac432d60cfcf29598bca81bb02c3a381c283c
https://vl63.ru/images/84/Image00006.jpg,images/84/Image00006.jpg,101894,464d754b461fa616bcb0e8901fa702039674305e8b044ae31e9c4b88a80839cb
https://vl63.ru/images/84/Image00007.jpg,images/84/Image00007.jpg,170499,819fe985d708ca2c1c6c43d019643a7057b370fa8ea7e5ba89531b757fa8f363
https://vl63.ru/images/84/Image00008.jpg,images/84/Image00008.jpg,107759,f2b766c2ba241099d8e26101ee6f75ed2029b251cd39567476b866e174a656b1
https://vl63.ru/images/84/Image00009.jpg,images/84/Image00009.jpg,98138,9931facdc7e9ce511ce5d963122888a0c17dafcdfd4ce8da04db8301dd931dba
https://vl63.ru/images/84/Image00010.jpg,images/84/Image00010.jpg,95417,8f493cbade236deb951aeaa3923c89fbf77819e5e65a788451bc84781ca667cf
https://vl63.ru/images/84/Image00011.jpg,images/84/Image00011.jpg,97873,0dfa7d79fdb104e8f38a90260547aab1a1b5ab98402b878b01f2b238b7ebc3b2
https://vl63.ru/images/84/Image00012.jpg,images/84/Image00012.jpg,68611,c1ca980ffc44b3c189d9c9dd6a103f7dc7d3b3bf3104bae7468cc39bab3187bc
https://vl63.ru/images/84/Image00013.jpg,images/84/Image00013.jpg,75372,872b2a078df772ea6a9dbac25bea8ebce78bc79c77555e3414b5ef80c45a605e
https://vl63.ru/images/84/Image00014.jpg,images/84/Image00014.jpg,83116,8f7636d2415b8ddcec3f313b30cf686e6e5e7480e410025d2577c952e2307ac5
https://vl63.ru/images/84/Image00015.jpg,images/84/Image00015.jpg,114419,8aa387c11ce6465ee3929f0d66b3c4a00f66b670adfd98595550a15a6bf6b6a2
https://vl63.ru/images/84/Image00016.jpg,images/84/Image00016.jpg,77449,210d8c998037292970dcead85ab617307336f15dacfb577e03d3f21ab530be1d
https://vl63.ru/images/84/Image00018.jpg,images/84/Image00018.jpg,24549,eb0364f061f182b113df5137dca3aeb79d5f81a90530298c5d9cb59d383ec9e0
https://vl63.ru/images/84/Image00019.jpg,images/84/Image00019.jpg,23399,000e274528e0917370f203b780ed4a27d53ada6107024637f20e584f5dc30417
https://vl63.ru/images/84/Image00020.jpg,images/84/Image00020.jpg,11958,aea9f1cb233310b05477d1ae6d2dd04b864a5ef823a50010296cbf3bdc7c555f
https://vl63.ru/images/84/Image00021.jpg,images/84/Image00021.jpg,38080,27dea5c98f10ae797664fbd7f135dadd24ab02146fd6f004b2a507926965e87f
https://vl63.ru/images/84/Image00022.jpg,images/84/Image00022.jpg,10539,02f651777d4b161f9a7c099c5ed193ca15add7ddc1670c920b3028a97e250037
https://vl63.ru/images/84/Image00023.jpg,images/84/Image00023.jpg,26119,0453002847e7ac4df4c1050bd40a74feb9c6babbe3dbf6df9b451acc7a1b91a4
https://vl63.ru/images/84/Image00024.jpg,images/84/Image00024.jpg,9795,7d4457c7bede66866e5cf62e66d574519db64a31a37354dfa3e2a3dc7d559101
https://vl63.ru/images/84/Image00025.jpg,images/84/Image00025.jpg,10430,e145ddb816bf3dd25e6dcd8e12cf2ccda505e3133261b696e1f8fa52a14b2b3b
https://vl63.ru/images/84/Image00026.jpg,images/84/Image00026.jpg,21776,3d1e4d88ea59b452890d4edafae95de6501d1fbd951496fceaa1e91f0746fed6
https://vl63.ru/images/84/Image00027.jpg,images/84/Image00027.jpg,30544,5831521f46ed2f21148c0ff60a4cc367e0355d1fe9dd6070c4eee6c640ca4b7e
https://vl63.ru/images/84/Image00028.jpg,images/84/Image00028.jpg,24933,68914231f39bba7e654eb822516f4dee61dc5dbb193cea08ec77ecfbd007f057
https://vl63.ru/images/84/Image00029.jpg,images/84/Image00029.jpg,26380,15ab6ce1131bdea19c0036645a0b22f2333ee4ba40eb36bb2dbda663de42b973
https://vl63.ru/images/84/Image00030.jpg,images/84/Image00030.jpg,11053,0fa858595572e7b6e382ea98792378c9dc2f42fce0deb4e4ea4903e698ac9488
https://vl63.ru/images/84/Image00032.jpg,images/84/Image00032.jpg,24605,fc54b0559fa177da6561c8c5f181ed95cddd69b289a0cd1bf67ea4321b746ed1
https://vl63.ru/images/84/Image00033.jpg,images/84/Image00033.jpg,30749,b49f678cf5d7795e0d697db1908b9bbea84eff5ff20dd3dab3b025d7453c11e0
https://vl63.ru/images/84/Image00034.jpg,images/84/Image00034.jpg,30948,82f0682f74d3caced0c8374efed9ac0556ca017996b666020890bd0d7035d636
https://vl63.ru/images/84/natjazhnoi-potolok-metallik_na_kuhne_s_vytjazhkoi-1.JPG,images/84/natjazhnoi-potolok-metallik_na_kuhne_s_vytjazhkoi-1.JPG,12059,e8d191ebf1e39fde65fae81aca60d30c51a1f81f4b91bc480a8e5b0069c7f7ac
https://vl63.ru/images/84/natjazhnoi-potolok-metallik_na_kuhne_s_vytjazhkoi.JPG,images/84/natjazhnoi-potolok-metallik_na_kuhne_s_vytjazhkoi.JPG,238029,4dcb64a6417ab81e5b7e952fba3ddbdedaceeeea662979dba8d4ae857dfd5dd4
https://vl63.ru/images/85/Image00001.jpg,images/85/Image00001.jpg,78670,27fca5cc478fcaaaeefc8604af376e964aefc260388e753efd58baa8baa8a020
https://vl63.ru/images/85/Image00002.jpg,images/85/Image00002.jpg,74789,7b6b8d3f95066f3734cb1726255dfb11d72b9b93af8bd90831b0407f538b9dde
https://vl63.ru/images/85/Image00003.jpg,images/85/Image00003.jpg,82992,f84e95a4288f312d96cf11edd8d493bb7c631519d82dfeb2cfe9c0f950f7aa5e
https://vl63.ru/images/85/Image00004.jpg,images/85/Image00004.jpg,83381,e615fe4d0081a3ac451fdae78e236bb9d153c0408d0040d50e32782b00ddcfc5
https://vl63.ru/images/85/Image00005.jpg,images/85/Image00005.jpg,77076,9b91dfd6c7c169fca301251ddc3759bea1d523d10d2333fa69015a78bc28b583
https://vl63.ru/images/85/Image00006.jpg,images/85/Image00006.jpg,106223,82a1468c19aa22c739e1fe9e97ed69d707a2101dce44b3336e6d526e0ac1e1ca
https://vl63.ru/images/85/Image00007.jpg,images/85/Image00007.jpg,59851,fb2240a55b0a621acb8b62bee937d0af06e6e4e5f94e62cfb1d80568c3076f50
https://vl63.ru/images/85/Image00008.jpg,images/85/Image00008.jpg,69265,85d0a7f3e18c04b61be017893af81fbfeefdb893c490a880000d365db422cceb
https://vl63.ru/images/85/Image00009.jpg,images/85/Image00009.jpg,44824,eaddb29ee163dd30d0b14d679bc175b5ffebcaa554da8440e0b17ea906e0874c
https://vl63.ru/images/85/Image00010.jpg,images/85/Image00010.jpg,98603,eb060416c7df4644bb1a8f63cb91a9ad56328f976397840abe5e5483c856edfa
https://vl63.ru/images/85/Image00011.jpg,images/85/Image00011.jpg,90859,9f797bc24561c6a0a25a01a0d86da6348c5be6acced39a436434337dca64101f
https://vl63.ru/images/85/Image00012.jpg,images/85/Image00012.jpg,46833,a6cb7082993b48ebc93c1eb84557bf68d2c0fb1660274807a7eb28bed3fce94b
https://vl63.ru/images/85/Image00013.jpg,images/85/Image00013.jpg,91535,81d043bae6bb63b2c72857364ebf7b89a818daa95f8a150310a3c5440064549e
https://vl63.ru/images/85/Image00018.jpg,images/85/Image00018.jpg,9513,e9b7f79e983aa589750e28f0e383a76a4bb074fae7844e96958ec27754f74fc7
https://vl63.ru/images/85/Image00019.jpg,images/85/Image00019.jpg,21437,e78d93e274b10071018b3b4383be4936658bd385f3ed6160b599867c7289400d
https://vl63.ru/images/85/Image00020.jpg,images/85/Image00020.jpg,13531,6cc82be6f5d0c2a9f309cb39d6f5a78a4a64a26e88d10bd50ce5a439457a145e
https://vl63.ru/images/85/Image00021.jpg,images/85/Image00021.jpg,20574,cbf73baf4741823be2c3af286c56a6cf980ac25327b8378a0d57e2e5805a00d2
https://vl63.ru/images/85/Image00022.jpg,images/85/Image00022.jpg,10278,db47f4633f943015d794a7c7667add2651e7e0c9197596d4be44ecb3811b4b26
https://vl63.ru/images/85/Image00023.jpg,images/85/Image00023.jpg,9506,4ed9a2fe6a164b1e78e4e4ce13b16eb567f2619e88002a1fb1169772f707abd8
https://vl63.ru/images/85/Image00024.jpg,images/85/Image00024.jpg,12344,049c40b2491a9d6818f1b4edbd81cdc09ab466182fa0a0a0049b0ee5c78e20af
https://vl63.ru/images/85/Image00025.jpg,images/85/Image00025.jpg,8120,f00a2fb96ce62166795422f344a2341281e7db6beb4b8ac6c8b52edbc2cb7b65
https://vl63.ru/images/85/Image00026.jpg,images/85/Image00026.jpg,12996,18590c4000b65057d4b6b1b934a7c4ab9f277ad0e949682a8efa077c1d1bd0f7
https://vl63.ru/images/85/Image00027.jpg,images/85/Image00027.jpg,10933,c2cd5a795f4f4ac2348a619f4e51a3305d0114449450dcde70003a9637fac824
https://vl63.ru/images/85/Image00028.jpg,images/85/Image00028.jpg,24835,d2ccedb65aef2e2463ac5a656ea9c132872376d1fe5da6c3b0e43eb81fe72731
https://vl63.ru/images/85/Image00029.jpg,images/85/Image00029.jpg,20286,80053361db66965c01bdb4cfbe74f8d7a5e7eddd1b01878c0ef1e57c5147e9e1
https://vl63.ru/images/85/Image00030.jpg,images/85/Image00030.jpg,12659,8a89c2d0ae095adc255387c7d975f47c774f3a40562ac9396234bdc2dc75891a
https://vl63.ru/images/86/Image00001.jpg,images/86/Image00001.jpg,138509,42281c1ad063acb20c566d9fab27164c949e26727acf61cb2ed64c92469c2bd5
https://vl63.ru/images/86/Image00002.jpg,images/86/Image00002.jpg,106103,093e8a7af078105b5f689a5f6040f88dacfa6481358701fabbcc81ab964945b6
https://vl63.ru/images/86/Image00003.jpg,images/86/Image00003.jpg,168190,7943a7e44fb9be8142fee1dbf16174f01ae0ffdeb8e44999a75053d92b48f046
https://vl63.ru/images/86/Image00004.jpg,images/86/Image00004.jpg,146386,20d5e3cf8206b52cc4d779b9ff06c3ad68715417da2bf5fcde57293994a98fc4
https://vl63.ru/images/86/Image00005.jpg,images/86/Image00005.jpg,127928,5a2423027bd99a5365325443efed52437aba15a94a0b7e138fe33d147b38363f
https://vl63.ru/images/86/Image00006.jpg,images/86/Image00006.jpg,99831,01419d0ac960dee539542d9148575243f49eb86d7ccbb280d8dfaed9e077db0d
https://vl63.ru/images/86/Image00007.jpg,images/86/Image00007.jpg,139638,e299e8660a3b95160368a25488afe511cda735c83b32b15e2aa98c36607df39d
https://vl63.ru/images/86/Image00008.jpg,images/86/Image00008.jpg,102907,2cfc0dc8842c4a29c71061bff6d0f7600bee2ce94e5bbd6e362f5065c391e98c
https://vl63.ru/images/86/Image00009.jpg,images/86/Image00009.jpg,88644,439d79c8b24088a87c9f4e2fea4f2cb52619cad53a33f4c7711fa60e5ba310e4
https://vl63.ru/images/86/Image00010.jpg,images/86/Image00010.jpg,107639,7f43440c0587ca01dbd7a0656f9a6b62f4744a72226f379c0c5034cfe090b543
https://vl63.ru/images/86/Image00011.jpg,images/86/Image00011.jpg,131315,e8faa275bcba4e610b6474a0fbbbbde70589801fd0453bc7864a800e6ff8b523
https://vl63.ru/images/86/Image00012.jpg,images/86/Image00012.jpg,100363,25ea2a380a79ff2b7ebd7203e5221efd09da1615432bdc5fb6e0109cd4866581
https://vl63.ru/images/86/Image00018.jpg,images/86/Image00018.jpg,26021,f72f77dd1772563ed8d3d2743cc329b99075e042a07676091ebdd70dd72aded6
https://vl63.ru/images/86/Image00019.jpg,images/86/Image00019.jpg,14518,6e679c3e49c28637811bb9a330fefe2bb5dee364d7117c7d18c9a8048b37b8e9
https://vl63.ru/images/86/Image00020.jpg,images/86/Image00020.jpg,14843,fb9d9d25ddd20bd8a4a32800b74b92f4ca3b8f4111dea432a6d5c316d2cc2ab0
https://vl63.ru/images/86/Image00021.jpg,images/86/Image00021.jpg,16263,c67f023fc95936e6b2e1855790d7af976eec8c2cd517a9c1bd622f40e962aa10
https://vl63.ru/images/86/Image00022.jpg,images/86/Image00022.jpg,11424,70754dd8aa705b551014c2752fde4136704a5f418a5cf2a3dcef893907305cda
https://vl63.ru/images/86/Image00023.jpg,images/86/Image00023.jpg,11974,c547da5e310fc6c1b831a9ae6e160ad299bd0cc615af81ac72b5ae989d10a692
https://vl63.ru/images/86/Image00024.jpg,images/86/Image00024.jpg,15598,7118601987876a453f066a6442895f12d4ffbb7fffd7487eb1624ffb66a94f12
https://vl63.ru/images/86/Image00025.jpg,images/86/Image00025.jpg,10681,c6d844395c098e6831f199b97700a2248ee7d43c326f86fbc2bbfc367315df3c
https://vl63.ru/images/86/Image00026.jpg,images/86/Image00026.jpg,25206,0c4fd816f29f23dfef3b0344cecd6e65b598063e72f90b438ec547ddd6ddf322
https://vl63.ru/images/86/Image00027.jpg,images/86/Image00027.jpg,28150,ef879f35f50b55fdef00c1d848d752b6d368bf0eb60ea59a652cb08b52b89623
https://vl63.ru/images/86/Image00028.jpg,images/86/Image00028.jpg,39712,13f81fd5b2d68da0226db862178111ddc2d0d2fcaf1c1e7226e25b96c4f7cf58
https://vl63.ru/images/86/Image00029.jpg,images/86/Image00029.jpg,15023,4433b1a3551cac803aa01ef4f66d0cee188a3f5e22b158a4f3428d36e5f7c3a2
https://vl63.ru/images/86/belyi_mat_v_basseine.jpg,images/86/belyi_mat_v_basseine.jpg,1259400,655b5e0b756bc41c92a6cdfde7a6e381b2d1d73fde3baea7f479920d20930c55
https://vl63.ru/images/866.jpg,images/866.jpg,506,d8ec6ab5dc1e1526c0e35f86f90b1517667e45972bc8dbbe4e5f7fa30b9e0c66
https://vl63.ru/images/87/Image00001.jpg,images/87/Image00001.jpg,57401,9edd2314c03c7e109511a0ceb348807093fb0aef88228e52d5c6df2262929bbe
https://vl63.ru/images/87/Image00002.jpg,images/87/Image00002.jpg,48177,2fb52b3258ab8fbe5d0f08760eca324e007c1528c0c3176f53c74b8b5e393dbc
https://vl63.ru/images/87/Image00003.jpg,images/87/Image00003.jpg,83358,1008551a4fe8e57e61dd8e56da653e5b9650b0c355743fd29eca6eb59aa3682f
https://vl63.ru/images/87/Image00004.jpg,images/87/Image00004.jpg,40786,d98834d69ea207a9203f8758377c17c6756982bd6b4b9f851199ddca195fd117
https://vl63.ru/images/87/Image00005.jpg,images/87/Image00005.jpg,47452,3d1eee64f5da9782883a77885e715423733fb219b8a21ba9872a8e0f942ed8e1
https://vl63.ru/images/87/Image00006.jpg,images/87/Image00006.jpg,62350,9a35d290d7a93cd1e34d8196f3d4a584d0b41451e786d292e1992cce749b444d
https://vl63.ru/images/87/Image00007.jpg,images/87/Image00007.jpg,60608,3b1a6d9c6572c1f0e9a817abc7a5586f9f248ca04fef3dfc66b2d7f16127c0ea
https://vl63.ru/images/87/Image00008.jpg,images/87/Image00008.jpg,42063,56984b0abd02d6bef2525d6a569d4fa62753d6519637f418102aeb8fbffc8893
https://vl63.ru/images/87/Image00009.jpg,images/87/Image00009.jpg,51781,caf2a6e731e638f28e03b5be48fe7b43a85350fb651b17b2c5e73a3b4a6613ac
https://vl63.ru/images/87/Image00010.jpg,images/87/Image00010.jpg,47629,c7c46b61a7e14d679d3d8d4c4edaf097f7b32fdc3f8f934186b1f19a3de07104
https://vl63.ru/images/87/Image00011.jpg,images/87/Image00011.jpg,93064,f4f74b1c66bb4dc74e9a15872f26e020e8d63fd0023afda258a2c3c8ad0a8d9b
https://vl63.ru/images/87/Image00012.jpg,images/87/Image00012.jpg,79001,15a2534112fed0abf2595f72966b7c00c119d5ada645c2e1d8c921613be8704d
https://vl63.ru/images/87/Image00013.jpg,images/87/Image00013.jpg,72666,296cae448c51f4e8e83a933302a9326bce528ecef3ab6d5a5a8ef9ccc1a633aa
https://vl63.ru/images/87/Image00014.jpg,images/87/Image00014.jpg,60529,305cdb05d930ee8819e196422ac2544b9309471b76ece51ab217257f4b4e675c
https://vl63.ru/images/87/Image00015.jpg,images/87/Image00015.jpg,42845,feccc01a9e8300caa34604af4e3f83891b1f1ad80c859ee5646fe07502c21b09
https://vl63.ru/images/87/Image00016.jpg,images/87/Image00016.jpg,41728,f4f33d8c799960a6f4c22c13da22f685ca0b6d3fe0ae86253f54eba1bf4d10f0
https://vl63.ru/images/87/Image00018.jpg,images/87/Image00018.jpg,22327,fe1a30484fd912d78779ce25009c24c82bca8acd7ddcf0906f286dc41a5a89e9
https://vl63.ru/images/87/Image00019.jpg,images/87/Image00019.jpg,23781,500a79531f2ee641b7198193e18fc3b66b420abdf8ebb5ca42d07dd0b060564e
https://vl63.ru/images/87/Image00020.jpg,images/87/Image00020.jpg,7596,2fbd7c2946a4c86a6a3f6fa53b52845771b5e02d333084006fa24c168c642263
https://vl63.ru/images/87/Image00021.jpg,images/87/Image00021.jpg,10233,9a113a16e8eb142195315cb4ed7fff50ffb6c101464a4ef249a825392c2d938e
https://vl63.ru/images/87/Image00022.jpg,images/87/Image00022.jpg,7966,dc0d2bc1f39231c23df145df35b330c527184ab7363fbffedbce8eea685068a7
https://vl63.ru/images/87/Image00023.jpg,images/87/Image00023.jpg,21800,7d11e1e01b566124a1cb10fe844b86f55037e8f132fd27ce2f9c1667470d6491
https://vl63.ru/images/87/Image00024.jpg,images/87/Image00024.jpg,21576,3b0f2772d13803e25acd306a1da3a68d873133a98170c06247bca8d57b838484
https://vl63.ru/images/87/Image00025.jpg,images/87/Image00025.jpg,11222,b2085061e0244f1b49a6398632b9c938864a37fce847a9afb8779b232f258ce0
https://vl63.ru/images/87/Image00026.jpg,images/87/Image00026.jpg,15025,b4a89167c9db7ab885e55bdabdb8e6edfdc02b2251dd85c29b24a3da966dad05
https://vl63.ru/images/87/Image00027.jpg,images/87/Image00027.jpg,9250,c31e3770e1167f4507444a8289c3dd5e9bf2aa56507cc2ab6a587a787c6cd1de
https://vl63.ru/images/87/Image00028.jpg,images/87/Image00028.jpg,25460,5dfdba5971d4fa43648de4e3b266769e7fc8c84084a66eb7a9a01bbfa74c701e
https://vl63.ru/images/87/Image00029.jpg,images/87/Image00029.jpg,12450,76f17fff25f9ec911871c01be9a1d5e5d456335c9f2c1c10615f891d42d04afb
https://vl63.ru/images/87/Image00030.jpg,images/87/Image00030.jpg,12104,72082cccb328a02ba49e4b0c891cbf9e301af49e5a9b5217d04c303b3fe81daf
https://vl63.ru/images/87/Image00031.jpg,images/87/Image00031.jpg,25078,e87c04593f638c65179ff442ab56b810e30776310754230edb057a045ce1c2f2
https://vl63.ru/images/87/Image00032.jpg,images/87/Image00032.jpg,23874,14bb5dea7c9642756714c8cbc0402d80cc4712b8b7f37666b7070c5ecf90b30a
https://vl63.ru/images/87/Image00033.jpg,images/87/Image00033.jpg,25330,30e0c4c04522c223d03f2b7e41ed49010d4bc59f7faa2e8447b17899e643a9d7
https://vl63.ru/images/87/NY_foto.jpg,images/87/NY_foto.jpg,92994,b0d3f74ee565fe1ca7e2f05d7f86c727710d32c760187c2336808991b7a21b22
https://vl63.ru/images/88/Image00001.jpg,images/88/Image00001.jpg,51199,877f926a417e7ac18f6b678c91728be343bcc05858667e6458c182288a7e89e6
https://vl63.ru/images/88/Image00002.jpg,images/88/Image00002.jpg,93157,c0a866d8740db2ccb877e83742599d9b48ed816255d752aa30500fb29ab3798b
https://vl63.ru/images/88/Image00003.jpg,images/88/Image00003.jpg,53670,3338b8f2235603faead93aae1d4d06f189cc8e8cb46164af5f06f5dc16c85dc2
https://vl63.ru/images/88/Image00004.jpg,images/88/Image00004.jpg,33091,7c2a12cab7650cd0cee3ce4d59fc01a36cc905fa8183a9e88678085ba08e2ede
https://vl63.ru/images/88/Image00005.jpg,images/88/Image00005.jpg,91156,5acc3e2bdb5b079a059b78c5b746d1f779040d7111bbc63379797a5567328a60
https://vl63.ru/images/88/Image00006.jpg,images/88/Image00006.jpg,118782,0f983fb677927b8599b4b5ea6a638ab7a60153572059d9c0a7803c4fa4e930dc
https://vl63.ru/images/88/Image00007.jpg,images/88/Image00007.jpg,88595,6d3e77ce8b0d91e0dafcb31c3b3fcf82969382cf9936edc80fdc4eb6a8bbd4f4
https://vl63.ru/images/88/Image00008.jpg,images/88/Image00008.jpg,90757,a54f2c2b4e978b85bd11e9c578d526a83a9c9b8e0385e8a55ccb2156e058e1d5
https://vl63.ru/images/88/Image00009.jpg,images/88/Image00009.jpg,55648,231584ff2ee24228821b6ae9338425c679cae6663541fb751bd10007d00dddb7
https://vl63.ru/images/88/Image00011.jpg,images/88/Image00011.jpg,69712,bf7cdbb9b8ca285990da81edc5f4a9b43d68c2bb6e4d7ffb9120c06a29272ecb
https://vl63.ru/images/88/Image00012.jpg,images/88/Image00012.jpg,58217,7662d86e2d59a3a255863dcc0e69174c9730f653c71744353e1f2d92254a5049
https://vl63.ru/images/88/Image00013.jpg,images/88/Image00013.jpg,69441,a4893ba344b521409beacc6c787e9d9ce0525774966d34b08018ba2e3b9e6551
https://vl63.ru/images/88/Image00014.jpg,images/88/Image00014.jpg,64285,b0096f8f49e3efc1f3b5f81347228075b6db141ddac1678980165f39f8613fd0
https://vl63.ru/images/88/Image00015.jpg,images/88/Image00015.jpg,94892,4e04090c7f21bffd4ad55cbceeafb09a147cbfac906ca3193ad0b6448b25c0d9
https://vl63.ru/images/88/Image00016.jpg,images/88/Image00016.jpg,47967,3cb9ba612da1628d19e7e56d0f8d3ec3181846d5bf6328207831cec858c442df
https://vl63.ru/images/88/Image00017.jpg,images/88/Image00017.jpg,65601,642244a46c955fba010256ed487102290fce8436b97190f0e98e94793256a44f
https://vl63.ru/images/88/Image00018.jpg,images/88/Image00018.jpg,55745,7318ba9cf5fff7a737ae31f2afee35f0f7fbb28a58f37e4dcbbde1ce4fc954b4
https://vl63.ru/images/88/Image00019.jpg,images/88/Image00019.jpg,66478,a42e34c752e44ba98d03955f742eaa86e569a0bf8769a65e20093590b57c9a87
https://vl63.ru/images/88/Image00020.jpg,images/88/Image00020.jpg,98872,cc2a52cba27821224ca623a3adf1e0293b0ccc757c1fc12cba926086832f29fb
https://vl63.ru/images/88/Image00021.jpg,images/88/Image00021.jpg,134371,9a88dfb25623932c37a6e0988cb2dcbcf9d728c8294a1fcb97837176283e4263
https://vl63.ru/images/88/Image00022.jpg,images/88/Image00022.jpg,97039,94d0a4d6b856b4ccf7172d95eb7bd6d7da83a1464629858bbf341b6b1e949929
https://vl63.ru/images/88/Image00023.jpg,images/88/Image00023.jpg,72251,bf21d310cd233cc2b4e109b356c84552155181c80f8d64c054a253f1a389f7dd
https://vl63.ru/images/88/Image00024.jpg,images/88/Image00024.jpg,71335,a38e11f4d38e6fbc0a65a904cd02631505d64472a45fd08466658539ef273cfd
https://vl63.ru/images/88/Image00025.jpg,images/88/Image00025.jpg,64145,3f8b99d94dd0a6befbfc70ecc18e40db1f1fd04f5a11761760d8c917fe8534d5
https://vl63.ru/images/88/Image00026.jpg,images/88/Image00026.jpg,87054,2f77439f3349a2e9a44544b47680faef3448316c750b16b7692b10bab7962127
https://vl63.ru/images/88/Image00027.jpg,images/88/Image00027.jpg,78641,377d86d1fa1f7a53ebb7a2a889d9b22c42625b6b7cc5acf7bdd6024b50449807
https://vl63.ru/images/88/Image00028.jpg,images/88/Image00028.jpg,115300,10793bc359a374336cbaa4279f6cc177c6bb92001f92e5b3cd200398dda96b90
https://vl63.ru/images/88/Image00029.jpg,images/88/Image00029.jpg,81262,5bf2f669a17cabdfcc2d510daafb98fabd7e65e9b4434bcca58528cd6f8aec84
https://vl63.ru/images/88/Image00030.jpg,images/88/Image00030.jpg,70010,4b3acca9f30a5c4c10937a0681c7a1f23d40e512fa0e78a67605cc8da80ee9bb
https://vl63.ru/images/88/Image00031.jpg,images/88/Image00031.jpg,41740,3c5385aa058eaf626227f4bf050d549288b8976135d3c78dfe4118f9d5394d7e
https://vl63.ru/images/88/Image00032.jpg,images/88/Image00032.jpg,39095,50ef7e646a8d7237cf9b999ba3360591b7e48a0c8e48a4eeabedc219e807bd3a
https://vl63.ru/images/88/Image00033.jpg,images/88/Image00033.jpg,57661,6b84af704723b1307f7416a607a067a4e0e454e9bfe2259901b3d5ec27a3c652
https://vl63.ru/images/88/Image00034.jpg,images/88/Image00034.jpg,52743,9f7420b2a8bce76a66188592108d9337fbb77ac9d7e83389d44bc4143f0bfa84
https://vl63.ru/images/88/Image00035.jpg,images/88/Image00035.jpg,7843,50263a42f4f32fad4355a3fb4442302b94d6bd9d44686c6d05a97ce7f3701a84
https://vl63.ru/images/88/Image00036.jpg,images/88/Image00036.jpg,11297,6b7aa731c2bde9a01c49bf110bc4122c36369af803d2a83775fa8c8740945120
https://vl63.ru/images/88/Image00037.jpg,images/88/Image00037.jpg,16168,1e6948d5eb8e79ae0c11e294e6cd5c31ddf8adbfb3c1d871bdc51490d4462809
https://vl63.ru/images/88/Image00038.jpg,images/88/Image00038.jpg,14715,0f1359f2fdb4325839ee2a227632a4ed7df91640a40f107396617aec17001d0e
https://vl63.ru/images/88/Image00039.jpg,images/88/Image00039.jpg,45612,5d55b93edacb9ab187994a27fc6648a6de6e1059ca20bf3135308b12dd8e583f
https://vl63.ru/images/88/Image00040.jpg,images/88/Image00040.jpg,47733,50011979b94e61f15e848a489a3eae0fda9b267db1b47caf4534e9c59703d598
https://vl63.ru/images/88/Image00041.jpg,images/88/Image00041.jpg,44954,bdd7d0bb62ffabef529acbf396788a092418b480e0e6e18235f1412341e7ff23
https://vl63.ru/images/88/Image00042.jpg,images/88/Image00042.jpg,11470,524a6fac30acc77a8003575171acd9c569b34c8354de7067ba41a224ef83fb18
https://vl63.ru/images/88/Image00043.jpg,images/88/Image00043.jpg,8645,0e4cef254c3692b33b9d09129623b79f1c06af03c26b3daefdc9570f0f801bc7
https://vl63.ru/images/88/Image00044.jpg,images/88/Image00044.jpg,9381,e952676e4bfe4c50c7be661f5ca9d7482c69372410e5fe904265ae80597de57d
https://vl63.ru/images/88/Image00045.jpg,images/88/Image00045.jpg,20179,371648a52c5f12464dde9d0f18622a628a5b445b36ea5d526154d5fa640d2e5a
https://vl63.ru/images/88/Image00046.jpg,images/88/Image00046.jpg,7693,1ea99115b3a9b1fe9f0bfd5467584aa79286458ba30fb5dba2207145f64d84cb
https://vl63.ru/images/88/Image00047.jpg,images/88/Image00047.jpg,8725,0cc6c806ff1e62e98c7d1bc15b67677293ea75c0d79af656395ca735abf0d9ca
https://vl63.ru/images/88/Image00048.jpg,images/88/Image00048.jpg,6858,613a5b40c76b972d4ca1eb1cc40c72b90d23d749d220609e676e85ce2184f061
https://vl63.ru/images/88/Image00049.jpg,images/88/Image00049.jpg,14322,7c3fcee7c26643658f42d10f68d36e4cde2d572b197ab7e932499244a6366a65
https://vl63.ru/images/88/Image00050.jpg,images/88/Image00050.jpg,15422,1e29e2a99ee5ef9add73f0201f6734bce8f0b12977a42731f5d7840c9db24314
https://vl63.ru/images/88/Image00051.jpg,images/88/Image00051.jpg,29877,7c22b2807fc3c76298e73847074f42d1aa4a491892189f0d3214b9d60a4efc6f
https://vl63.ru/images/88/Image00052.jpg,images/88/Image00052.jpg,16825,e3b9bbe71f28220c9f7895bf40afd570fb9d9ddfbadb8f30e73105b655714210
https://vl63.ru/images/88/Image00053.jpg,images/88/Image00053.jpg,11735,62f883977915102fa11e109f053dd1979cbe25408f7e20f48c0879e65643bba8
https://vl63.ru/images/88/Image00054.jpg,images/88/Image00054.jpg,10485,106fd02e48c8c9b762f4a7dde6f19854696f252a9f24485b7fb4711770c6a133
https://vl63.ru/images/88/Image00055.jpg,images/88/Image00055.jpg,49876,57f4d82be0f024a51e0180d90e30174f20677443552a27294d23a3b3d9d199a2
https://vl63.ru/images/88/Image00056.jpg,images/88/Image00056.jpg,20372,1b8251e4d3646ee552126a146edd62b6264dbe78ae4323c708cc6fb7b77eb5a1
https://vl63.ru/images/88/Image00057.jpg,images/88/Image00057.jpg,14135,bfb02f9ef40a4b0be59f6e010aa69c7d0ae26ba9dce688060848fb5b21de07f1
https://vl63.ru/images/88/Image00058.jpg,images/88/Image00058.jpg,21053,11218027b1086d855632926de706c9624d5b74f3baf00eb844a39ed62a5c8aac
https://vl63.ru/images/88/Image00059.jpg,images/88/Image00059.jpg,11342,c49fb8662cb2380b057a56c57088efbda50462f30d4fa5b45f5e68fc729c0b03
https://vl63.ru/images/88/Image00060.jpg,images/88/Image00060.jpg,15267,ed70bdfb6cb337af978c3a6d2799bb1acdb22c105f0bd59aca002a134fcc4f00
https://vl63.ru/images/88/Image00061.jpg,images/88/Image00061.jpg,14620,457c7d502f082ab7490ad44ccf5f9012e3887d3f584a28bfd17004a2ddd5e33b
https://vl63.ru/images/88/Image00062.jpg,images/88/Image00062.jpg,22569,f6393e883381554e11ef7fc7abf6be1b9b6b14842c3eccbd8fbb9f088dae73a6
https://vl63.ru/images/88/Image00063.jpg,images/88/Image00063.jpg,24273,9ea338f0d275430ad08aaaf6391c194453f1733ad2c6ae1b608f74a166279298
https://vl63.ru/images/88/Image00064.jpg,images/88/Image00064.jpg,27289,8e401aeada5f47474bb6e9ba48e933221cc5a05ec624cda80379cf3b94707e5f
https://vl63.ru/images/88/Image00065.jpg,images/88/Image00065.jpg,6267,fafacb7cc139b5389229cf2208436bb7bb0746e8231870fb59f16c48a10778fe
https://vl63.ru/images/88/Image00066.jpg,images/88/Image00066.jpg,5132,9c9b0939fa3c41702b4e0dda8ecbcd00fea63dfed8bf7c065e165dbbc5bba860
https://vl63.ru/images/88/Image00067.jpg,images/88/Image00067.jpg,7273,2b170e365aecb6581b5dc89328279ac9d47fa6611af31724a4a5402e2d51916b
https://vl63.ru/images/88/Image00068.jpg,images/88/Image00068.jpg,7011,4a4baef50fdb3557835f2c5d01c83db14910438b8e687fc5bbd621ea1e22f92f
https://vl63.ru/images/89/Image00001.jpg,images/89/Image00001.jpg,68895,a876bc847503021d24e20ed3bc269f83d4771e134251c8859d54bfe1f8cb8d21
https://vl63.ru/images/89/Image00002.jpg,images/89/Image00002.jpg,43088,8ec6f3c2dfeeb45ae7b2848cda8a818676ddfefb93d138088049cd74faa73d3a
https://vl63.ru/images/89/Image00003.jpg,images/89/Image00003.jpg,125117,d74070e2d0bc29157428bf1630c10ce5e610ab8f00345276f78193edb4e8982a
https://vl63.ru/images/89/Image00004.jpg,images/89/Image00004.jpg,85615,e8eb5b75bd753af329b296f01371fcc264774ad9879fd6fdb9555d1ad6d4f738
https://vl63.ru/images/89/Image00005.jpg,images/89/Image00005.jpg,92734,330b8ba0736b8a1460e7db17e30b2b0fd896e3f365a55847469f7afdff103b46
https://vl63.ru/images/89/Image00006.jpg,images/89/Image00006.jpg,37992,d54442a001ebd9bc99b192838ed2ad1ccd46e7d84b0e5cd8b7deee655ac2be2f
https://vl63.ru/images/89/Image00018.jpg,images/89/Image00018.jpg,8701,79182d962a1ff346e18fbc0acf8a933eb4208b033a6ed5012c595eeeaa198062
https://vl63.ru/images/89/Image00019.jpg,images/89/Image00019.jpg,13273,f4f64a5fe9638732210f90c89b00d271c734e77b4a6dfa026dbb24075e8bef39
https://vl63.ru/images/89/Image00020.jpg,images/89/Image00020.jpg,15165,6488b48762e0b84548f907850a33b8616a7a32c33278173848023f11d96fd9c5
https://vl63.ru/images/89/Image00021.jpg,images/89/Image00021.jpg,10537,cf206c8e896b68d9113c2dfd018651817d27303e530b2b2f236a0f32660076bc
https://vl63.ru/images/89/Image00022.jpg,images/89/Image00022.jpg,8219,0eb4bee38aa129db361bad2e49260cc9902daa27f0865185b63bde668df36b73
https://vl63.ru/images/89/Image00023.jpg,images/89/Image00023.jpg,11251,da3479b4c63152ef4aa79743bfebd95442b6e5c55c9dfb995e8c85b1372f4a92
https://vl63.ru/images/9/21.jpg,images/9/21.jpg,276751,e016ee2dac130a04519e8ba4cfc9e7945090c5d242f1f1de10984ca78ef6c540
https://vl63.ru/images/9/22.jpg,images/9/22.jpg,238783,2106343910cb51e866dd978569b6ea5a3d245da031ae03c356dfd7e9f9326a1e
https://vl63.ru/images/9/23.jpg,images/9/23.jpg,244117,f7bd7a746fba296302e4e78fa7e47d6a31f95817cf417c4bbc6cb4a70df2af48
https://vl63.ru/images/90/Image00001.jpg,images/90/Image00001.jpg,63087,8686f847714026800fe27db2ab3dd1a5800f83aa6481216956afdbe8569aafc0
https://vl63.ru/images/90/Image00002.jpg,images/90/Image00002.jpg,109175,cb86de2f76b4f9272abd42f38f23bba27e86b8ee677dfe578710612b9fc8ef58
https://vl63.ru/images/90/Image00003.jpg,images/90/Image00003.jpg,37906,cb5da8d9ba238c26959cf793a7346c4598eaa3db3fde59a600c0c8e8e39237bf
https://vl63.ru/images/90/Image00004.jpg,images/90/Image00004.jpg,65299,9743a8767f0d8295cd75778937ec728efcda39faa2a56233f76b5b8110b336fe
https://vl63.ru/images/90/Image00005.jpg,images/90/Image00005.jpg,68265,d8cbad20d3fb20f9f5f0f4026047f19854396fcbee57173c6010f56446bca15c
https://vl63.ru/images/90/Image00006.jpg,images/90/Image00006.jpg,109194,38f73d6257b1f03f1a75a59d0151fceb49da18bbdbcaa9ff776164b46e721557
https://vl63.ru/images/90/Image00007.jpg,images/90/Image00007.jpg,105940,81974e18b9124211119a1a2119c0a15f96804cde10ab6d77e35048dc9ddb1670
https://vl63.ru/images/90/Image00008.jpg,images/90/Image00008.jpg,35999,c187e47de9ee3939000e9eb89340ad1839564910d19b243cc06781869623c4eb
https://vl63.ru/images/90/Image00009.jpg,images/90/Image00009.jpg,124861,fcdb9139455224385c7ae52205a34db592e7c0fb86210c8b833a2ef403df9346
https://vl63.ru/images/90/Image00010.jpg,images/90/Image00010.jpg,107033,43b93527acccc56f410191c2cc55720ea82e49bf0b23078ba53dea5b81acb907
https://vl63.ru/images/90/Image00011.jpg,images/90/Image00011.jpg,109226,f4ab526321d4eebcaff42bde88a61362719f8f037cb3b51a79b6fd333cedb15c
https://vl63.ru/images/90/Image00012.jpg,images/90/Image00012.jpg,107464,c4358831365f27af16efe7c88c237bc7ce9480ed56212bfc9bba0661eede0664
https://vl63.ru/images/90/Image00013.jpg,images/90/Image00013.jpg,87518,37df617b5be6b45cc61582f624ef546a2c9f7cb29ed053a291083fcd7af28bcd
https://vl63.ru/images/90/Image00014.jpg,images/90/Image00014.jpg,119702,a017d6a426fe726fdaaf7b3767ddb34f14eeaec3a1dd3dcaa66426a73d8c51ff
https://vl63.ru/images/90/Image00015.jpg,images/90/Image00015.jpg,108242,67be2d8a2725025fc75d2a97420fa8a9fe5e95e109fa881a68fd81f0255479aa
https://vl63.ru/images/90/Image00016.jpg,images/90/Image00016.jpg,132574,d4b66e8a9a89409a008b740e92f13a59c2aa4107ea3665a763ce5d2e8e7dae17
https://vl63.ru/images/90/Image00018.jpg,images/90/Image00018.jpg,12441,63a4bdedf7e7ffb54b57b4c06286fbc34280663dc3845b26aede782501c2aaf2
https://vl63.ru/images/90/Image00019.jpg,images/90/Image00019.jpg,22742,cafb5b6dd715a3fe0a27242fe6a9e083a343aec5505a3326edbe1e915fd257b2
https://vl63.ru/images/90/Image00020.jpg,images/90/Image00020.jpg,6143,7f37af58164fc2d1730a0fb2ee27404437c68e210be3d99a2cfd4065924369cb
https://vl63.ru/images/90/Image00021.jpg,images/90/Image00021.jpg,22405,9989cec41f2c3526bda3725d7dada02324ff86ce908a9aebbfb20925c031f2ee
https://vl63.ru/images/90/Image00022.jpg,images/90/Image00022.jpg,23488,ce860c949eaff3e771129e6e9cd8d6103eaa41cdc9faf0214af6568a5e3a690c
https://vl63.ru/images/90/Image00023.jpg,images/90/Image00023.jpg,14634,5cb0e35191328258ef2db4762505edc49215dbc9429af234b2d991f3ec80ffd0
https://vl63.ru/images/90/Image00024.jpg,images/90/Image00024.jpg,24779,ccd368ba36ae898f84b3c4d6ec7e4af3cafb8ba62d654d1a436da94ea1353dfd
https://vl63.ru/images/90/Image00025.jpg,images/90/Image00025.jpg,7813,3d60348071e85b5d7a28f6fa76f42258a17215ed963f9706d4c2436e8a36cfd2
https://vl63.ru/images/90/Image00026.jpg,images/90/Image00026.jpg,26963,41248ab65d968054c2c22df4279a4aeb5b8d744aacf11f2634f8b2c72d7075cf
https://vl63.ru/images/90/Image00027.jpg,images/90/Image00027.jpg,27567,05694a8a57245ebd15a578b5b4190106a232711d715737165bc93b8aa410e1a9
https://vl63.ru/images/90/Image00028.jpg,images/90/Image00028.jpg,23648,c3fe1d79fbf58d6e54701addd2b6f6d14e37003de22d77b6d8ac48e0d493f986
https://vl63.ru/images/90/Image00029.jpg,images/90/Image00029.jpg,17460,3596545f3a802ebc224f9a69a913f41f51832f4b0e567676f8bbcea64ae20b75
https://vl63.ru/images/90/Image00030.jpg,images/90/Image00030.jpg,24581,435126143728860a3f0a95e3dc3d9ff249beb6dc4c1b9e2ee537d4c0fc7a4562
https://vl63.ru/images/90/Image00031.jpg,images/90/Image00031.jpg,14263,23e189108a73788d2fd5117289322589521af46dc1d6673399b407487158d5fb
https://vl63.ru/images/90/Image00032.jpg,images/90/Image00032.jpg,11241,2bc62d1180043a7c2b7c4e02ecb867a1bbbd0863a018ed93d6c8cc18074c4b0c
https://vl63.ru/images/90/Image00033.jpg,images/90/Image00033.jpg,14188,6ad92d9987e0d7b76439cdaf5416ad6f0df721c289c3dc5ccf2b647cfd8d7322
https://vl63.ru/images/91/Image00001.jpg,images/91/Image00001.jpg,117255,299eb9b1e4a4cd5049cdf81ab3a5a43604bd4b55cf34b7f6b678a0b220524e10
https://vl63.ru/images/91/Image00002.jpg,images/91/Image00002.jpg,47629,75c6a6fdd584565aee8fafbde413fa7f1dbae861cefa4eacac2f695b81f888eb
https://vl63.ru/images/91/Image00003.jpg,images/91/Image00003.jpg,41785,7be2a6d00d9e5b654a866f0e50d1dac0306221be8daf8a89b23b2b07b6d63da5
https://vl63.ru/images/91/Image00004.jpg,images/91/Image00004.jpg,73044,c20885ceda98e83118247c80c44cfe280bd04863cd5463baaad62ee752870325
https://vl63.ru/images/91/Image00005.jpg,images/91/Image00005.jpg,85765,2c6dbe9bb9e9507401f71e9706fec46d6737e3631c4b1a33078ac5c4de5cc66b
https://vl63.ru/images/91/Image00018.jpg,images/91/Image00018.jpg,13749,345054bad18a7f2bb8150a7e70ae6a88562cd4ca843623a2c3d6b6b901a27163
https://vl63.ru/images/91/Image00019.jpg,images/91/Image00019.jpg,17846,469cc5e753adb09eee8f42552eb82275eee2d8e94b2cb1338ab88b275c98a41c
https://vl63.ru/images/91/Image00020.jpg,images/91/Image00020.jpg,6934,fcf82116afd0deb5b8806d203bc15b0212a209f24d3753d1d97a96302c10f6da
https://vl63.ru/images/91/Image00021.jpg,images/91/Image00021.jpg,11544,87ce6253fac966f0bbff55cc603cdbd23427a25a29e47e86d2e0d4c3bde25b03
https://vl63.ru/images/91/Image00022.jpg,images/91/Image00022.jpg,8580,3a037c7686d6eb076507a742cf61d82eb6ca171daa3fdcc83da670e949c4bdbf
https://vl63.ru/images/91/kupol-potolok.jpg,images/91/kupol-potolok.jpg,81987,38ef83e73a0960bcff61868d7daf85cb7b545e94227953d2411822cfc406c782
https://vl63.ru/images/91/natjazhnoj-potolok-kupol-1.jpg,images/91/natjazhnoj-potolok-kupol-1.jpg,7782,6c24c24a33876e0e70c702c6229f2f7fdf5c198611728593edc5bb4048b732c2
https://vl63.ru/images/91/natjazhnoj-potolok-kupol.jpg,images/91/natjazhnoj-potolok-kupol.jpg,37297,405bfdd3d4ebc52e533d913b8d2c075369cf752b34783d3f0f78bd6bf73978b5
https://vl63.ru/images/92/Image00001.jpg,images/92/Image00001.jpg,72816,b1fe3a11fce974385178b7dd77a97c5f7ee3b37632d1ca11e1b7632d2ad8dd97
https://vl63.ru/images/92/Image00002.jpg,images/92/Image00002.jpg,66950,a1977ac4368ece3db88cce85ea1747d6157f4b6fec620c85eba929bdc458cbd9
https://vl63.ru/images/92/Image00003.jpg,images/92/Image00003.jpg,69349,5f09e5809ddbe0a3c4ebfe166e2664c6ebd529fed13b0fcfa9b3bddaa3ae4551
https://vl63.ru/images/92/Image00004.jpg,images/92/Image00004.jpg,59646,fde47adb7623841f502e3e34f2240af25211ff25c53ee6468c426fc2cde56dd5
https://vl63.ru/images/92/Image00005.jpg,images/92/Image00005.jpg,53488,dca19781fb6d43d6b1a701e431989e69e1c47e9e58656f59b32f7aa8a9aad2b0
https://vl63.ru/images/92/Image00006.jpg,images/92/Image00006.jpg,46470,521468a9625b38d868187e62f99ac8cf05d97cf2aac358775b5de1ed9b1fff85
https://vl63.ru/images/92/Image00007.jpg,images/92/Image00007.jpg,60256,7c2f6653831b27a56aa399a1517f65080567388feb4cdcb49e9dd15b1933f4ea
https://vl63.ru/images/92/Image00008.jpg,images/92/Image00008.jpg,36204,c5afbb9623ab90c0a6418baa2d02f4f72ae7928dd0d901134fb665728975af54
https://vl63.ru/images/92/Image00009.jpg,images/92/Image00009.jpg,30334,b482dc2ca15281608d1dadd37ac0af4c366a00e6d85cca04df527558574e7202
https://vl63.ru/images/92/Image00010.jpg,images/92/Image00010.jpg,55308,2eb6038c681dfd24ca4a36d71c99539604d5f59f3fb36c96d650bec74197ce2a
https://vl63.ru/images/92/Image00011.jpg,images/92/Image00011.jpg,57084,44d0dedb3f92f768242e873cafffaf00ad0763cccbad59e7bdde4bf620d455ef
https://vl63.ru/images/92/Image00012.jpg,images/92/Image00012.jpg,100018,67650f74435d7ac7424ef5f6f78526591c8775837ab2456a546fb29ff99a35af
https://vl63.ru/images/92/Image00013.jpg,images/92/Image00013.jpg,140073,9d9f7b28db91fb78330f8e142ce76247b413a3a6fd0b79b59c464305ae172d17
https://vl63.ru/images/92/Image00014.jpg,images/92/Image00014.jpg,81333,08a0b85e1c19b9c3003060973a96c26030dc70e3738eb33afd9cb10f0865564b
https://vl63.ru/images/92/Image00015.jpg,images/92/Image00015.jpg,66225,33c9cb0dacc46f670d7d7144b7fee2ebb2de48b7a8d7eb7bcabcb28c72db2b65
https://vl63.ru/images/92/Image00018.jpg,images/92/Image00018.jpg,22607,5adaf5c5e550047dfc3585405e2aae0288cd7675c7642782dbb230ecd3947cad
https://vl63.ru/images/92/Image00019.jpg,images/92/Image00019.jpg,19632,a334d441a29e5d7596d12491c37a2603076a05b36fe865eba9e6f76d4b439e41
https://vl63.ru/images/92/Image00020.jpg,images/92/Image00020.jpg,21729,797896f926fcaacab49c525d3cd810e3a9bb29de83de4722fda8dedb6d7d972e
https://vl63.ru/images/92/Image00021.jpg,images/92/Image00021.jpg,11639,f57bf6f0c50dcb624d37274823fbdaead3d4ff29e43a207a6bc143c6db0a0916
https://vl63.ru/images/92/Image00022.jpg,images/92/Image00022.jpg,16505,5edb078010d01df9295599eae1cc75bd366f3b45100b7cff33712b5e9a7af444
https://vl63.ru/images/92/Image00023.jpg,images/92/Image00023.jpg,15147,355e90d8718b1e489462505e0ec67715bcb4b575966199567395ff53d72a35e9
https://vl63.ru/images/92/Image00024.jpg,images/92/Image00024.jpg,12988,e345c9627a3ea68b02a1efcd0e459b1b8d8a3ce3ef78921dd030e222256e706c
https://vl63.ru/images/92/Image00025.jpg,images/92/Image00025.jpg,20595,31e408dd15dfab9d7b0695880fe66ee83c5ac961d4c71cc53ae9ce109ddc947f
https://vl63.ru/images/92/Image00026.jpg,images/92/Image00026.jpg,19194,a819f8e17ab5fde616372acf142808f2ab4039d9a7300d5996d4245d135ffed9
https://vl63.ru/images/92/Image00027.jpg,images/92/Image00027.jpg,25853,3d82dfc05a09eed0c5f5ef2364dfd4cccf5854082ac054581e7cf05431050a7d
https://vl63.ru/images/92/Image00028.jpg,images/92/Image00028.jpg,24614,35c10f181116362a95557d0e42a2d6358b9639c73427c5ba38e8a99e4a0b4546
https://vl63.ru/images/92/Image00029.jpg,images/92/Image00029.jpg,25635,6e43bb13affadcfb668ab9e1c77c0503752a1f92c8f3dd67b48d10119ae38505
https://vl63.ru/images/92/Image00030.jpg,images/92/Image00030.jpg,8105,eb19d591a9dd2b0bc4a43c3ed15fe27cbaa02bbc06c1e564c732836d1f113c3a
https://vl63.ru/images/92/Image00031.jpg,images/92/Image00031.jpg,9676,61b73d8b4a8d5b845e25dd901d852d160801b69b629fe3ef17ae9a4be933c679
https://vl63.ru/images/92/Image00032.jpg,images/92/Image00032.jpg,7954,75421ab7993c10dbb4bbff486660d609f5914f698207a7f391a30a6cbb5130d0
https://vl63.ru/images/93/Image00001.jpg,images/93/Image00001.jpg,75132,4f150880609b951296c4b327f6d5e938d48b13d2cefc21e851d2c9e52286829f
https://vl63.ru/images/93/Image00002.jpg,images/93/Image00002.jpg,109504,3cc8fc16f3ea590331f3c4a01da527e23e021dfb1d88001ce07cb89b4f6cf4b5
https://vl63.ru/images/93/Image00003.jpg,images/93/Image00003.jpg,107859,8f7a460ef9e664347f8d005b3bf0912a4eee55640885dd62404171b25fbf6904
https://vl63.ru/images/93/Image00004.jpg,images/93/Image00004.jpg,66491,71a40cac5bc9d643eae4009e64990f72a41f8a0b0cd78a5daa8abce49845abb2
https://vl63.ru/images/93/Image00005.jpg,images/93/Image00005.jpg,87245,1365832d7fac1289a66c0dbe0e4aebd7d7d6fa934f409d9c324ce256e9babe3d
https://vl63.ru/images/93/Image00006.jpg,images/93/Image00006.jpg,62613,242a5bd25fd79b17d945f3c29ba548e9b7b260f8bfd9c2d116c517eedd8a9840
https://vl63.ru/images/93/Image00007.jpg,images/93/Image00007.jpg,89404,532428ac4188d60a40bab9c582036916fa8248989cdaeb7cb26492348736f885
https://vl63.ru/images/93/Image00008.jpg,images/93/Image00008.jpg,63200,4894706a2082488ec176cd08b8be73334b9a712baa4f555bcf70e824fae07f3c
https://vl63.ru/images/93/Image00018.jpg,images/93/Image00018.jpg,7298,45c9f9badcd0854a78ef64c16fb5881672c41bd07c32ff3278caafb3f363e757
https://vl63.ru/images/93/Image00019.jpg,images/93/Image00019.jpg,10523,139de8e181b0c80e2f9e399f1ad99c68c24a3bef6a979f70d0f4d75dae966807
https://vl63.ru/images/93/Image00020.jpg,images/93/Image00020.jpg,13851,7cf0f8680d24944a3283cd3cccfe9a012b416851b80fe16f7529cd7c6b30215d
https://vl63.ru/images/93/Image00021.jpg,images/93/Image00021.jpg,14371,e2dfdd3e90b0a3e337914482adf70955c9dfc7ecb6984ddb7521a6616d7dd20c
https://vl63.ru/images/93/Image00022.jpg,images/93/Image00022.jpg,9215,eeadac0f0d99e3ea7851a2e5db6abafe1a7a638456ec9767569ca166b9614737
https://vl63.ru/images/93/Image00023.jpg,images/93/Image00023.jpg,7612,e4b152468ebe6ee86ae6fba829b5626244d713271d6a51a138759a46deec36e2
https://vl63.ru/images/93/Image00024.jpg,images/93/Image00024.jpg,32225,97036aac69d96783cd2237471d4dec777611a3a67b8e3154ff2f9e8d04c923ad
https://vl63.ru/images/93/Image00025.jpg,images/93/Image00025.jpg,4078,a0f8eb8c17c44782c55ea953a1690558001111896191bd1e0d567c0b21661cde
https://vl63.ru/images/94/Image00001.jpg,images/94/Image00001.jpg,79146,5f4338d0f7994de5ac2cb57eb01bb1128bfd5899a609ac7f40e500edacb26eb7
https://vl63.ru/images/94/Image00002.jpg,images/94/Image00002.jpg,87473,8a4d3a89c926d72595e02a0a9a179b9f2c77f37a167359ad4adb374f5b325ec9
https://vl63.ru/images/94/Image00003.jpg,images/94/Image00003.jpg,72666,296cae448c51f4e8e83a933302a9326bce528ecef3ab6d5a5a8ef9ccc1a633aa
https://vl63.ru/images/94/Image00004.jpg,images/94/Image00004.jpg,45592,4d913483f1d42b87e127d0ca31249e1e797f4789a1c9622eb4ca7c36f618f5b6
https://vl63.ru/images/94/Image00005.jpg,images/94/Image00005.jpg,64145,3f8b99d94dd0a6befbfc70ecc18e40db1f1fd04f5a11761760d8c917fe8534d5
https://vl63.ru/images/94/Image00006.jpg,images/94/Image00006.jpg,90859,9f797bc24561c6a0a25a01a0d86da6348c5be6acced39a436434337dca64101f
https://vl63.ru/images/94/Image00007.jpg,images/94/Image00007.jpg,94123,f384361455720bce71e6b93de146c2760705350d3d2fc8cc08251b702ebe85bc
https://vl63.ru/images/94/Image00008.jpg,images/94/Image00008.jpg,63577,fffdb44a84caa0172b392d68a8dc5eba7a27ad67db6b24feb0b82f5de58e2d75
https://vl63.ru/images/94/Image00009.jpg,images/94/Image00009.jpg,46936,8782590366c5868e88adf16c81c0af964f9c798815585eb2f596c512f7a4b380
https://vl63.ru/images/94/Image00010.jpg,images/94/Image00010.jpg,85041,682b81eb82a19590fef56683673aeebcaf3bc8aefc472881f9b33426bf58fb03
https://vl63.ru/images/94/Image00011.jpg,images/94/Image00011.jpg,56909,8ec613c8f5403a34fce97be32882000ebac75a759f68e99843240f4aec3d0796
https://vl63.ru/images/94/Image00012.jpg,images/94/Image00012.jpg,80146,0bcdb79702785dac78e7d0e4593159acae8f4988d32ee2e4a39a336679574def
https://vl63.ru/images/94/Image00013.jpg,images/94/Image00013.jpg,57831,ac87b5ecfbf6e9a828b82b60d7c11fe49435fd1cdbcf49ffafce6bc0b0b7520b
https://vl63.ru/images/94/Image00014.jpg,images/94/Image00014.jpg,55862,7d215a3503035d8ac317be3f62b7bf4ec12cb87658be061ff77c062a7753d15d
https://vl63.ru/images/94/Image00018.jpg,images/94/Image00018.jpg,9267,ed67a4a8631f90695edc82922f295c6b9ab31f7fdfe3ebcd7b34f805cdd2fc4d
https://vl63.ru/images/94/Image00019.jpg,images/94/Image00019.jpg,9551,fd3ae777858e5eaad26a5b164ce5d3437a3c0844059fc8a2906dbf6659e5f719
https://vl63.ru/images/94/Image00020.jpg,images/94/Image00020.jpg,9250,c31e3770e1167f4507444a8289c3dd5e9bf2aa56507cc2ab6a587a787c6cd1de
https://vl63.ru/images/94/Image00021.jpg,images/94/Image00021.jpg,7654,83683c35a004a7750f2eb36cc619caa346247dd00bbb6a07d0a1859f19c3fc4b
https://vl63.ru/images/94/Image00022.jpg,images/94/Image00022.jpg,11355,5a9942803e6004a1d238e8fdba6f54e327d69de1e2eccbf5978b2d98f424765c
https://vl63.ru/images/94/Image00023.jpg,images/94/Image00023.jpg,9513,e9b7f79e983aa589750e28f0e383a76a4bb074fae7844e96958ec27754f74fc7
https://vl63.ru/images/94/Image00024.jpg,images/94/Image00024.jpg,12339,b81301b2b906621b03d2522a9269e679bacf0d62951cae4c4a2f0ccc72294702
https://vl63.ru/images/94/Image00025.jpg,images/94/Image00025.jpg,12743,11e1a383afe8ad1330404fc9b257e9bc05a40498b87b637dba8b5e184b3d2634
https://vl63.ru/images/94/Image00026.jpg,images/94/Image00026.jpg,7310,0dfc12d35ccdb294999d2b0ecf3586a405bb8d74002b85769feeb6b624e74b06
https://vl63.ru/images/94/Image00027.jpg,images/94/Image00027.jpg,7221,59f6f0b42a2433265ab4bfd667856ab6ed02699a3fe16c20efe8e9d343fca6a6
https://vl63.ru/images/94/Image00028.jpg,images/94/Image00028.jpg,8414,b735e3001326c07edc90eee4f7c2baa876ddc548cd9cd1e0bc7fcc86673a5e4d
https://vl63.ru/images/94/Image00029.jpg,images/94/Image00029.jpg,8999,4ee30229baf663828bf3f580aac3f904561eddcbdba84d158d2fe86f767ebc3b
https://vl63.ru/images/94/Image00030.jpg,images/94/Image00030.jpg,6115,65d3de351035df9c352bd350db94c23b7e799a8257e75d73d4e1c466182eac38
https://vl63.ru/images/94/Image00031.jpg,images/94/Image00031.jpg,6965,59b1f7c9b431a0e43c398c0b2537fb38134f536e75770296b42dfe22458143c0
https://vl63.ru/images/95/Image00001.jpg,images/95/Image00001.jpg,94123,f384361455720bce71e6b93de146c2760705350d3d2fc8cc08251b702ebe85bc
https://vl63.ru/images/95/Image00002.jpg,images/95/Image00002.jpg,69946,22d9d11e04b2c780aa955b8b3ee8c5edfce986da1ed9766eec4b2dfe41a4a379
https://vl63.ru/images/95/Image00003.jpg,images/95/Image00003.jpg,83548,569cf70ddb435418615ae5cd48beaa9086513711ebe2fa3eebb4d008ab7335f7
https://vl63.ru/images/95/Image00004.jpg,images/95/Image00004.jpg,63577,fffdb44a84caa0172b392d68a8dc5eba7a27ad67db6b24feb0b82f5de58e2d75
https://vl63.ru/images/95/Image00005.jpg,images/95/Image00005.jpg,72649,463ca07d86250cbbebf880cf88a404516ebcc25e71b0e7f341eb523fe08ae1d3
https://vl63.ru/images/95/Image00006.jpg,images/95/Image00006.jpg,104309,e09a2dc1bfe165923de4e3cb5ce26a067e1c649e6fc44a3e9625577aa7bfbb9f
https://vl63.ru/images/95/Image00007.jpg,images/95/Image00007.jpg,61901,c7629a427aab1c90cc1b0f106a54c6bf5b6415f9f6533b46cadece034a37b699
https://vl63.ru/images/95/Image00008.jpg,images/95/Image00008.jpg,56765,d770c1f99d8831db1e115b44f4302972ff63938d05b796d50698022322763eb6
https://vl63.ru/images/95/Image00009.jpg,images/95/Image00009.jpg,90935,0a40142ca02866e81edb7b61eaac8643e816d7c44e67dae9a95a0544c9f849f0
https://vl63.ru/images/95/Image00010.jpg,images/95/Image00010.jpg,85041,682b81eb82a19590fef56683673aeebcaf3bc8aefc472881f9b33426bf58fb03
https://vl63.ru/images/95/Image00011.jpg,images/95/Image00011.jpg,56909,8ec613c8f5403a34fce97be32882000ebac75a759f68e99843240f4aec3d0796
https://vl63.ru/images/95/Image00012.jpg,images/95/Image00012.jpg,57002,9c78414579071e9669b2cbc735b136cf037ff51f485f7cef431417de605f9715
https://vl63.ru/images/95/Image00013.jpg,images/95/Image00013.jpg,62066,193fae96911e895d3e0dba2d01c7e912e15a2af4a3f36324b5fc79a0b5d4499c
https://vl63.ru/images/95/Image00014.jpg,images/95/Image00014.jpg,62984,74c822394c540d3944e2b2c1fbf1e336041d0dc54343b2e84e8442a350f5a3af
https://vl63.ru/images/95/Image00015.jpg,images/95/Image00015.jpg,54571,51e2e3314bf70d1e7cf4ebfc1a47f4f1d0faa674876210cca0e84bea4db2d00c
https://vl63.ru/images/95/Image00016.jpg,images/95/Image00016.jpg,57831,ac87b5ecfbf6e9a828b82b60d7c11fe49435fd1cdbcf49ffafce6bc0b0b7520b
https://vl63.ru/images/95/Image00017.jpg,images/95/Image00017.jpg,75904,fddee63710841a579be3bac2ede454492a758a257aa614a38e4de7ea3be3790b
https://vl63.ru/images/95/Image00018.jpg,images/95/Image00018.jpg,78077,e35c5469d07899fa913da8c803f9118be5ea893bb55bbcc71aa08b25c053e9e1
https://vl63.ru/images/95/Image00019.jpg,images/95/Image00019.jpg,68145,68a7cb76e8990906e7edd92aba6a84bc8384c7cd4d58c57ddfb7f869a3bbe752
https://vl63.ru/images/95/Image00020.jpg,images/95/Image00020.jpg,71992,544b479a85f5b62e2f475c51e2d26c0e7f92160d7447b2d7501f13859aa19931
https://vl63.ru/images/95/Image00021.jpg,images/95/Image00021.jpg,45592,4d913483f1d42b87e127d0ca31249e1e797f4789a1c9622eb4ca7c36f618f5b6
https://vl63.ru/images/95/Image00022.jpg,images/95/Image00022.jpg,117092,c7bedd965cee394ddb403ffccd9355b582518abe28828db91862b92e88d15f06
https://vl63.ru/images/95/Image00035.jpg,images/95/Image00035.jpg,6862,1936ad061e8bd2bbe42873317b6b5de502a12beacff9c6d35d340a1152c78a12
https://vl63.ru/images/95/Image00036.jpg,images/95/Image00036.jpg,7338,c8b85d0ada5c8a897d975df314a795d448cea72e674b46ba4d089d7708fc5843
https://vl63.ru/images/95/Image00037.jpg,images/95/Image00037.jpg,6348,2cc93221d369579e78814696a70c22ba4fda69b40946df09969c39d71e8e6429
https://vl63.ru/images/95/Image00038.jpg,images/95/Image00038.jpg,21184,b646b3b84f60c60251a8f7d2876f10bbd01d171a931de35b6cea5acb4d1ad88c
https://vl63.ru/images/95/Image00039.jpg,images/95/Image00039.jpg,7654,83683c35a004a7750f2eb36cc619caa346247dd00bbb6a07d0a1859f19c3fc4b
https://vl63.ru/images/95/Image00040.jpg,images/95/Image00040.jpg,13717,bb47dd97abcbc20d0abe0ff316717171b3310125851da5cc6214423b6bf6179c
https://vl63.ru/images/95/Image00041.jpg,images/95/Image00041.jpg,11355,5a9942803e6004a1d238e8fdba6f54e327d69de1e2eccbf5978b2d98f424765c
https://vl63.ru/images/95/Image00042.jpg,images/95/Image00042.jpg,9513,e9b7f79e983aa589750e28f0e383a76a4bb074fae7844e96958ec27754f74fc7
https://vl63.ru/images/95/Image00043.jpg,images/95/Image00043.jpg,12339,b81301b2b906621b03d2522a9269e679bacf0d62951cae4c4a2f0ccc72294702
https://vl63.ru/images/95/Image00044.jpg,images/95/Image00044.jpg,8328,6252d541cdbf2d960998a5b4100476618323af57238902c3e3c634bf7c5cd0c6
https://vl63.ru/images/95/Image00045.jpg,images/95/Image00045.jpg,14293,a065e6e9022f1096fd5e430c2fb94d2897c6519b9c75ee9c3a89ea4d3e459d75
https://vl63.ru/images/95/Image00046.jpg,images/95/Image00046.jpg,12743,11e1a383afe8ad1330404fc9b257e9bc05a40498b87b637dba8b5e184b3d2634
https://vl63.ru/images/95/Image00047.jpg,images/95/Image00047.jpg,23057,df9c8e31fa04a8591549557f0ae47b0cce59ee69c572a0be60f62af18be5e5d4
https://vl63.ru/images/95/Image00048.jpg,images/95/Image00048.jpg,26436,5db7430468ce19658733505c27ef1f2440202724248df7b828e0e7d97c805016
https://vl63.ru/images/95/Image00049.jpg,images/95/Image00049.jpg,18437,fc0c85c95aee4f2e941ac7b8ff19bf6578ffdbb2b5e5ce2bcbdbafd6361ef37b
https://vl63.ru/images/95/Image00050.jpg,images/95/Image00050.jpg,10100,9c1ac7bdca5e3f0190a57c3f3a31480248a0f8595f5719bd92a4432cae6f85ff
https://vl63.ru/images/95/Image00051.jpg,images/95/Image00051.jpg,18492,9d142f7072bc213324fa58f6e4c91238fac21a1cbfd42fd767ff9a0f46340d6f
https://vl63.ru/images/95/Image00052.jpg,images/95/Image00052.jpg,7221,59f6f0b42a2433265ab4bfd667856ab6ed02699a3fe16c20efe8e9d343fca6a6
https://vl63.ru/images/95/Image00053.jpg,images/95/Image00053.jpg,8414,b735e3001326c07edc90eee4f7c2baa876ddc548cd9cd1e0bc7fcc86673a5e4d
https://vl63.ru/images/95/Image00054.jpg,images/95/Image00054.jpg,8016,1c36c4a806eedfce452fc1824b2b683bf8bd2d366a6e39d5639328f65a80ab3c
https://vl63.ru/images/95/Image00055.jpg,images/95/Image00055.jpg,8692,a00feefb443629850a37f85a9d6d642f81d72526e613059cceb284366be8ed8b
https://vl63.ru/images/95/Image00056.jpg,images/95/Image00056.jpg,9621,02302056ba0997736b7a3640702cfc59c2326a7f9840518d5c5bf90e67c369c8
https://vl63.ru/images/95/Image00057.jpg,images/95/Image00057.jpg,8315,d1b214046c0130b55bec48872ea0d0d30b9d0829ef824ff478629605a33856ae
https://vl63.ru/images/95/Image00058.jpg,images/95/Image00058.jpg,6115,65d3de351035df9c352bd350db94c23b7e799a8257e75d73d4e1c466182eac38
https://vl63.ru/images/96/Image00001.jpg,images/96/Image00001.jpg,79001,15a2534112fed0abf2595f72966b7c00c119d5ada645c2e1d8c921613be8704d
https://vl63.ru/images/96/Image00002.jpg,images/96/Image00002.jpg,72666,296cae448c51f4e8e83a933302a9326bce528ecef3ab6d5a5a8ef9ccc1a633aa
https://vl63.ru/images/96/Image00003.jpg,images/96/Image00003.jpg,99764,3dbd6c5f130a605ebb39aaa0340fae54288ae1637f0aee9961dc11b0e0e13c27
https://vl63.ru/images/96/Image00004.jpg,images/96/Image00004.jpg,86272,d4fe0c0e5036f9ff5cabccc2e9c50d9ffafeec3c88372527d1756b994c888e96
https://vl63.ru/images/96/Image00005.jpg,images/96/Image00005.jpg,67432,a2b04b222395694d5251772ab13db9af45563702113be546d112d8a81526791a
https://vl63.ru/images/96/Image00006.jpg,images/96/Image00006.jpg,40401,6959752140dfca9761a8466289ba84901ac6128ddef471ccc31b864d9a50feb1
https://vl63.ru/images/96/Image00007.jpg,images/96/Image00007.jpg,57002,9c78414579071e9669b2cbc735b136cf037ff51f485f7cef431417de605f9715
https://vl63.ru/images/96/Image00008.jpg,images/96/Image00008.jpg,62066,193fae96911e895d3e0dba2d01c7e912e15a2af4a3f36324b5fc79a0b5d4499c
https://vl63.ru/images/96/Image00009.jpg,images/96/Image00009.jpg,62984,74c822394c540d3944e2b2c1fbf1e336041d0dc54343b2e84e8442a350f5a3af
https://vl63.ru/images/96/Image00010.jpg,images/96/Image00010.jpg,54571,51e2e3314bf70d1e7cf4ebfc1a47f4f1d0faa674876210cca0e84bea4db2d00c
https://vl63.ru/images/96/Image00011.jpg,images/96/Image00011.jpg,57831,ac87b5ecfbf6e9a828b82b60d7c11fe49435fd1cdbcf49ffafce6bc0b0b7520b
https://vl63.ru/images/96/Image00012.jpg,images/96/Image00012.jpg,86272,d4fe0c0e5036f9ff5cabccc2e9c50d9ffafeec3c88372527d1756b994c888e96
https://vl63.ru/images/96/Image00013.jpg,images/96/Image00013.jpg,65268,a041b915473496f5ec8e1919bf2dac29e365c9f22af28a7e853b5c54c21d2781
https://vl63.ru/images/96/Image00014.jpg,images/96/Image00014.jpg,55862,7d215a3503035d8ac317be3f62b7bf4ec12cb87658be061ff77c062a7753d15d
https://vl63.ru/images/96/Image00015.jpg,images/96/Image00015.jpg,137070,30bfbad77d3c536fe9956f04218195857783b7d70e50ec44d8726ad603338584
https://vl63.ru/images/96/Image00016.jpg,images/96/Image00016.jpg,112635,733f8892b826d8d496229d257e4fa46d58eb8200ec7824ce92bd4da10757467e
https://vl63.ru/images/96/Image00017.jpg,images/96/Image00017.jpg,71742,1299c8b511aff4a6a50a413a7abda7f905c6208948818d576607386e6496d660
https://vl63.ru/images/96/Image00018.jpg,images/96/Image00018.jpg,15025,b4a89167c9db7ab885e55bdabdb8e6edfdc02b2251dd85c29b24a3da966dad05
https://vl63.ru/images/96/Image00019.jpg,images/96/Image00019.jpg,9250,c31e3770e1167f4507444a8289c3dd5e9bf2aa56507cc2ab6a587a787c6cd1de
https://vl63.ru/images/96/Image00020.jpg,images/96/Image00020.jpg,13671,eb221bd267ebdf28e04fdc5b5122f94ee2b5481aceb51bf884a9bea19ef54d4c
https://vl63.ru/images/96/Image00021.jpg,images/96/Image00021.jpg,10749,cac9a2b98b16397a53440c69ea00da89a10b78641da1118711ebb6981b774716
https://vl63.ru/images/96/Image00022.jpg,images/96/Image00022.jpg,7602,2d97c6b740db08db078aa90183c70a72a34c8571ed38e7040400addea482220b
https://vl63.ru/images/96/Image00023.jpg,images/96/Image00023.jpg,7705,0912418f4cf967066c6234c04eaac1af0a2e316d8f600666242145f0a5d4a46b
https://vl63.ru/images/96/Image00024.jpg,images/96/Image00024.jpg,8016,1c36c4a806eedfce452fc1824b2b683bf8bd2d366a6e39d5639328f65a80ab3c
https://vl63.ru/images/96/Image00025.jpg,images/96/Image00025.jpg,8692,a00feefb443629850a37f85a9d6d642f81d72526e613059cceb284366be8ed8b
https://vl63.ru/images/96/Image00026.jpg,images/96/Image00026.jpg,9621,02302056ba0997736b7a3640702cfc59c2326a7f9840518d5c5bf90e67c369c8
https://vl63.ru/images/96/Image00027.jpg,images/96/Image00027.jpg,8315,d1b214046c0130b55bec48872ea0d0d30b9d0829ef824ff478629605a33856ae
https://vl63.ru/images/96/Image00028.jpg,images/96/Image00028.jpg,6115,65d3de351035df9c352bd350db94c23b7e799a8257e75d73d4e1c466182eac38
https://vl63.ru/images/96/Image00029.jpg,images/96/Image00029.jpg,10749,cac9a2b98b16397a53440c69ea00da89a10b78641da1118711ebb6981b774716
https://vl63.ru/images/96/Image00030.jpg,images/96/Image00030.jpg,9259,eec6621ace043fb193e3f65acff0c47a96c9c7bc3749f33c2204937274fefca0
https://vl63.ru/images/96/Image00031.jpg,images/96/Image00031.jpg,6965,59b1f7c9b431a0e43c398c0b2537fb38134f536e75770296b42dfe22458143c0
https://vl63.ru/images/96/Image00032.jpg,images/96/Image00032.jpg,14931,de75a792519e9c6355e57f187c9dc18d5b9ef922bfdbe9bb2b1629e1373dd12f
https://vl63.ru/images/96/Image00033.jpg,images/96/Image00033.jpg,11940,063b613c4e34ed127edfa006710c37c20e37814c1ff1c87fe20a037c3d79881b
https://vl63.ru/images/96/Image00034.jpg,images/96/Image00034.jpg,8955,5467ec3df3c4308bf165b5f455835d5f8cbfeeda223956bc1d4cb1017aa42413
https://vl63.ru/images/97/Image00001.jpg,images/97/Image00001.jpg,72666,296cae448c51f4e8e83a933302a9326bce528ecef3ab6d5a5a8ef9ccc1a633aa
https://vl63.ru/images/97/Image00002.jpg,images/97/Image00002.jpg,71327,58edc8551fff36a4c1443a56c0594510563cf5d59bfc286892f7d4a2cef978b4
https://vl63.ru/images/97/Image00003.jpg,images/97/Image00003.jpg,107875,d98bfb7527b665888280aad51d58f3b5c4a0f61c8da70082e00febd01cfdee2f
https://vl63.ru/images/97/Image00004.jpg,images/97/Image00004.jpg,107952,33883552530a5fd77dee1ed4831d76b71595e80b0a0e6b360aa1a0913d170844
https://vl63.ru/images/97/Image00005.JPG,images/97/Image00005.JPG,59363,fde6ea4144ee9d27a52259276d556c83dc334e927e8449bda2ae030f47ee00d3
https://vl63.ru/images/97/Image00018.jpg,images/97/Image00018.jpg,9250,c31e3770e1167f4507444a8289c3dd5e9bf2aa56507cc2ab6a587a787c6cd1de
https://vl63.ru/images/97/Image00019.jpg,images/97/Image00019.jpg,6523,060c8a0030910ba125f031a2ccb9a930fb630a046577ecc017902d444d7b51f6
https://vl63.ru/images/97/Image00020.jpg,images/97/Image00020.jpg,11147,3764031485be9f2b6265c39fa28e65f1abfe02e6ef527ea917ab3a6e0013d1c7
https://vl63.ru/images/97/Image00021.jpg,images/97/Image00021.jpg,11854,242ee558dd082709bfe0c55d2670c6e81bd059613bbc163ce7545b0eeb3060dd
https://vl63.ru/images/97/Image00022.jpg,images/97/Image00022.jpg,7484,89997f022d1603fff2d4773a82da3f38f160c2c2eee49ddf88e7a7c6179296bf
https://vl63.ru/images/97/natjazhnoj-potolok-arka-bassejn-1.jpg,images/97/natjazhnoj-potolok-arka-bassejn-1.jpg,12750,ca2b4402b605d94e81bcfcbbcae93b6251d6b48d5aa458df2dd169daa9ba9e6b
https://vl63.ru/images/97/natjazhnoj-potolok-arka-bassejn.JPEG,images/97/natjazhnoj-potolok-arka-bassejn.JPEG,105542,3aa17a1bedf6d2db8481d2025df8b3548ddb62c10400ceda11f4a701a1e1accf
https://vl63.ru/images/97/natjazhnoj-potolok-arka-v-bassejne-1.jpg,images/97/natjazhnoj-potolok-arka-v-bassejne-1.jpg,17419,f1ece10ce079c952a7f818f5a8fe8f3cd2164b89dbc44568b3f9de4bc6414804
https://vl63.ru/images/97/natjazhnoj-potolok-arka-v-bassejne.jpg,images/97/natjazhnoj-potolok-arka-v-bassejne.jpg,69917,a3a651eda9fac273cfe90c533fd350a5294931a128028a3e8112b4e7bc4f654d
https://vl63.ru/images/97/natjazhnoj-potolok-arkoj-1.jpg,images/97/natjazhnoj-potolok-arkoj-1.jpg,12708,00c61c0042ec38e4a3cee48b4e76239e1d02805caeeba887101f83f69782cfb5
https://vl63.ru/images/97/natjazhnoj-potolok-arkoj-v-bassejne-1.jpg,images/97/natjazhnoj-potolok-arkoj-v-bassejne-1.jpg,12292,233940cee0f0b144fb894cfc28f9bfbe15234fc29e01476dc7efbf6e2bc3b678
https://vl63.ru/images/97/natjazhnoj-potolok-arkoj-v-bassejne.jpg,images/97/natjazhnoj-potolok-arkoj-v-bassejne.jpg,419882,a52f1c032d9edeb38ddb373d626c39af0674d8a838bbea52b93221b2a6d51b98
https://vl63.ru/images/97/natjazhnoj-potolok-arkoj.jpg,images/97/natjazhnoj-potolok-arkoj.jpg,285942,80f92f88f9b249f0a5ad1c91c019a48bede15581c62ad0a8945af4888d91f572
https://vl63.ru/images/98/Image00001.jpg,images/98/Image00001.jpg,88759,729bb8bc3924a3961f3111233f3e5c72a1a5ef048e73601ded5929636aa46d23
https://vl63.ru/images/98/Image00002.jpg,images/98/Image00002.jpg,97088,bd00e96112d2511c4b0141e947f6f5ab403a145c0e0af1589cf6a0c6c76b5e2c
https://vl63.ru/images/98/Image00003.jpg,images/98/Image00003.jpg,94174,3fa41006b59d3b3b9cc82a0c855078179c7b67a6977b7a1970866621061df6b3
https://vl63.ru/images/98/Image00004.jpg,images/98/Image00004.jpg,78128,cc24d6f219aab9c3ea490503c54e42809109c791ba8fcf9601958a6f37e47158
https://vl63.ru/images/98/Image00005.jpg,images/98/Image00005.jpg,63804,694d00efcdc97fe6098be1ed9a7eff6ab7dcadd3a173e658aa42121d6d7a950a
https://vl63.ru/images/98/Image00006.jpg,images/98/Image00006.jpg,81333,08a0b85e1c19b9c3003060973a96c26030dc70e3738eb33afd9cb10f0865564b
https://vl63.ru/images/98/Image00007.jpg,images/98/Image00007.jpg,66225,33c9cb0dacc46f670d7d7144b7fee2ebb2de48b7a8d7eb7bcabcb28c72db2b65
https://vl63.ru/images/98/Image00008.jpg,images/98/Image00008.jpg,85356,07a30b15d2f56944deda9e2a1f4c7fccdaeaf05fdea28c1ff66564b579c9922b
https://vl63.ru/images/98/Image00009.jpg,images/98/Image00009.jpg,124620,cc1d5cd6d0db0e9f9ae46013d5784231aabc76749040ceeb330aef91261e756b
https://vl63.ru/images/98/Image00010.jpg,images/98/Image00010.jpg,61849,3398b17477c2fc49db5a0c83153af9d3f8261ddb7a90aefcacf0eedcacc332f1
https://vl63.ru/images/98/Image00011.jpg,images/98/Image00011.jpg,62486,39285e1a1430837cbeab7ef4208abaafd5e5e0fbe4e2f98bbd6d3ac472b0dfe6
https://vl63.ru/images/98/Image00012.jpg,images/98/Image00012.jpg,109528,ef8575a58454731043501c381217d84b11b5dabe32cc7218e52290b0e53b7663
https://vl63.ru/images/98/Image00013.jpg,images/98/Image00013.jpg,107639,7f43440c0587ca01dbd7a0656f9a6b62f4744a72226f379c0c5034cfe090b543
https://vl63.ru/images/98/Image00014.jpg,images/98/Image00014.jpg,79585,d72ffe8bf9551bffcf4dadaef1ceaa6039dd461e2fe155417020491855e95676
https://vl63.ru/images/98/Image00015.jpg,images/98/Image00015.jpg,88644,439d79c8b24088a87c9f4e2fea4f2cb52619cad53a33f4c7711fa60e5ba310e4
https://vl63.ru/images/98/Image00016.jpg,images/98/Image00016.jpg,92392,c585edf872361c78fc2b91e4465822845fb3d654772f0748aef3cc542b7a678f
https://vl63.ru/images/98/Image00017.jpg,images/98/Image00017.jpg,71809,e3e9cfaf3105210631f883f725a5d57d0d17769245f81ed79d45b53b0505ec32
https://vl63.ru/images/98/Image00018.jpg,images/98/Image00018.jpg,68010,eb561c8bd43a5cc111eb541f6934952a1fa9e5f3dacc4877299de51385ce9a32
https://vl63.ru/images/98/Image00019.jpg,images/98/Image00019.jpg,99883,fc7c4fe28d5e23bca7cd6507209521cfb004de27907db56197893b253380671a
https://vl63.ru/images/98/Image00020.jpg,images/98/Image00020.jpg,87939,30e77537017cad13884c133c05d440f7a6ef570a9f03e1fc158138fd1fe114f9
https://vl63.ru/images/98/Image00021.jpg,images/98/Image00021.jpg,124399,da9b22f5c19809237724c18d0fdb44b6f485d259638cdd0a023b3867359b93ab
https://vl63.ru/images/98/Image00022.jpg,images/98/Image00022.jpg,102428,7e1a4c0ea44b87e29f6714bf399102eb047a228b9f075ae96a1d830d46c5f72d
https://vl63.ru/images/98/Image00035.jpg,images/98/Image00035.jpg,26129,a3a9abb2eff064c1806d13a28f8ee476b6867eb04f3de0da2cee0b27af70d02a
https://vl63.ru/images/98/Image00036.jpg,images/98/Image00036.jpg,23606,d688f30039a00d3940046bcd36d5bea8e1af65348323445d142486e4fd2b8eee
https://vl63.ru/images/98/Image00037.jpg,images/98/Image00037.jpg,25602,b26724b9908803cfc82a524e278e0d3f809c63a5ce397b865663febc5dd8e5aa
https://vl63.ru/images/98/Image00038.jpg,images/98/Image00038.jpg,16658,4b5b88efeeb1db6ce8273b1bd253d2aa3c6b64fb1a92c5b2e7df9261ed6a34dc
https://vl63.ru/images/98/Image00039.jpg,images/98/Image00039.jpg,16238,c84eb593aaf13ccc5f598cb8bec7a9b1f2eb0d65669e95018bc930a77261bc4e
https://vl63.ru/images/98/Image00040.jpg,images/98/Image00040.jpg,9676,61b73d8b4a8d5b845e25dd901d852d160801b69b629fe3ef17ae9a4be933c679
https://vl63.ru/images/98/Image00041.jpg,images/98/Image00041.jpg,7954,75421ab7993c10dbb4bbff486660d609f5914f698207a7f391a30a6cbb5130d0
https://vl63.ru/images/98/Image00042.jpg,images/98/Image00042.jpg,23245,276bfcf491d15df653469a64c63354c41ac5fb3b3916d32f106ca0e6a4a927dd
https://vl63.ru/images/98/Image00043.jpg,images/98/Image00043.jpg,26275,02dae076729ff6b228f49b2d5ff39754b9f17617203cf8d7658ee7f86aa1c4fd
https://vl63.ru/images/98/Image00044.jpg,images/98/Image00044.jpg,20734,1769a577f7830617dcdf0faabd27b087d73ea073ca32e963fc54fad06d0e1e5e
https://vl63.ru/images/98/Image00045.jpg,images/98/Image00045.jpg,6517,63265c01519c6ed638feee3ac41c0973ff5e6606ad50f288b1ae488744048e2e
https://vl63.ru/images/98/Image00046.jpg,images/98/Image00046.jpg,28169,e985852646ec2345525f1acad3e1fa17e5a3942c9056b3768c00b68bdd7f9951
https://vl63.ru/images/98/Image00047.jpg,images/98/Image00047.jpg,28150,ef879f35f50b55fdef00c1d848d752b6d368bf0eb60ea59a652cb08b52b89623
https://vl63.ru/images/98/Image00048.jpg,images/98/Image00048.jpg,25874,e77c3c6b0057ec64e938feb5c53ab84912bad2c3f9c965f7479e2e2d4d0fbd12
https://vl63.ru/images/98/Image00049.jpg,images/98/Image00049.jpg,25206,0c4fd816f29f23dfef3b0344cecd6e65b598063e72f90b438ec547ddd6ddf322
https://vl63.ru/images/98/Image00050.jpg,images/98/Image00050.jpg,28080,4902d55f4b5a0395fee4a6846bc40bc8cac82f47f66e6fc1f0787d78c3c47d09
https://vl63.ru/images/98/Image00051.jpg,images/98/Image00051.jpg,24642,86adc1dc8050c7d1fb98f8ebd429da75687989968cc44df31d8cf4fcb597cadc
https://vl63.ru/images/98/Image00052.jpg,images/98/Image00052.jpg,19245,4439fd9ef4b345981c81770e7d0f41276a1ef5ccd702f7dc3b0d81118181381e
https://vl63.ru/images/98/Image00053.jpg,images/98/Image00053.jpg,29434,20f6efffed17c2cb4a7f822733450f192a3df533847b6662a9e9cd6ee4b8b250
https://vl63.ru/images/98/Image00054.jpg,images/98/Image00054.jpg,27012,3640c77c683a8d8ac7b2f3416299aae0511aec7bb1068355f4ee3641d5fd9186
https://vl63.ru/images/98/Image00055.jpg,images/98/Image00055.jpg,33047,8ec092460ecad1d3bac444566200e42567306633aa30f8166f61c94e8690779f
https://vl63.ru/images/98/Image00056.jpg,images/98/Image00056.jpg,26751,c6567fa7b6e084e8e642259b74f2d0a035997bd92dea244b7da5c3e297aaa0c3
https://vl63.ru/images/98/Image00057.jpg,images/98/Image00057.jpg,8771,6f101591703ad6153c6d1edf2128f86daf75b216a9a312ada4035096f4d01940
https://vl63.ru/images/99/Image00001.jpg,images/99/Image00001.jpg,100229,a35a0cda6cf620951a65b7eef6f495b96408f22e1f6a6e23441733b5a562ab6c
https://vl63.ru/images/99/Image00002.jpg,images/99/Image00002.jpg,72606,5ad357392ad696ca4130ff9fc315067b58125907012e703145c4778559d704fa
https://vl63.ru/images/99/Image00003.jpg,images/99/Image00003.jpg,92855,32be3ba65d508060f89b91c63ef8f9511195fb1017c78f25901b26870d88fc4c
https://vl63.ru/images/99/Image00004.jpg,images/99/Image00004.jpg,97958,4cab77e7c3e96fe1a411343e1bd93d1184f4050cce55bf6e248c70c550fc1f6c
https://vl63.ru/images/99/Image00005.jpg,images/99/Image00005.jpg,99376,d3cca023c00c250772ac179d0b18b3f064eee6fdb2da3d79e576624353821cf1
https://vl63.ru/images/99/Image00006.jpg,images/99/Image00006.jpg,93216,cfe0a66c533269c4656416d0bdd77084365927541a925c51f27d9e385eb9865b
https://vl63.ru/images/99/Image00007.jpg,images/99/Image00007.jpg,51654,520871751468b28562d9ab1a913b3e750570b54824b9b1ebc682b3b3e0fa64fa
https://vl63.ru/images/99/Image00008.jpg,images/99/Image00008.jpg,84353,b15046a6a6195ea1fb48a556a6777d37a4e69118777f0e74bbca731c893060c4
https://vl63.ru/images/99/Image00009.jpg,images/99/Image00009.jpg,47925,4539d5b8ce18fb4a2890b30c5918c61efe3e3c8c48ed91e3d2bb56e7193acbb7
https://vl63.ru/images/99/Image00010.jpg,images/99/Image00010.jpg,41426,4df6fbd5129da546db0982f3ba6f67f7a5242b794e7b33fb816ac7e44521681f
https://vl63.ru/images/99/Image00011.jpg,images/99/Image00011.jpg,79004,e1cde3fadaac420fb965447667b30868ab9d6ea0cc101ad6d60c6849b48d361d
https://vl63.ru/images/99/Image00012.jpg,images/99/Image00012.jpg,91546,b103a3fbfa9472a10b9b3e7ced084acc17c67e786918a5c679ffecc23bdafb16
https://vl63.ru/images/99/Image00018.jpg,images/99/Image00018.jpg,20663,f0954883de3d76d9d1ae04d16de8c093e3e92dce69863e0f81293a2e97e4bcfa
https://vl63.ru/images/99/Image00019.jpg,images/99/Image00019.jpg,7160,f8a04a6705bd329e16686c150e25db77894dd1ba5a29e2b741cde4b66c3cca72
https://vl63.ru/images/99/Image00020.jpg,images/99/Image00020.jpg,20870,2eb4bf4cf94062185f2aea9b691c409d4a560e3b6aa1b2016a93e957300490ba
https://vl63.ru/images/99/Image00021.jpg,images/99/Image00021.jpg,26212,66a7d1b982ee029c853be9376eeeca71fd0654436888ef165278cbf25e9c0e83
https://vl63.ru/images/99/Image00022.jpg,images/99/Image00022.jpg,29099,477011a5dfca5ce47f557b79995152b5c3bea370d226e48a4cbdbd3b3e94d372
https://vl63.ru/images/99/Image00023.jpg,images/99/Image00023.jpg,27400,7d975732f1a904623f11005debe142e7c7c1472fca4dfb9a864c6cc148d48a84
https://vl63.ru/images/99/Image00024.jpg,images/99/Image00024.jpg,5293,3b8bccebf9d97b24a5126fdbebda8861921c589bf1883852cb9ef9a814904380
https://vl63.ru/images/99/Image00025.jpg,images/99/Image00025.jpg,9457,31f41686649deac2bf6339713c51c0e4196f6e18b80420c6f45b3b9f13b6d0c6
https://vl63.ru/images/99/Image00026.jpg,images/99/Image00026.jpg,6109,ce4904bcdf675b62081a8b863141d77d2f538681bfa0b8a5dd562303538a24d4
https://vl63.ru/images/99/Image00027.jpg,images/99/Image00027.jpg,8215,12249e920a55a7112f824cb91da176b831909e295e6731ac2eef574588215999
https://vl63.ru/images/99/Image00028.jpg,images/99/Image00028.jpg,9861,ba93d46fef5e9c6fd2c05e06ce8b5dd019e65fb412a12877bb1e52481f1b1878
https://vl63.ru/images/99/Image00029.jpg,images/99/Image00029.jpg,9958,cfa8147c2a09aa55af7f7ef694ef75307449bf7c59e8a7e5bdba076781eef57d
https://vl63.ru/images/GX70/GX70_alter_ego.JPG,images/GX70/GX70_alter_ego.JPG,2121279,0410f5820cd609f238c5ab130c82e4448693d2d471eeaac634d2d81a6061a853
https://vl63.ru/images/GX70/GX70_bassein.JPG,images/GX70/GX70_bassein.JPG,3259510,9f07e9a365119dbc5470f62695843708682a87b456f5fa02ef0458145f8c8170
https://vl63.ru/images/GX70/GX70_goluboi_lak.JPG,images/GX70/GX70_goluboi_lak.JPG,3114374,52a1a5f77bd6bdb5120261bfca34ece97fbf9fb64715d74af1aa64637808dc60
https://vl63.ru/images/GX70/GX70_hrom.JPG,images/GX70/GX70_hrom.JPG,1879378,9249b7e5594588ca7f7601207c21528a0479797398e1c3754bb2d5b6cbb71947
https://vl63.ru/images/GX70/GX70_v_koridore.JPG,images/GX70/GX70_v_koridore.JPG,1739360,67c6bb0e2ec603c97cdc29a3d74ea51a677442236f20a90f2519dddcf8f0f2a8
https://vl63.ru/images/GX70/GX70_v_offise.JPG,images/GX70/GX70_v_offise.JPG,2880525,2aaf478c6b6110940afda99e4256014e9781ed49096e4cb049cd9c6f352b547f
https://vl63.ru/images/Houzz.png,images/Houzz.png,71028,27744f964bf456a8974bd4ab6f3ddf54d244af319e9e059ca0f7801b5571d53c
https://vl63.ru/images/IMG_6419.JPG,images/IMG_6419.JPG,194499,989bd5648648c0e597f5589fd626f5f4c036345ee6412bdeae5bd957f376b43c
https://vl63.ru/images/Iktwit3.png,images/Iktwit3.png,1881,8ebc266d19fd531b61333a1f5e359b62e04d36a06d3ff843671e93bdf9959569
https://vl63.ru/images/Lada-dom.JPG,images/Lada-dom.JPG,148901,98dc781d642be24a3569267ed66d1f6555024a31fdd276f17f95b886021936c8
https://vl63.ru/images/aluminievyj-profil-uglovoj-s-faskoj/Orangevij_potolok_v_sanuzle.JPG,images/aluminievyj-profil-uglovoj-s-faskoj/Orangevij_potolok_v_sanuzle.JPG,174847,eec9bff1bd1855a4f86cbc3a8c68b772ccab3baee0f9956def9b761ff26e7766
https://vl63.ru/images/aluminievyj-profil-uglovoj-s-faskoj/alum_karniz_bez_osnov_sveta.JPG,images/aluminievyj-profil-uglovoj-s-faskoj/alum_karniz_bez_osnov_sveta.JPG,81813,5e199eb782f3431aef79fe434d58b16462c0b392feb48dfff525e27aa4bdf07f
https://vl63.ru/images/aluminievyj-profil-uglovoj-s-faskoj/alum_karniz_vikluchen.JPG,images/aluminievyj-profil-uglovoj-s-faskoj/alum_karniz_vikluchen.JPG,56457,9ed12d3755a1a707b849ce8b97c67cb8efeb84629b7e65d4ceb9f52c56938a24
https://vl63.ru/images/aluminievyj-profil-uglovoj-s-faskoj/alum_plintus_dlja_podsvetki_po_perimetru.JPG,images/aluminievyj-profil-uglovoj-s-faskoj/alum_plintus_dlja_podsvetki_po_perimetru.JPG,144891,31e84bf87c6461ecbba0d30f8fe7cbad66d60f65b6cfe5922bf8c7131e43831d
https://vl63.ru/images/aluminievyj-profil-uglovoj-s-faskoj/aluminievyj_karniz_bathroom.JPG,images/aluminievyj-profil-uglovoj-s-faskoj/aluminievyj_karniz_bathroom.JPG,89617,8c3448dc7ea3ea70fdf1da85f28ba67d37266f9041c90f3a6c9e25bfe45b6d02
https://vl63.ru/images/aluminievyj-profil-uglovoj-s-faskoj/perimetr_potolka_podsvetka.JPG,images/aluminievyj-profil-uglovoj-s-faskoj/perimetr_potolka_podsvetka.JPG,168154,950d3c626c7df9d20649a79515971ab4da745d6446ac82884af353f7a00ffb0c
https://vl63.ru/images/aluminievyj-profil-uglovoj-s-faskoj/podsvetka_natjazhnogo_potolka_v_vannoi.JPG,images/aluminievyj-profil-uglovoj-s-faskoj/podsvetka_natjazhnogo_potolka_v_vannoi.JPG,83450,54b4591eef177076b0add2be2812aad1b83af008ea5342c0fec54cbf1a02e8d1
https://vl63.ru/images/aluminievyj-profil-uglovoj-s-faskoj/podsvetka_po_perimetru_zebra.JPG,images/aluminievyj-profil-uglovoj-s-faskoj/podsvetka_po_perimetru_zebra.JPG,154592,a9f5f5abf52099b1cdba8464d26fe7e1b3f067eefa5c6b3c10252f20c83a0aa5
https://vl63.ru/images/b1.jpg,images/b1.jpg,111839,fa12f7e13e41d0e6ceea22805cad28bf4af353e2ee3ebd517beec8e6c5eac5d1
https://vl63.ru/images/banners/10.jpg,images/banners/10.jpg,36411,b935db237df515658bb1988e2f4f3a59b65fa43c2008ff6b6fcca511661ca078
https://vl63.ru/images/banners/11.jpg,images/banners/11.jpg,35451,c2962d3d3e8c5cd606589d3add77a920a0ac07621fc25551c1ba552204a062b6
https://vl63.ru/images/banners/13.jpg,images/banners/13.jpg,15585,eccd1fc92045c6eb31597e68c5c0f86f614f28e1fd5f37e552efc99e671f2392
https://vl63.ru/images/banners/15.jpg,images/banners/15.jpg,33352,7402aec7580c6ad8e0c4d2db0a6f2e899e6e672ab618de68d9fd5902c5e0155e
https://vl63.ru/images/banners/matoviy.jpg,images/banners/matoviy.jpg,92515,853ad61476c29dd2b3e22c5e9bb394d701c368feb7368b8f83becf4a287dcf7d
https://vl63.ru/images/banners/satinoviy.jpg,images/banners/satinoviy.jpg,104214,f82ffb69352ca7e00da412940b2d4c083e2855ea02a5be7745515184786c1d34
https://vl63.ru/images/barrisol/litsevaja-oblozhka-kataloga-plenki-barrisol.jpg,images/barrisol/litsevaja-oblozhka-kataloga-plenki-barrisol.jpg,97529,f615c1cdc00fb32c027c906382c8e9b0b407336009fa4daa9481a6f24472aebd
https://vl63.ru/images/barrisol/moshkara-na-svetjasheysja-plenke-svetovogo-potolka.JPG,images/barrisol/moshkara-na-svetjasheysja-plenke-svetovogo-potolka.JPG,36654,de60ab147348ee993f31d670367de600e3719b9045fd4deb6064aeba464e2a84
https://vl63.ru/images/barrisol/zadnjaja-oblozhka-kataloga-plenki-barrisol.jpg,images/barrisol/zadnjaja-oblozhka-kataloga-plenki-barrisol.jpg,107698,393333f5806beae3e01dc9ab4b56f4ef319ddb88a2d616d7a631219135cb8675
https://vl63.ru/images/basseini.jpg,images/basseini.jpg,23726,81c29c497963f0dae1df86862189e07cee6db2e6a7bc5f3738a195d4544afb42
https://vl63.ru/images/chasy-795263887-shutterstock/chertezh-zakaza-fotopechati-na-natjazhnoj-potolok.jpg,images/chasy-795263887-shutterstock/chertezh-zakaza-fotopechati-na-natjazhnoj-potolok.jpg,765783,7fbc97a159ac2e3f698fa83def42aa41acd034f14cb96ca43ce89cb0afba21fd
https://vl63.ru/images/chasy-795263887-shutterstock/fotopechat-chasov-na-natjazhnom-potolke-s-lustroj-poseredine.jpg,images/chasy-795263887-shutterstock/fotopechat-chasov-na-natjazhnom-potolke-s-lustroj-poseredine.jpg,139669,df2705ecd1032bc681720c4c5414b290f380f29c7b58b8721a69550c6af75a12
https://vl63.ru/images/chasy-795263887-shutterstock/izobrazhenie-chasov-795263887-iz-shutterstock-na-potolok.jpg,images/chasy-795263887-shutterstock/izobrazhenie-chasov-795263887-iz-shutterstock-na-potolok.jpg,90392,e0cb4b0a340e6b5e496d49ff1046a8f2df07b5a1d2914ebd850685b478f32a68
https://vl63.ru/images/chasy-795263887-shutterstock/kuhnja-v-5-etazhke-s-krasivym-natjazhnym-potolkom-s-artpechatju.jpg,images/chasy-795263887-shutterstock/kuhnja-v-5-etazhke-s-krasivym-natjazhnym-potolkom-s-artpechatju.jpg,136015,3438466d480c3a7ab7518d83b4c46f12a688b4fa9d3b0b64a87a73b52579ad58
https://vl63.ru/images/chasy-795263887-shutterstock/na-kuhne-natjaznoj-potolok-s-kartinkoj-chasov.jpg,images/chasy-795263887-shutterstock/na-kuhne-natjaznoj-potolok-s-kartinkoj-chasov.jpg,122969,1e44eee3cf7c84b897549726dd2e3e9787a8224a69e65c99adf1e764f424370d
https://vl63.ru/images/cherdachnaja-lestnitsa/kryshka-luka-obtjanuta-plenkoj.jpg,images/cherdachnaja-lestnitsa/kryshka-luka-obtjanuta-plenkoj.jpg,155791,be812ce392fbe48e73df2a3e68841a171cef25ead3c0b0c3f80334c9ab818eb3
https://vl63.ru/images/cherdachnaja-lestnitsa/natagnoj-potolok-s-lestnitsej-fakro.jpg,images/cherdachnaja-lestnitsa/natagnoj-potolok-s-lestnitsej-fakro.jpg,91788,3df6db1135f87f874f24c385835deb5dedd04c5a4befe0c830ea54ae02ac19c6
https://vl63.ru/images/cherdachnaja-lestnitsa/neokrashennyj-luk.jpg,images/cherdachnaja-lestnitsa/neokrashennyj-luk.jpg,253242,474710338487659ba4f6c82e0e86e4d988d59996056718af64b6ffa1a39b1a27
https://vl63.ru/images/cherdachnaja-lestnitsa/okrashennyj-luk.jpg,images/cherdachnaja-lestnitsa/okrashennyj-luk.jpg,44858,a79883d8e18d84b3c7b99f3b6d88068fde877b57323a4c9d66f145f5c79ace21
https://vl63.ru/images/cherno-belaja-kuhnja/dizain-kuhni-v-cherno-belyh-tsvetah.jpg,images/cherno-belaja-kuhnja/dizain-kuhni-v-cherno-belyh-tsvetah.jpg,156497,6ebd2d075b8406ef4a55d3616091d368848438d9df8a91c4c3574a185aee829c
https://vl63.ru/images/cherno-belaja-kuhnja/foto-chernogo-lakovogo-natjazhnogo-potolka-v-belom-korobe-iz-gkl.jpg,images/cherno-belaja-kuhnja/foto-chernogo-lakovogo-natjazhnogo-potolka-v-belom-korobe-iz-gkl.jpg,148131,0caaeed944edc9fc2b174f07d1c1dc88c70b33fb034b76ab238b21ddf224c4a0
https://vl63.ru/images/decor-kamen/natjazhnoj-potolok-s-natur-kamnem.JPG,images/decor-kamen/natjazhnoj-potolok-s-natur-kamnem.JPG,115848,0b4aa462be2b6d89c2b2305dcb740f0e4851473922e2e67c23067f050025f690
https://vl63.ru/images/decoretto/decoretto-na-natjazhnoj-potolok.jpg,images/decoretto/decoretto-na-natjazhnoj-potolok.jpg,97638,c4cb4cb7877a2b9ec87da352e3acd4ff4dba586afdf26eb5f2e46a4666d0e2a0
https://vl63.ru/images/decoretto/decoretto-natjazhnoj-potolok.jpg,images/decoretto/decoretto-natjazhnoj-potolok.jpg,105874,ad291527a81fc68dccbc5a803a07659a2a286cfdd036bd7e9f414891c3109172
https://vl63.ru/images/decoretto/naklejka-decoretto-natjazhnoj-potolok.jpg,images/decoretto/naklejka-decoretto-natjazhnoj-potolok.jpg,94326,4fef8fd60e78dd5f7d04ad9fb62161a59a5fa503cab39a4ec7764a0ebb9ef94c
https://vl63.ru/images/dekorativnyj-shnur/beghevo-zolotoj-shnur-s-lak-zholtym-potolkom.jpg,images/dekorativnyj-shnur/beghevo-zolotoj-shnur-s-lak-zholtym-potolkom.jpg,84963,209bd0d74e8619ba6979ff44c5ce2d14e399ee168e40c728519ea8495fa2404c
https://vl63.ru/images/dekorativnyj-shnur/fioletovyj-shnur-na-2urovnevom-potolke.jpg,images/dekorativnyj-shnur/fioletovyj-shnur-na-2urovnevom-potolke.jpg,79518,f7dd21ec2882bf34328346b0b9be1b513e73c116a7167c66c5c16216e8638f60
https://vl63.ru/images/dekorativnyj-shnur/katalog-dekorativnogo-shnura-1.jpg,images/dekorativnyj-shnur/katalog-dekorativnogo-shnura-1.jpg,296350,6d2ec11cc0563b5c1c254d8a4f6854943726f613abda2bc87c6169284afae141
https://vl63.ru/images/dekorativnyj-shnur/katalog-dekorativnogo-shnura-2.jpg,images/dekorativnyj-shnur/katalog-dekorativnogo-shnura-2.jpg,274275,5a2136aa2aaffab25d6d6cf3edbef590ce303872e50779b01ebba64554d1bbb8
https://vl63.ru/images/dekorativnyj-shnur/korichnevo-zolotoj-shnur-na-lakovom-sholadnom-potolke.jpg,images/dekorativnyj-shnur/korichnevo-zolotoj-shnur-na-lakovom-sholadnom-potolke.jpg,86002,7af0423b473c40fc8756f15f0d0b2b385b82855c1ed0cf66bed879a580435b20
https://vl63.ru/images/dekorativnyj-shnur/krasno-zolotoj-shnur-s-korichnevym-lakovym-potolkom.jpg,images/dekorativnyj-shnur/krasno-zolotoj-shnur-s-korichnevym-lakovym-potolkom.jpg,64326,f94e368dac5766cf1d60aeb84cd0809966faead3336223124534f2fa7efc6bd1
https://vl63.ru/images/dekorativnyj-shnur/sero-zelenyj-shnur-na-2-urovnevom-potolke.jpg,images/dekorativnyj-shnur/sero-zelenyj-shnur-na-2-urovnevom-potolke.jpg,95989,edc8e8806a8fa7c44e6eb6542677541d5f4ba0b6bb508db5754eede1408e226d
https://vl63.ru/images/dekorativnyj-shnur/shnur-serebro-s-golubym-lak-potolkom.jpg,images/dekorativnyj-shnur/shnur-serebro-s-golubym-lak-potolkom.jpg,64981,2b3638ff9cb2f38f713e1375d04526c5b979326f01ad2508732c85fbb400336c
https://vl63.ru/images/dekorativnyj-shnur/shnur-serebro-s-rozovym-lak-potolkom.jpg,images/dekorativnyj-shnur/shnur-serebro-s-rozovym-lak-potolkom.jpg,62980,7794893b49a82b4f403b8a872adf3c169f24eba17f3825dc686ab6d9f5a9b3ff
https://vl63.ru/images/dekorativnyj-shnur/zolotoj-shnur-na-bezhevom-lak-potolke-s-gkl.jpg,images/dekorativnyj-shnur/zolotoj-shnur-na-bezhevom-lak-potolke-s-gkl.jpg,37024,d3968a67c841eeef097dd759ad64cdfd1d077a02535ec330aa14acac47063873
https://vl63.ru/images/dekorativnyj-shnur/zolotoj-shnur-s-lak-zelenym-potolkom-na-gkl.jpg,images/dekorativnyj-shnur/zolotoj-shnur-s-lak-zelenym-potolkom-na-gkl.jpg,31974,594b4a216d2a055ac449a97f4b597ffee5c481282037329834de2d22b6f490d9
https://vl63.ru/images/demo/logo.png,images/demo/logo.png,12984,152c7350971f4351018a0ed26e6ef57f4e791c2c1c922d2fc56324303738496e
https://vl63.ru/images/demontazh-ugla-polotna/dekorativnyj-karniz-udalen-dlja-chastichnogo-demontazha-natjazhnogo-potolka.jpg,images/demontazh-ugla-polotna/dekorativnyj-karniz-udalen-dlja-chastichnogo-demontazha-natjazhnogo-potolka.jpg,58207,76358c8628e98131634f47a2af186b4721f3577b468af47df276cbaeb43e036b
https://vl63.ru/images/demontazh-ugla-polotna/demontirovannyj-ugol-natjazhnogo-potolka-dlja-zameny-trub-otoplenija.jpg,images/demontazh-ugla-polotna/demontirovannyj-ugol-natjazhnogo-potolka-dlja-zameny-trub-otoplenija.jpg,58124,2fa3ebf7cf43152e9a834b9f06b9a2573d7ff8a03ada91aedf56a1b11112edad
https://vl63.ru/images/demontazh-ugla-polotna/gipsovyj-potolochnyj-karniz-sochranit-pri-demonazhe-ne-udalos.jpg,images/demontazh-ugla-polotna/gipsovyj-potolochnyj-karniz-sochranit-pri-demonazhe-ne-udalos.jpg,57352,52178f13a0edd8e04ef6a96ceef51c57f18b686b54a8bd8519115b3525298564
https://vl63.ru/images/demontazh-ugla-polotna/natjazhnoj-potolok-vosstanovlen-posle-zameny-vl63.ru.jpg,images/demontazh-ugla-polotna/natjazhnoj-potolok-vosstanovlen-posle-zameny-vl63.ru.jpg,739636,92ec4b07eac6ccf501d0c9901db9a954f247e2ef46acfda78fad8b4a10106a08
https://vl63.ru/images/demontazh-ugla-polotna/plastikovyj-obvod-truby-slomalsja-pri-demontazhe-natjazhnogo-potolka.jpg,images/demontazh-ugla-polotna/plastikovyj-obvod-truby-slomalsja-pri-demontazhe-natjazhnogo-potolka.jpg,68327,94233ed27eface3c4433d4166ccb5d91318c90fdaddde72ff8c69be1288688a8
https://vl63.ru/images/demontazh-ugla-polotna/plenka-natjazhnogo-potolka-porvalas-iz-za-slomannogo-obvoda-truby.jpg,images/demontazh-ugla-polotna/plenka-natjazhnogo-potolka-porvalas-iz-za-slomannogo-obvoda-truby.jpg,51682,532e14c6e801d36518711c9a6c5dc4e8b5b8356274bf8f74825253aed7a53cba
https://vl63.ru/images/demontazh-ugla-polotna/ugol-natjazhnogo-potolka-zavernut-naverh-dlja-zameny-otopitelnoj-truby.jpg,images/demontazh-ugla-polotna/ugol-natjazhnogo-potolka-zavernut-naverh-dlja-zameny-otopitelnoj-truby.jpg,55331,827886f989c9803e858d41707f54f56c36ea4cee68528153caa4bf6ce07d9f7d
https://vl63.ru/images/derevjannye_srubovye_doma/belye_matovye_potolki_v_srubovom_dome.jpg,images/derevjannye_srubovye_doma/belye_matovye_potolki_v_srubovom_dome.jpg,69133,b2fb22799304a0340967d4b699dba62b0621d8ccac887dcc56c2d598f69e9782
https://vl63.ru/images/derevjannye_srubovye_doma/fotopechat_oblaka_na_lake-1.jpg,images/derevjannye_srubovye_doma/fotopechat_oblaka_na_lake-1.jpg,176261,0d55deb4d4188b56f81d47be54ee1155870a8d78159b2093085f9ae5a742bd64
https://vl63.ru/images/derevjannye_srubovye_doma/fotopechat_oblaka_na_lake-2.jpg,images/derevjannye_srubovye_doma/fotopechat_oblaka_na_lake-2.jpg,166894,4757be3676f672af162c0609dee9e5c5d2f4a8780068bf04f81764f78bf45b27
https://vl63.ru/images/derevjannye_srubovye_doma/fotopechat_oblaka_na_lake-3.jpg,images/derevjannye_srubovye_doma/fotopechat_oblaka_na_lake-3.jpg,177171,80387ed1c990a561e01be3d3bbb4596b69910e286a3e0f62a2a42854fd93e82e
https://vl63.ru/images/derevjannye_srubovye_doma/fotopechat_oblaka_na_lake-4.jpg,images/derevjannye_srubovye_doma/fotopechat_oblaka_na_lake-4.jpg,189201,564ccb1b946880930a64fbf3c7bcc4515de82ce24c7c3b42ebb72d49a3777d9b
https://vl63.ru/images/derevjannye_srubovye_doma/fotopechat_oblaka_na_lake-5.jpg,images/derevjannye_srubovye_doma/fotopechat_oblaka_na_lake-5.jpg,216490,f961d96428fd1816073de17ec4cb1087666b0db009b7498f32c6f8264bb7f036
https://vl63.ru/images/derevjannye_srubovye_doma/fotopechat_oblaka_na_lake-6.jpg,images/derevjannye_srubovye_doma/fotopechat_oblaka_na_lake-6.jpg,193872,d538e545f66cdb024a957b8d180ebfc808c89cdb8ddf7393afcde1a0ad62fcde
https://vl63.ru/images/derevjannye_srubovye_doma/natjazhnye-potolki-v-derevjannom-dome_s_lukom-1.jpg,images/derevjannye_srubovye_doma/natjazhnye-potolki-v-derevjannom-dome_s_lukom-1.jpg,154703,15c4509436e572f12aa75a5428da95deeeb0eced0892c4815870c7cac11b1f17
https://vl63.ru/images/derevjannye_srubovye_doma/natjazhnye-potolki-v-derevjannom-dome_s_lukom.jpg,images/derevjannye_srubovye_doma/natjazhnye-potolki-v-derevjannom-dome_s_lukom.jpg,140368,a9af676ecd85d527aa9ee0554bb9250ef257a44f2b54b4d9dd92b0ab9ef83d58
https://vl63.ru/images/derevjannye_srubovye_doma/natjaznye_potolki_v_derevjannom_srube.JPG,images/derevjannye_srubovye_doma/natjaznye_potolki_v_derevjannom_srube.JPG,307825,6348ce1a47c2932d815c6b98994a9bd7d0ced823de9d55c41ef517718b20e0ef
https://vl63.ru/images/derevjannye_srubovye_doma/natjaznye_potolki_v_srube.JPG,images/derevjannye_srubovye_doma/natjaznye_potolki_v_srube.JPG,143263,37722d2d5707c3d091860c550d6a577d5a16c174070e7808cc1737e156c07cc9
https://vl63.ru/images/derevjannye_srubovye_doma/natyazhnye-potolki-v_srube.jpg,images/derevjannye_srubovye_doma/natyazhnye-potolki-v_srube.jpg,85876,32e2d46e14cd134253f911fe2ab02c0e17f4a15a9c1b553608f28a837615b28c
https://vl63.ru/images/derevjannye_srubovye_doma/natyazhnye-potolki-v_srube_na_reike.jpg,images/derevjannye_srubovye_doma/natyazhnye-potolki-v_srube_na_reike.jpg,61339,903bab2e57cc289c0d33bb8d3e37f1965b56dce9863e9c62812b6faea5de5d60
https://vl63.ru/images/derevjannye_srubovye_doma/natyazhnye_potolki_v_srubovom_dome.JPG,images/derevjannye_srubovye_doma/natyazhnye_potolki_v_srubovom_dome.JPG,262341,28b101850e3f2486a2c6ee626733462d2dbf0dff73dd0b12787a6303871c0110
https://vl63.ru/images/derevjannye_srubovye_doma/styk_potolka_v_srube.JPG,images/derevjannye_srubovye_doma/styk_potolka_v_srube.JPG,243888,a7d82dd822871f7fcbcbd66db5544005955fc473f8ff3be82614fc8129acff39
https://vl63.ru/images/derevjannye_srubovye_doma/ugol_natjazhnogo_potolka_v_srube.JPG,images/derevjannye_srubovye_doma/ugol_natjazhnogo_potolka_v_srube.JPG,119705,ba9719c29312403552f77a410a2f3316ee7b685dbe6b7346b77e1139d496e7a4
https://vl63.ru/images/dvuhtsvetnye-potolki-v-prilesje/bezhevyj-lakovyj-natjazhoj-potolok-ochertil-perimetr-kuhni.JPG,images/dvuhtsvetnye-potolki-v-prilesje/bezhevyj-lakovyj-natjazhoj-potolok-ochertil-perimetr-kuhni.JPG,83178,a88fca2bd52eeace1bdefa16d49db8271a9cd69d906303167ac58bac756fbd5c
https://vl63.ru/images/dvuhtsvetnye-potolki-v-prilesje/dizain-gostinoj-sovmeshenoj-s-kuhnej%20-i-prihozhej-foto.jpg,images/dvuhtsvetnye-potolki-v-prilesje/dizain-gostinoj-sovmeshenoj-s-kuhnej -i-prihozhej-foto.jpg,96416,1913b8bf9ac6dd1ee65f46ace8e633ad709c4c1c63824b38987726f8b59e076c
https://vl63.ru/images/dvuhtsvetnye-potolki-v-prilesje/dvuhtsvetnyj-natjazhnoj-potolok-v-edinoj-ploskosti-cherez-razdelitel.JPG,images/dvuhtsvetnye-potolki-v-prilesje/dvuhtsvetnyj-natjazhnoj-potolok-v-edinoj-ploskosti-cherez-razdelitel.JPG,113118,9fc8b5b3e4b57bdfd225030b894def7de5a8e1707882a7af40dce4c043e4762f
https://vl63.ru/images/dvuhtsvetnye-potolki-v-prilesje/koridor-otdelen-ot-gostinoj-zony-bezhevym-gljantsevym-natjazhnym-potolkom.jpg,images/dvuhtsvetnye-potolki-v-prilesje/koridor-otdelen-ot-gostinoj-zony-bezhevym-gljantsevym-natjazhnym-potolkom.jpg,86819,a1da5738b3664f8a92e40b5b73d715893e220a3274a8a78b9351f05bc50eac06
https://vl63.ru/images/dvuhtsvetnye-potolki-v-prilesje/styk-dvuh-poloten-natjazhogo-potolka-zakryt-dekorativnoj-lentoj.JPG,images/dvuhtsvetnye-potolki-v-prilesje/styk-dvuh-poloten-natjazhogo-potolka-zakryt-dekorativnoj-lentoj.JPG,93851,cd1e65ede06d56a4cfa4aed77dea4f669653cf8073556f607d9f73d9e782c97b
https://vl63.ru/images/effekt-severnoe-sijanie/proektor-effekta-severnoe-sijanie-dlja-natjaznogo-potolka.JPG,images/effekt-severnoe-sijanie/proektor-effekta-severnoe-sijanie-dlja-natjaznogo-potolka.JPG,127674,25883f31f46c663b273b934aecb23be35ce73d7a14d13b6866a484ccdcdd28c5
https://vl63.ru/images/effekt-severnoe-sijanie/proektor-effekta-severnoe-sijanie-iznutri.jpg,images/effekt-severnoe-sijanie/proektor-effekta-severnoe-sijanie-iznutri.jpg,63735,5118a6be64fb7d7c6ae69f5651570b0527cc707ed8bca4dc30bc5d9c9a835540
https://vl63.ru/images/effekt-severnoe-sijanie/proektor-effekta-severnoe-sijanie-v-natjazhnoj-potolok-zvezdnoe-nebo.JPG,images/effekt-severnoe-sijanie/proektor-effekta-severnoe-sijanie-v-natjazhnoj-potolok-zvezdnoe-nebo.JPG,112173,893320f3ae602ab3cbd2b2a8f03a9eddc03ddc8588f2d34865a454c261047d24
https://vl63.ru/images/effekt-severnoe-sijanie/proektor-effekta-severnoe-sijanie-vo-vkluchennom-sostojanii.JPG,images/effekt-severnoe-sijanie/proektor-effekta-severnoe-sijanie-vo-vkluchennom-sostojanii.JPG,140042,104f24f8cb593e0c4a1bd966caf1d135e5ca55ee11172b203bb95b5c38ee388f
https://vl63.ru/images/ekran-proektora-v-natjazhnoj-potolok/ekran-proektora-v-natjazhnom-potolke.JPG,images/ekran-proektora-v-natjazhnoj-potolok/ekran-proektora-v-natjazhnom-potolke.JPG,199191,49045e78a40729679965f64a1ae19924172720ee0e33cad831a3d127783431e8
https://vl63.ru/images/ekran-proektora-v-natjazhnoj-potolok/ekran-videoproektora-vstroen-v-natjazhnoj-potolok.JPG,images/ekran-proektora-v-natjazhnoj-potolok/ekran-videoproektora-vstroen-v-natjazhnoj-potolok.JPG,95278,5867e44f88b23e32761433bdb8f7e227d237f67d7321f439e777f8eeebf70c8a
https://vl63.ru/images/ekran-proektora-v-natjazhnoj-potolok/vstroennyj-v-nishu-natjazhnogo-potolka-ekan-proktora.JPG,images/ekran-proektora-v-natjazhnoj-potolok/vstroennyj-v-nishu-natjazhnogo-potolka-ekan-proktora.JPG,187887,438e02b8b3f8810ea96934a52c2b35bbd1ec783b2d282d8c447519b5195890cc
https://vl63.ru/images/eletrika/elektro-provodka-na-potolke.jpg,images/eletrika/elektro-provodka-na-potolke.jpg,37904,dcc317fe1b90f4fe5cac16bb37bd769a689d3ac0fcbc6b934a3b0bf6fcb691d8
https://vl63.ru/images/eletrika/provoda.jpg,images/eletrika/provoda.jpg,23670,b04d5d84ca3541a7f56cd9c847554f45e0edf2bd3391bc376ce7a32701c0138f
https://vl63.ru/images/eletrika/provodka.jpg,images/eletrika/provodka.jpg,36076,be503079cce8f13d10166bd05476083e7b8cb4eb72d9044ecc9c8a57fc6b1314
https://vl63.ru/images/faktura-blesk-e326-saros/faktura-blesk-e-326-katalog-saros.jpg,images/faktura-blesk-e326-saros/faktura-blesk-e-326-katalog-saros.jpg,103707,afa1fa22726285ce94a7d5dba7fb27f7b57ec180ce4577012251cd8917bde3a7
https://vl63.ru/images/faktura-blesk-e326-saros/fakturnyj-natjazhnoj-potolok-s-bleskom.jpg,images/faktura-blesk-e326-saros/fakturnyj-natjazhnoj-potolok-s-bleskom.jpg,99106,438283f06a6177e0684f1f3fee40f3ea9b0d85adaa659619aa0d0d7ae704e16e
https://vl63.ru/images/faktura-blesk-e326-saros/katalog-saros-dizajn.jpg,images/faktura-blesk-e326-saros/katalog-saros-dizajn.jpg,160586,36de6f21c20e898777999a3f340f11eb36eebd9f1e556b600971d4cd8bc4db15
https://vl63.ru/images/faktura-blesk-e326-saros/natjazhnoj-potolok-faktura-blesk.jpg,images/faktura-blesk-e326-saros/natjazhnoj-potolok-faktura-blesk.jpg,103452,07c1bf2d2fda8683d888361ad7e70a2909ec9f8a1c314cfebea07801811f91f8
https://vl63.ru/images/faktura_oblaka/factura_oblaka.jpg,images/faktura_oblaka/factura_oblaka.jpg,3033836,03dd58b7659bf935605d723f80789e1e0e7dc540a9a63c9fb8510ad9fa8294f6
https://vl63.ru/images/faktura_oblaka/factura_oblaka_cherez_razdelitel.jpg,images/faktura_oblaka/factura_oblaka_cherez_razdelitel.jpg,2928629,f947abd639be4be851991e0511bbe90b3dd2c1aeaa8a5f101add5aa911d24e0f
https://vl63.ru/images/faktura_oblaka/factura_oblaka_zona_basseina.jpg,images/faktura_oblaka/factura_oblaka_zona_basseina.jpg,2334067,8eaf50b9a6bcbe3bcb581efa7d806f0c95b13490834b44af6f090459bac58db7
https://vl63.ru/images/feron-al-5000/assortiment-nakladnyh-svetilnikov-v-magazine-megasvet-toljatti.jpg,images/feron-al-5000/assortiment-nakladnyh-svetilnikov-v-magazine-megasvet-toljatti.jpg,113096,76bf8c114c6629af4a0a52cedef64c44f048420ff410dd85fa1fb16c4024a293
https://vl63.ru/images/feron-al-5000/populjarnye-svetilniki-dlja-natjazhnogo-potolka.jpg,images/feron-al-5000/populjarnye-svetilniki-dlja-natjazhnogo-potolka.jpg,134887,a2a5fc9227977b243cb4f7630a8a1b7e2a5987af014e68c73b6d6da3446a0612
https://vl63.ru/images/feron-al-5000/upakovka-svetilnika-feron-al-5000.jpg,images/feron-al-5000/upakovka-svetilnika-feron-al-5000.jpg,102984,5587d78f5fb820de062bb7ba2a20590818d625a399351813e312e8bce103a5c4
https://vl63.ru/images/filialy-firm/office-firm-po-natjazhnym-potolkam-v-syzran.jpg,images/filialy-firm/office-firm-po-natjazhnym-potolkam-v-syzran.jpg,91340,377c8b49aa7989b1e8ba809afb2b720451fc06c7a411863e6c124b1574af8524
https://vl63.ru/images/filialy-firm/vertikalnaja-linija-v-lime-okolo-park-haus.jpg,images/filialy-firm/vertikalnaja-linija-v-lime-okolo-park-haus.jpg,100418,3a7eead1f5ffe5b5c034c96bd726e0bcdff1f3806726e474dfa24347a4cf6dc5
https://vl63.ru/images/filialy-firm/vertikalnaja-linija-v-samare.JPG,images/filialy-firm/vertikalnaja-linija-v-samare.JPG,150379,b4f07be25ae4d5dbedd036744384b98baabe50ac2fa08f648f593e64af5cbd6b
https://vl63.ru/images/foto_vl63.JPG,images/foto_vl63.JPG,128204,e4a56a936dfe257bd09d20f3ec56aa999cece2b2ab5cc523cfe66613f2ec322d
https://vl63.ru/images/gas_ballon_norway.JPG,images/gas_ballon_norway.JPG,1978828,ac7b513e786df216e7c5fbdf6d44d0786b9e46f4d3fa4bd074366cc22607e10d
https://vl63.ru/images/golden-art-67/fotopechat-golden-art-67-saros-design.jpg,images/golden-art-67/fotopechat-golden-art-67-saros-design.jpg,766485,b2275a3b311d0a90478c79e7dbacc78e1c80b336f2d311d0ba6a022f95b94a9d
https://vl63.ru/images/golden-art-67/fotopechat-golden-art-67-saros-toljatti.jpg,images/golden-art-67/fotopechat-golden-art-67-saros-toljatti.jpg,707572,79d7edf65fb837c565b11d0cdb71721722aaab1583bc891d4acaa0b5398c63f6
https://vl63.ru/images/golden-art-67/fotopechat-golden-art-67-saros-vl63ru.jpg,images/golden-art-67/fotopechat-golden-art-67-saros-vl63ru.jpg,585713,f580485799996ef6457eac7e0df5aace007122c878c9f0f9fae804aeb5cad535
https://vl63.ru/images/golden-art-67/fotopechat-golden-art-67-saros.jpg,images/golden-art-67/fotopechat-golden-art-67-saros.jpg,680831,740a2b573fa4bb518e56927b80aff12d23f43215c8fdd93652fc0ddcc90f91ee
https://vl63.ru/images/golden-art-77a/fotopechat-golden-art-77a-saros-potolok-toljatti-408-303.jpg,images/golden-art-77a/fotopechat-golden-art-77a-saros-potolok-toljatti-408-303.jpg,640582,9a4fbfe3badf49564fe1dba7a489587b58eb55c6bf7f7792e7397abedf1cca5c
https://vl63.ru/images/golden-art-77a/fotopechat-golden-art-77a-saros-potolok-toljatti-vl63ru.jpg,images/golden-art-77a/fotopechat-golden-art-77a-saros-potolok-toljatti-vl63ru.jpg,849732,8838c343c4189f46cd41cdf53769651e7aa1cd8c9a7212ce98128c7876b33245
https://vl63.ru/images/golden-art-77a/fotopechat-golden-art-77a-saros-potolok-toljatti.jpg,images/golden-art-77a/fotopechat-golden-art-77a-saros-potolok-toljatti.jpg,732869,c7e63e654de35eeba6cccbbb0323f3247c22eaedf202a4f04fd98a71d6621fa3
https://vl63.ru/images/golden-art-77a/fotopechat-golden-art-77a-saros-potolok.jpg,images/golden-art-77a/fotopechat-golden-art-77a-saros-potolok.jpg,632262,c762b47cb972edd718af73a1c954a5f2ffca20ab69e0547dcffef52528ed3d12
https://vl63.ru/images/gostinaya1.jpg,images/gostinaya1.jpg,23377,040a8905cf1a6972ba3dafb3dc07fe0a47b368f8f483a3bb04308145a95ded2d
https://vl63.ru/images/green-spark-togliatti/natjazhnye-potolki-toljatti-magazin-green-spark.JPG,images/green-spark-togliatti/natjazhnye-potolki-toljatti-magazin-green-spark.JPG,513187,3df1b33de3335733c0439e3ecd3839e51bba757c2cfc205f5d96903de4ed363a
https://vl63.ru/images/green-spark-togliatti/natjazhnye-potolki-v-magazine-green-spark.JPG,images/green-spark-togliatti/natjazhnye-potolki-v-magazine-green-spark.JPG,545541,d6b8e8ccb3e18cc8672375785ff0f21a9e790c3942b33865f5c66a7ba5d291f2
https://vl63.ru/images/green-spark-togliatti/vhodnaja-dver-green-spark.JPG,images/green-spark-togliatti/vhodnaja-dver-green-spark.JPG,928068,4c4b4afc4a5f5e924d635a98d60cb278944298490a08d794f0ba83521a635809
https://vl63.ru/images/idei-primenenija-trub-plenki-pvh/lustra_iz_kartonnoj_truby.jpg,images/idei-primenenija-trub-plenki-pvh/lustra_iz_kartonnoj_truby.jpg,41286,54b9f881058bbc0c25e3c51e987ae8c4574a6f09e61a4f6f17f4dca544833fa4
https://vl63.ru/images/idei-primenenija-trub-plenki-pvh/podstavka-obuvi-iz-trub.jpg,images/idei-primenenija-trub-plenki-pvh/podstavka-obuvi-iz-trub.jpg,64901,0b2f83a61a63083ab56ec6710c6a1c079f10a0e4367b11e32b2bb5484b4c7a6b
https://vl63.ru/images/idei-primenenija-trub-plenki-pvh/stena-stoika-iz-truby-v-magazine.jpg,images/idei-primenenija-trub-plenki-pvh/stena-stoika-iz-truby-v-magazine.jpg,68872,23f7dc14d59cfbe7a7cb093f7c50e3cca545d92ab14fa4510d0b31655cc57b2a
https://vl63.ru/images/ikg.png,images/ikg.png,1408,9772595d47bde02e738223c292e2659a1ee0d4d414d4a3226cb0f4c6854a7688
https://vl63.ru/images/ikok.png,images/ikok.png,1367,303c482769eca1bef066370da062333ec4d66b613f6534ac1369fcd2d5678df6
https://vl63.ru/images/ikp.png,images/ikp.png,2752,b3d9673a724c421bc379d4644b928e36a29054c3e532e1cd9fc46b03ea5179d4
https://vl63.ru/images/ikvk.png,images/ikvk.png,1286,dbfa9e6a61e18479a97aa068d53762b5ed29e72ba1a2db0b2adb5509a1e1a620
https://vl63.ru/images/iky.png,images/iky.png,1681,a0497c772beb89c705fe989e3e2878bc984f16affd3e2d3b64a45da1b1d4055a
https://vl63.ru/images/imitatsuja_2-urovnja_foto/imitatsija_2-urovnevogo-potolka-1.jpg,images/imitatsuja_2-urovnja_foto/imitatsija_2-urovnevogo-potolka-1.jpg,87848,ee6c356a6f9589715d389d47fe91a7cf31ccd2aa3ea1edb8f735a1cccf3d7f69
https://vl63.ru/images/imitatsuja_2-urovnja_foto/imitatsija_2-urovnevogo-potolka-12.jpg,images/imitatsuja_2-urovnja_foto/imitatsija_2-urovnevogo-potolka-12.jpg,15034,51ca340e68d164a279e65fbb18129997ec1402eb68274f720ef6efd9aedfc242
https://vl63.ru/images/imitatsuja_2-urovnja_foto/imitatsija_2-urovnevogo-potolka-2.jpg,images/imitatsuja_2-urovnja_foto/imitatsija_2-urovnevogo-potolka-2.jpg,80167,1a243314e9d30a7ed31f32d1d33efe24f429a1d129ee04b7efe851c44e9d9579
https://vl63.ru/images/imitatsuja_2-urovnja_foto/imitatsija_2-urovnevogo-potolka-21.jpg,images/imitatsuja_2-urovnja_foto/imitatsija_2-urovnevogo-potolka-21.jpg,13773,9733b7d778b65d04c16a0d04671fc3abcb1f7094822642a5db9ab17167474e5f
https://vl63.ru/images/imitatsuja_2-urovnja_foto/imitatsija_2-urovnevogo-potolka-3.jpg,images/imitatsuja_2-urovnja_foto/imitatsija_2-urovnevogo-potolka-3.jpg,120268,8ed312e0e5fe002640684ebe0326b99d192e374f58c695b00ddd8c8520f1943f
https://vl63.ru/images/imitatsuja_2-urovnja_foto/imitatsija_2-urovnevogo-potolka-31.jpg,images/imitatsuja_2-urovnja_foto/imitatsija_2-urovnevogo-potolka-31.jpg,16795,08abff7fa339a9438c40b890607b4667a42589708471983a3ea00d21f9252106
https://vl63.ru/images/interjernyj-dekor/bezhevyj-lakovyj-natjazhnoj-potolok_v_koridore-s-dekorativnym-karnizom.jpg,images/interjernyj-dekor/bezhevyj-lakovyj-natjazhnoj-potolok_v_koridore-s-dekorativnym-karnizom.jpg,155907,5a4277f65630053ae2166148746b40237370f75995f0013fb3c8e5aee49e9746
https://vl63.ru/images/interjernyj-dekor/goluboi_potolok-s-karnizom-dlja-podsvetki.JPG,images/interjernyj-dekor/goluboi_potolok-s-karnizom-dlja-podsvetki.JPG,147166,0d18e4fccadfe3dc1c1de640d32388e641674adef71dc70118d3e343546474b6
https://vl63.ru/images/interjernyj-dekor/goluboi_potolok_s_karnizom_podsvetkoi.JPG,images/interjernyj-dekor/goluboi_potolok_s_karnizom_podsvetkoi.JPG,139540,54d7facfe081fec521ad07a01eac72372d7cf6b8060c69e5224c2ea6df785890
https://vl63.ru/images/interjernyj-dekor/interjernyj-karniz-881-30E-juzhnaja-koreja.jpg,images/interjernyj-dekor/interjernyj-karniz-881-30E-juzhnaja-koreja.jpg,94190,60844e4ae15172254ae7d4abc6e477bb59a8b715f3693a76e0ae5c992d09278e
https://vl63.ru/images/interjernyj-dekor/kapitel.jpg,images/interjernyj-dekor/kapitel.jpg,12666,1b98c29835db4afe8c5ee6c36cddf0c04d87cae4f82088458ba9bac11f3d894d
https://vl63.ru/images/interjernyj-dekor/karniz-modus-dizain-k011.jpg,images/interjernyj-dekor/karniz-modus-dizain-k011.jpg,14870,6d9cf5ff77e98db43e289ec6c34d4c76f0f662d78cd9b97a41c2ddfe390b4999
https://vl63.ru/images/interjernyj-dekor/konusoobraznyj-natjazhnoj-potolok-s-intrjernym-dekorom.JPG,images/interjernyj-dekor/konusoobraznyj-natjazhnoj-potolok-s-intrjernym-dekorom.JPG,86397,653efd5e9231cc9756f23ed00c6a0f1bde54e3e1d5870f284dcc1d26d4605af2
https://vl63.ru/images/interjernyj-dekor/kreplenie-bageta-steplerom.jpg,images/interjernyj-dekor/kreplenie-bageta-steplerom.jpg,69029,782f4e23b8b5d1ab6492a9314a78bc2400533c1f2cc83bf12f7f1cf0380b7cd8
https://vl63.ru/images/interjernyj-dekor/potolochnyj-karniz-oracdecor-CX127F.jpg,images/interjernyj-dekor/potolochnyj-karniz-oracdecor-CX127F.jpg,38581,2fbea3ae9ae2c1f119272370766538dc602762b1f38766f28d54975cec89c30f
https://vl63.ru/images/k1.jpg,images/k1.jpg,45760,0b08463f33830d83df7c5106c1a7047076106ee5300a668d01630eddc94e37d1
https://vl63.ru/images/k2.jpg,images/k2.jpg,41208,916ea3f1b6ffa5dca57dedcaefdfc4f26e03c4578cd3f13b84a4e27aa01f58fc
https://vl63.ru/images/k3.jpg,images/k3.jpg,45259,e3e1a7a64b6dacbbc1580f88453fd38484c0ed3523ba004657fd55bb0a739c09
https://vl63.ru/images/k4.jpg,images/k4.jpg,42286,ebad75fda99c136a53cbebcd641157f2bf728477c836c2f2d0de48e2c5dfaa98
https://vl63.ru/images/k5.jpg,images/k5.jpg,48970,7b795820989afd3c5cbe9047e57e221c9d6ebd57bcfb153944c2521e727f65e1
https://vl63.ru/images/k6.jpg,images/k6.jpg,46212,50cd4ee79229873ba304926ed627ac6856c38c67b77f2edb8650535688d10ad3
https://vl63.ru/images/k7.jpg,images/k7.jpg,51178,a0e3122432c464e9bb87b52ec0edb1de25e49a59ac52284c2dfbcf5e0cdc8858
https://vl63.ru/images/karniz-shtorok-vannaja/g-obraznaja-shtanga-dlja-shtorok-v-vannoj.jpg,images/karniz-shtorok-vannaja/g-obraznaja-shtanga-dlja-shtorok-v-vannoj.jpg,63230,ba311c4eeba07ac3df5f68601f57a1a4d404d8a2b49159062a394372724159f0
https://vl63.ru/images/karniz-shtorok-vannaja/karniz-Sensea-%2015287323-leroy-merlin.jpg,images/karniz-shtorok-vannaja/karniz-Sensea- 15287323-leroy-merlin.jpg,91760,47502be4535e8b9d34789c07f2e1db8052f027a4739ce207eed06de50735a7be
https://vl63.ru/images/karniz-shtorok-vannaja/kreplenie-karniza-k-stenam-i-potolku.jpg,images/karniz-shtorok-vannaja/kreplenie-karniza-k-stenam-i-potolku.jpg,45685,9598f3aea7ad534bb1ebb8dd19e90ca73132424fa3100bfcce0abde233da1c78
https://vl63.ru/images/karniz-shtorok-vannaja/podves-karniza-zakreplen-na-meste-izgiba-k-natjazhnomu-potolku.jpg,images/karniz-shtorok-vannaja/podves-karniza-zakreplen-na-meste-izgiba-k-natjazhnomu-potolku.jpg,38765,0d7a6d029b83fe215665f56565541c46e565d01e3ad785e4bb6538a6be721d73
https://vl63.ru/images/karniz_shtor/balkon_sinij_lak_potolok_s_karnizom.png,images/karniz_shtor/balkon_sinij_lak_potolok_s_karnizom.png,1633705,c212c3f4694f52d291eab1031493eab3eedd2fde5c3613fa7aff9cd4dc0a8878
https://vl63.ru/images/karniz_shtor/balkon_sinij_lak_potolok_s_karnizom_.png,images/karniz_shtor/balkon_sinij_lak_potolok_s_karnizom_.png,251962,a8a46e76b5cfa03beb9d5c6edf8fa1fb3dac873dde0b73264bcd64e7b04dfe0b
https://vl63.ru/images/karniz_shtor/karniz_k_rame.JPG,images/karniz_shtor/karniz_k_rame.JPG,120866,fb5a2f230f6d50bc4119950ec85817cb6d527d67a817cdb2e5f39ac960dc7f35
https://vl63.ru/images/karniz_shtor/karniz_k_rame_okna.JPG,images/karniz_shtor/karniz_k_rame_okna.JPG,126552,08da26fcf8911aa993c2476585c0fce27c6debf67f612eea5066a7d1a0b77c0f
https://vl63.ru/images/kat/2.JPG,images/kat/2.JPG,3308527,91386c9903a371d0aa5f54ca4d5f9e3e9f69ad595f5f3bfd1a324be0d139e31e
https://vl63.ru/images/kat/3.JPG,images/kat/3.JPG,3875872,4d85fc2fadd2cc67a1a57f2634c43060466cf9600aa8dc57da653bf2c6f2b381
https://vl63.ru/images/kat/bel-satin1.JPG,images/kat/bel-satin1.JPG,86986,dbdc24dc7be31952acdf910728d3d68548fffd8e79cf3851f5695c23423507d5
https://vl63.ru/images/kat/bel-satin2.JPG,images/kat/bel-satin2.JPG,91038,00d64dc21096a3fb1609a4d20ea9357958d23eb3b730309c21d767ef9628b4d1
https://vl63.ru/images/kat/bel-satin3.JPG,images/kat/bel-satin3.JPG,97241,1d06b6574a3c93118a36881e952a1636d1d0126dc0244266125a0fa15e64cd69
https://vl63.ru/images/kat/bel-satin4.JPG,images/kat/bel-satin4.JPG,115817,fb2a4d2f3b8d60fd97bf46cfff051114a218dc06829f84fb1fe97808293a4dca
https://vl63.ru/images/kat/bel-satin5.JPG,images/kat/bel-satin5.JPG,53193,505ad837ddf40f1be9fe5f71174016a5cb7604c8073e829168b9bb621c6e738c
https://vl63.ru/images/kat/bel-satin6.JPG,images/kat/bel-satin6.JPG,48869,c217d14d59a6fc84b2b1a509d4e1814f57c6d8a8e447ed2a9c6b7ba148040590
https://vl63.ru/images/kat/bel-satin7.JPG,images/kat/bel-satin7.JPG,51286,4f8bf05907509829cb79c9ec49bf37eef5b43ab1552415eaff9e9cdb62f08ef5
https://vl63.ru/images/kat/bel-satin8.JPG,images/kat/bel-satin8.JPG,59349,7362e7a30ac3ec10b5292349f9bb4bfba0eaa9fc3e76a9a780d82482502fbbe2
https://vl63.ru/images/kat/blemat1.JPG,images/kat/blemat1.JPG,48532,863c0593237713cd06b53d0af3fc949163b086434bb92aa4b3eed1b513d6941f
https://vl63.ru/images/kat/blemat2.JPG,images/kat/blemat2.JPG,72718,6f2b16070992d63e8b8cd9fd2bedd59356e1ec03f3e58b152c6105ab79d4e71e
https://vl63.ru/images/kat/blemat3.JPG,images/kat/blemat3.JPG,110868,57921f35f6bc55cbea3329f0458393a1557caba36d7848b9c6b4507d3ef6aee2
https://vl63.ru/images/kat/blemat5.JPG,images/kat/blemat5.JPG,69647,ccf9846077b45818c8fa5a6b4a14931a955d6f3f7b0251e76153ad3fc532d962
https://vl63.ru/images/kat/blemat6.JPG,images/kat/blemat6.JPG,114071,b2756f9854b4abe00b5911fb786f35520617c796451ad42c96f575591f3b7a9b
https://vl63.ru/images/kat/direktor_Vertikalnaja_linia.JPG,images/kat/direktor_Vertikalnaja_linia.JPG,3079194,cd0857a95cfbd60381fd6daf977d639bb194bde4a98197238db3f482d6866254
https://vl63.ru/images/katalog-golden-art/chertezh-maketa-hudozhestvennoj-pechati-s-razmerami-natjazhnogo-potolka.jpg,images/katalog-golden-art/chertezh-maketa-hudozhestvennoj-pechati-s-razmerami-natjazhnogo-potolka.jpg,228413,934833696880ef97702d4a8dd58a67e0cfd6a8e7967085e460d0f3be2ce5dcaf
https://vl63.ru/images/katalog-golden-art/maket-chertezha-fotopechati-dlja-soglasovanija-s-zakazchikom-SF-6830.jpg,images/katalog-golden-art/maket-chertezha-fotopechati-dlja-soglasovanija-s-zakazchikom-SF-6830.jpg,246518,9fb8f33e66f8c6b4895e597316b32929349b385dcb8ec09c9888360c07b605ad
https://vl63.ru/images/katalog-golden-art/oblozhka-kataloga-golden-art-fotopechat.jpg,images/katalog-golden-art/oblozhka-kataloga-golden-art-fotopechat.jpg,834850,8628d0248b8e92619756f20543fdb5ea90772cf70c7f52d6ffa1e01ce76d6c4d
https://vl63.ru/images/katalog-golden-art/stranitsa-kataloga-fotopechati-art67.jpg,images/katalog-golden-art/stranitsa-kataloga-fotopechati-art67.jpg,743544,82547d5c516f6a8b3fa52d50b6029d882821f19a5147718f9275ee12ed4fa6fe
https://vl63.ru/images/katalog-golden-art/stranitsa-kataloga-fotopechati-art77.jpg,images/katalog-golden-art/stranitsa-kataloga-fotopechati-art77.jpg,794300,d17738a37a25f9568c69ee1b4d5147cb96e4fac796618ee9238e8bfa142c6b42
https://vl63.ru/images/kokon/gostinichnyj-nomer-so-vtorym-svetom-v-gostinitse-kokon.JPG,images/kokon/gostinichnyj-nomer-so-vtorym-svetom-v-gostinitse-kokon.JPG,74871,3fcf7246eb31a7a619eac2abe5a85eafe59c68f99fe1010cd9cb1bbde7cca82a
https://vl63.ru/images/kokon/kolonna-v-natjazhnom-potolke-2-etazhnogo-nomera-otelja.JPG,images/kokon/kolonna-v-natjazhnom-potolke-2-etazhnogo-nomera-otelja.JPG,76513,ff8cb696138f2814235bec1599bc6436967d9fd678e1a67a4b186857e6928045
https://vl63.ru/images/kokon/natjazhnoj-potolok-zakreplen-na-nerovnuju-kirpichnuju-kladku.JPG,images/kokon/natjazhnoj-potolok-zakreplen-na-nerovnuju-kirpichnuju-kladku.JPG,84785,4d59404d24e013bb28462a5b516086ceb6e4c8aa720cf900406823ce673f48b2
https://vl63.ru/images/kokon/novoe-zdanie-v-toljatti-na-stepana-razina-66a.JPG,images/kokon/novoe-zdanie-v-toljatti-na-stepana-razina-66a.JPG,107919,82e450ac2f8c2b8906a7c3b7aa5582df28e74a6861fd62b69db83f65e37b50f4
https://vl63.ru/images/kokon/stil-loft-s-belym-matovym-natjazhnym-potolkom.JPG,images/kokon/stil-loft-s-belym-matovym-natjazhnym-potolkom.JPG,63721,1266c39d2753178a1a19d9bac1511e9fb0dd45bdaa9667305eeebb1de4c84c4d
https://vl63.ru/images/kokon/vhod-v-restoran-kokon.JPG,images/kokon/vhod-v-restoran-kokon.JPG,135972,80acf89ef8e47863c4360446c28b8434990d493976864ddb9b96043390d1bbcf
https://vl63.ru/images/kontakty_kompanii_vert-line.png,images/kontakty_kompanii_vert-line.png,33756,2870da60f7b92226ce5ea46116a6eb9b3ca03cdd663b255531dd4d35f5462837
https://vl63.ru/images/konus.jpg,images/konus.jpg,29205,deb4b16548f3ff660e9eaac93c72e9a2d68767bc40128b5677098d29982f9b6f
https://vl63.ru/images/koridor-3-komnat-mosk-plan-toljatti/belyj-matovyj-natjazhnoj-potolok-v-malenkom-koridore-3-komnat-moskovskoj-planirovki-toljatti.JPG,images/koridor-3-komnat-mosk-plan-toljatti/belyj-matovyj-natjazhnoj-potolok-v-malenkom-koridore-3-komnat-mos__a3317f89ee3d.JPG,362233,514021829ef68a68dd39c7cfbb7ceaa7465c1fb257e9ac2248b61ee7b75170f2
https://vl63.ru/images/koridor-3-komnat-mosk-plan-toljatti/belyj-matovyj-natjazhnoj-potolok-v-malenkom-koridore-moskovskoj-planirovki-toljatti.JPG,images/koridor-3-komnat-mosk-plan-toljatti/belyj-matovyj-natjazhnoj-potolok-v-malenkom-koridore-moskovskoj-planirovki-toljatti.JPG,395841,da15667a3df05bb6b95df912013eaa6e6d6f17a39ee3967d9f41baf5e0e47065
https://vl63.ru/images/krasivaja-kuhnja-lesnaja-sloboda/belyj-matovyj-dvuhurovnevyj-natjazhnoj-potolok-na-kuhne-lesnaja-sloboda-toljatti.jpg,images/krasivaja-kuhnja-lesnaja-sloboda/belyj-matovyj-dvuhurovnevyj-natjazhnoj-potolok-na-kuhne-lesnaja-sloboda-toljatti.jpg,147777,cee68e24a36ab1bdd8756956117e8417842482e95802f9ec30f6f520a5c3275e
https://vl63.ru/images/krasivaja-kuhnja-lesnaja-sloboda/klassicheskaja-kuhnja-s-belym-2-urovnevym-natjazhnym-potolokom-iz-matovoj-plenki.jpg,images/krasivaja-kuhnja-lesnaja-sloboda/klassicheskaja-kuhnja-s-belym-2-urovnevym-natjazhnym-potolokom-iz-matovoj-plenki.jpg,83399,7ceb999ed46f00d6da820902be5ed9e29d5c1591c4fab35e23a69a2d830602dd
https://vl63.ru/images/krasivaja-kuhnja-lesnaja-sloboda/krasivaja-kuhnja-s-dvuhurovnevym-natjazhnym-potolkom-foto-toljatti.jpg,images/krasivaja-kuhnja-lesnaja-sloboda/krasivaja-kuhnja-s-dvuhurovnevym-natjazhnym-potolkom-foto-toljatti.jpg,116557,73e50f965eb87dd84f4b79dd92b226bced1724f17d0667f2b584506779b9a83e
https://vl63.ru/images/kreplenie-potolka-na-keram-granit/Kreplenie-natjazhnogo-potolka-na-keramonranit.jpg,images/kreplenie-potolka-na-keram-granit/Kreplenie-natjazhnogo-potolka-na-keramonranit.jpg,132391,34a756048075706aa705e49d3c5f97298d24465b769196b0d3b54eeefd805a3b
https://vl63.ru/images/kupol.jpg,images/kupol.jpg,23323,50d10688e56a4e277b81652b84d96f9456b8b437fffa46fb102b522cd44a0def
https://vl63.ru/images/kvadrat-led-panel-allekseevka/belyj-lakovyj-natjazhnoj-potolok-s-kvadratnym-svetodiodnym-svetilnikom-foto.jpg,images/kvadrat-led-panel-allekseevka/belyj-lakovyj-natjazhnoj-potolok-s-kvadratnym-svetodiodnym-svetilnikom-foto.jpg,71925,798937678469b0716dde305d6eaf41728ed1777fdae525332aca888f9f9893af
https://vl63.ru/images/kvadrat-led-panel-allekseevka/platfofrma-dlja-ustanovki-v-natjazhnoj-potolok-kvadratnyh-svetilnikov.jpg,images/kvadrat-led-panel-allekseevka/platfofrma-dlja-ustanovki-v-natjazhnoj-potolok-kvadratnyh-svetilnikov.jpg,132303,8b9a66d1dd3d9ad7e98924ffe1c6d034d7014e8bf684591b34132d2e66e1ac35
https://vl63.ru/images/kvadrat-led-panel-allekseevka/stojka-kreplenija-kvadratnyh-svetodoidnyh-panelej.jpg,images/kvadrat-led-panel-allekseevka/stojka-kreplenija-kvadratnyh-svetodoidnyh-panelej.jpg,102509,0650e207bbec5fcb1c4f4670db04a4bbc8bfe926c51e71c396be51470cb1f861
https://vl63.ru/images/kvadrat-svet-viza/kvadratnye-svetilniki-bez-zazora-s-natjazhnym-potolkom_cr.jpg,images/kvadrat-svet-viza/kvadratnye-svetilniki-bez-zazora-s-natjazhnym-potolkom_cr.jpg,75219,455b8ba5e24ea6e0540a5882334037df62d544c8d787fec9ea4620d547607bdb
https://vl63.ru/images/kvadrat-svet-viza/kvadratnye-svetilniki-v-natjazhnom-potolke-viza-1.JPG,images/kvadrat-svet-viza/kvadratnye-svetilniki-v-natjazhnom-potolke-viza-1.JPG,87378,a93f7d16c2fa98e9f9b3186e49df39b1f6cfe2e42e569448a6d5af0f4a115b0c
https://vl63.ru/images/kvadrat-svet-viza/kvadratnye-svetilniki-v-natjazhnom-potolke-viza.JPG,images/kvadrat-svet-viza/kvadratnye-svetilniki-v-natjazhnom-potolke-viza.JPG,80319,307dd784aea1887c8e39bb0c9df4148d5f8696e66d4ac7ec7d097506a670bd11
https://vl63.ru/images/kvadrat-svet-viza/kvadratnyj-svetilnik-vplotnuju-s-natjazhnym-potolkom.JPG,images/kvadrat-svet-viza/kvadratnyj-svetilnik-vplotnuju-s-natjazhnym-potolkom.JPG,73540,d7a8db715306319beded9bb585bd5500fecd6ba804ad5f1041e8699901893ca3
https://vl63.ru/images/kvadrat-svet-viza/osnova-kvadratnogo-svetilnika-dlja-natjazhnogo-potolka-viza.JPG,images/kvadrat-svet-viza/osnova-kvadratnogo-svetilnika-dlja-natjazhnogo-potolka-viza.JPG,99381,21468c6dba5fb81df8336fcb1a1d2bd7e7d036cebc7aeab88210cf1bc2a78f7c
https://vl63.ru/images/kvadrat-svet-viza/termokvadrat-na-natjazhnom-potolke.JPG,images/kvadrat-svet-viza/termokvadrat-na-natjazhnom-potolke.JPG,38056,e56f1c4dc27431cadbd6877e52db79e2e26bcff15eca12fd5866aa112f83324a
https://vl63.ru/images/kvadrat-svet-viza/zazor-mezhdu-natjazhnym-potolkom-i-svetilnikom.JPG,images/kvadrat-svet-viza/zazor-mezhdu-natjazhnym-potolkom-i-svetilnikom.JPG,57430,bfafc4efbefd4fc75b5d0946fa8ef0f26897929aaa7e7f79464c209a596a5cb2
https://vl63.ru/images/lada-sedan/2106.jpg,images/lada-sedan/2106.jpg,81916,e7a94028141154f7451fcb67cc8c85cb95ed97288a9edbb5efeaec70bde99d76
https://vl63.ru/images/lada-sedan/lada-sedan_natjazhnoi_potolok.jpg,images/lada-sedan/lada-sedan_natjazhnoi_potolok.jpg,94592,24e33799ba2796ff74c7040992fb22e6d5ac67f763c74b930e07bc0d218af796
https://vl63.ru/images/lada-sedan/lada_sedan_baklazhan.jpg,images/lada-sedan/lada_sedan_baklazhan.jpg,95714,8049dc50c3ae7db8176acdd1040cdeba98a07702003aec49854cb02cd1e50bc3
https://vl63.ru/images/lenta_dekorativnaja/vneshnij_ugol_natjazhnogo_potolka_lenta.JPG,images/lenta_dekorativnaja/vneshnij_ugol_natjazhnogo_potolka_lenta.JPG,90839,0b3745e0e0bd8468e15e727808ae203f58217c2b0dcc52cbeef05859a9260aa7
https://vl63.ru/images/lenta_dekorativnaja/vnutrennij_ugol_natjazhnogo_potolka_lenta.JPG,images/lenta_dekorativnaja/vnutrennij_ugol_natjazhnogo_potolka_lenta.JPG,169893,f607db3843937517a8329aac8fc337ea4aec235da43d926786681f7d2a379242
https://vl63.ru/images/lime_v_vode.JPG,images/lime_v_vode.JPG,2060975,9983ded9a9b96dd6ffc55ae6e79a9a60382251b80c63c0797426551e03eff370
https://vl63.ru/images/lime_v_vode_shutterstok.png,images/lime_v_vode_shutterstok.png,1158756,acf79d8449226e56c18b4c1183358c92b96894934ef8b16414d0d1216d586c50
https://vl63.ru/images/lime_v_vode_shutterstok_63752398.png,images/lime_v_vode_shutterstok_63752398.png,812992,390d2b4d30a5f69053aebabc268303bfb062496c57251f9ae5e48c043e8347f1
https://vl63.ru/images/logomini.png,images/logomini.png,18728,c49ba8b214e541166f0bb1fa2dcd1f4c141bbdf7c22bdce8d56c68a40ad77003
https://vl63.ru/images/luckbeautystudio/svetovoj-potolok-v-studii-krasoty.jpg,images/luckbeautystudio/svetovoj-potolok-v-studii-krasoty.jpg,222378,36558083c0938abe55658c7b81b6494b3b4a1df5b47e538fb08a11e70ecabeb7
https://vl63.ru/images/lustra-vozduhoochistitel/belyj-lakovyj-natjazhnoj-potolok-na-kuhne-s-dvumja-lustrami-i-svetilnikami-po-perimetru.jpg,images/lustra-vozduhoochistitel/belyj-lakovyj-natjazhnoj-potolok-na-kuhne-s-dvumja-lustrami-i-svetilnikami-po-perimetru.jpg,99190,b22ab81f5f22efed87f47deb4e919f9f4d83fc7826dc7eb286bac104f33b4c0f
https://vl63.ru/images/lustra-vozduhoochistitel/lustry-vozduhoochistiteli-nad-kuhonnoj-plitoj-foto.jpg,images/lustra-vozduhoochistitel/lustry-vozduhoochistiteli-nad-kuhonnoj-plitoj-foto.jpg,147507,5e1f0f2445a2876b61aebc7afeb77edc4efb0dae60f317bfffb40f2599a316e2
https://vl63.ru/images/lustra-vozduhoochistitel/svetlaja-prostornaja-kuhnja-s-obedennoj-zonoj.jpg,images/lustra-vozduhoochistitel/svetlaja-prostornaja-kuhnja-s-obedennoj-zonoj.jpg,91037,f7f4f6d99553423cd8c181bc39571db16e2948edb557602251ae00a77b06571a
https://vl63.ru/images/magazin-beer-time/fasad-magazina-beer-time-v-bagete.JPG,images/magazin-beer-time/fasad-magazina-beer-time-v-bagete.JPG,130328,f8ad776ba79befda4a0903640020755197ddb77a0726f9ab137907128477744a
https://vl63.ru/images/magazin-beer-time/natjazhnye-potolki-v-beer-time-galereja-baget.JPG,images/magazin-beer-time/natjazhnye-potolki-v-beer-time-galereja-baget.JPG,95605,d943f7f360741e86490979e5eb9d6a3db6e8d16980f36b2844a5452b9d38b0c2
https://vl63.ru/images/magazin-beer-time/natjazhnye-potolki-v_pivnom-magazine-beer-time.JPG,images/magazin-beer-time/natjazhnye-potolki-v_pivnom-magazine-beer-time.JPG,175261,847f34db909f6e45c3e365b12d22737830f5217153fb92561366b72ca5968177
https://vl63.ru/images/magazin-beer-time/natjazhnye-potolki-v_pivnom-magazine.JPG,images/magazin-beer-time/natjazhnye-potolki-v_pivnom-magazine.JPG,157907,35ceab16adab908e4961ec72fac8cb3437b06afd6bf0d750a26c6846a6535f14
https://vl63.ru/images/magazin-beer-time/torgovaja-galereja-baget.JPG,images/magazin-beer-time/torgovaja-galereja-baget.JPG,146444,b5eea486e481c3525c7dda6f6da0791dc552d4752158fdc01e9619e12e1def41
https://vl63.ru/images/magazin-tsvetov-orhideja/belye-lakovye-natjazhnye-potolki-v-magazine-tsvetov-orchid.JPG,images/magazin-tsvetov-orhideja/belye-lakovye-natjazhnye-potolki-v-magazine-tsvetov-orchid.JPG,218184,38336327fca258f64f78d2ce8180488cf548a3bb1306c4a6cc8d02747bab1023
https://vl63.ru/images/magazin-tsvetov-orhideja/belye-lakovye-natjazhnye-potolki-v-magazine-tsvetov.JPG,images/magazin-tsvetov-orhideja/belye-lakovye-natjazhnye-potolki-v-magazine-tsvetov.JPG,226603,5beb86c0d9e17ea403dab7d6bb9499724c6637bb4c69cef6531b5e71ea409d5f
https://vl63.ru/images/magazin-tsvetov-orhideja/belye-lakovye-natjazhnye-potolki-v-tsvetochnom-magazine.JPG,images/magazin-tsvetov-orhideja/belye-lakovye-natjazhnye-potolki-v-tsvetochnom-magazine.JPG,260739,5d5b3052e3b11f08e18e5f22dc8dcb4e061476165d7a8079e8cdfb34f48f75a7
https://vl63.ru/images/magazin-tsvetov-orhideja/magazin-orchideja-toljatti.JPG,images/magazin-tsvetov-orhideja/magazin-orchideja-toljatti.JPG,149902,99f858f498ac094ac54ed6628c65f179f68f2789db8cc34e067f9b22d4fc0c35
https://vl63.ru/images/magazin-tsvetov-orhideja/stratch-ceiling-in-flower-shop-orchid-togliatty.JPG,images/magazin-tsvetov-orhideja/stratch-ceiling-in-flower-shop-orchid-togliatty.JPG,124128,f4546a0a0ea071b1841d1fb2d7d7704421b72107a5deaa3d588c777355a57ae1
https://vl63.ru/images/magazin-tsvetov-orhideja/stratch-ceiling-in-flower-shop.JPG,images/magazin-tsvetov-orhideja/stratch-ceiling-in-flower-shop.JPG,178834,58e58aad763b2ccc70baf8f7d7bfbe2b0a78a4fed31f360618d96300a5a5e55f
https://vl63.ru/images/mansarda.jpg,images/mansarda.jpg,29164,eff6792c9939fc99d8c836f33e5ff4037a6bd5b89127deb663051f552c4813ad
https://vl63.ru/images/mansarda_bona/mansarda_do_ustanovki_natjazhnyh_potolkov.jpg,images/mansarda_bona/mansarda_do_ustanovki_natjazhnyh_potolkov.jpg,160683,de97de2e3d362f0f5846296af4f0864fa28a1e67d946524cb66cca55da97af45
https://vl63.ru/images/mansarda_bona/mansarda_posle_ustanovki_natjazhnyh_potolkov.jpg,images/mansarda_bona/mansarda_posle_ustanovki_natjazhnyh_potolkov.jpg,107610,cd8b8288d5b46120da781d02a15e7fe078b18576a0a76f175a02cbe5f0b1d946
https://vl63.ru/images/mega-stroi.jpg,images/mega-stroi.jpg,2137647,43ffff122a6cc00e10106e0bf19c399b4cfb7ec2fec436cf467214fe48448bde
https://vl63.ru/images/megastroi/nataznye-potolki-v-megastroi-na-gromovoi-33.jpg,images/megastroi/nataznye-potolki-v-megastroi-na-gromovoi-33.jpg,138975,66d12895f994372a5ed2f42a20f2dedfe01944eea0265ca2bee30ab4cf8f30a8
https://vl63.ru/images/mesto-bp-v-nishe/dvuhurovnevyj-natjazhnoj-potolok-s-nishej-dlja-gardiny.jpg,images/mesto-bp-v-nishe/dvuhurovnevyj-natjazhnoj-potolok-s-nishej-dlja-gardiny.jpg,55075,29347f264e2a37f166fa2db2aacdb6b712a9fc29604901aed36b6922c3fae7a2
https://vl63.ru/images/mesto-bp-v-nishe/dvuhurovnevyj-potolok-iz-matovoj-natjazhnoj-plenki-iz-profilej-prozet-kp2-np5.jpg,images/mesto-bp-v-nishe/dvuhurovnevyj-potolok-iz-matovoj-natjazhnoj-plenki-iz-profilej-prozet-kp2-np5.jpg,66649,d87afcd891ad585ce3d8fbc4a5c1f2d2dc2a2676be71ed090763e31d88c450c0
https://vl63.ru/images/mesto-bp-v-nishe/kuda-sprjatat-transformator-svetodiodnoj-lenty-v-natjazhnom-potolke.jpg,images/mesto-bp-v-nishe/kuda-sprjatat-transformator-svetodiodnoj-lenty-v-natjazhnom-potolke.jpg,148076,fe79eeed5bdfc19cc8907d2c65a65bbddd251b130948b742b12f6074aed4ab1b
https://vl63.ru/images/mesto-bp-v-nishe/mesto-dlja-bloka-pitanija-v-nishe-dlja-shtor.jpg,images/mesto-bp-v-nishe/mesto-dlja-bloka-pitanija-v-nishe-dlja-shtor.jpg,51775,9aaf639ddd829c838624d143ef93759997e6e7b8fac85c49a68788f777ae64c1
https://vl63.ru/images/mesto-bp-v-nishe/otverstie-v-nishe-natjazhnogo-potolka-dlja-dostupa-k-bloku-pitanija.jpg,images/mesto-bp-v-nishe/otverstie-v-nishe-natjazhnogo-potolka-dlja-dostupa-k-bloku-pitanija.jpg,53386,1f4418ba7bdc13d7746bb72d9185455a9ff3d5caccfcb6e3e2245d730fc2f41f
https://vl63.ru/images/metelitsa-zamena-svetilnikov/dvo-svetilnik.jpg,images/metelitsa-zamena-svetilnikov/dvo-svetilnik.jpg,73254,b5cc8ccb29c40471a66b8042a84ede1546da238ae1fc4dd9da0e1d7f5a50708b
https://vl63.ru/images/metelitsa-zamena-svetilnikov/kvitantsyja-za-iun-2017-metelitsa.jpg,images/metelitsa-zamena-svetilnikov/kvitantsyja-za-iun-2017-metelitsa.jpg,127577,e34f09e69c73c5ea1daea9d5c08a846206a69321cf7ab54b14f6d905da487a2b
https://vl63.ru/images/metelitsa-zamena-svetilnikov/kvitantsyja-za-sentjabr-2017-metelitsa.jpg,images/metelitsa-zamena-svetilnikov/kvitantsyja-za-sentjabr-2017-metelitsa.jpg,123430,6713027a9e613836d1f7e9a433c8066993b9dab97a0b6df58a5da00a8fcc966b
https://vl63.ru/images/metelitsa-zamena-svetilnikov/svetodiodnye-svetilniki-dvo-36-jazzwey-v-magazine-metelitsa.jpg,images/metelitsa-zamena-svetilnikov/svetodiodnye-svetilniki-dvo-36-jazzwey-v-magazine-metelitsa.jpg,191471,86c9bad3488d247e7e0b27d36ffa95fbd82e758292468e0c9be0d03b3dc1dfd5
https://vl63.ru/images/metelitsa-zamena-svetilnikov/svetodiodnyj-svetilnik-ppl-36-jazzwey-1.jpg,images/metelitsa-zamena-svetilnikov/svetodiodnyj-svetilnik-ppl-36-jazzwey-1.jpg,117857,0c2a0cd8a8ae629549110f0988bdf7af3d9422a52561682a4a94cf6023b2324d
https://vl63.ru/images/metelitsa-zamena-svetilnikov/torgovyj-zal-metelitsa-so-starymi-luminestsentnymi-svetilnikami.jpg,images/metelitsa-zamena-svetilnikov/torgovyj-zal-metelitsa-so-starymi-luminestsentnymi-svetilnikami.jpg,142384,01893c0766c0aa416e3f6f2f1650ebd82348b718e3eadd16ef89af35961729c4
https://vl63.ru/images/metelitsa-zamena-svetilnikov/torgovyj-zal-metelitsa-so-starymi-svetilnikami.jpg,images/metelitsa-zamena-svetilnikov/torgovyj-zal-metelitsa-so-starymi-svetilnikami.jpg,148412,138b524157c4767cb1728957cc6b46346f6050f1effe24f9ac05838249295f0a
https://vl63.ru/images/mnogourovnevie.jpg,images/mnogourovnevie.jpg,22492,a750eb9717237c50fc4268ef0a58b7c6c5b71db04e16bfd521a1242e481994ba
https://vl63.ru/images/moduli-potolkov_megastroi-5.jpg,images/moduli-potolkov_megastroi-5.jpg,1511360,ef63d0071ec728bf5f1be9f2ed7f1d20c63e5be781273041b5399ccd8e0de33b
https://vl63.ru/images/montage/garpun.jpg,images/montage/garpun.jpg,81812,15bb94b2c8f8881d612612c8b284a5cda686c1f416c03a8c980c8d7feeeff093
https://vl63.ru/images/montage/gotovim_stoiki_pod_svetilniki.jpg,images/montage/gotovim_stoiki_pod_svetilniki.jpg,310224,c44cf1bc43631d7f9510fc3973f6d95fb40795881f703e7d0c519ecb35798ad8
https://vl63.ru/images/montage/instrumenty_montazhnika_potolkov.jpg,images/montage/instrumenty_montazhnika_potolkov.jpg,302318,07f8561127b9636e78e9deac48cfee97f107e3c227066d1728ffc8d6adf0089e
https://vl63.ru/images/montage/opredeljaem%20uroven_nayjazhnyh_potolkov.jpg,images/montage/opredeljaem uroven_nayjazhnyh_potolkov.jpg,132289,416945332d07daca5783903261780b78fecac308560d1bcee29d61772565d6fd
https://vl63.ru/images/montage/otbivaem_uroven_nayjazhnyh_potolkov.jpg,images/montage/otbivaem_uroven_nayjazhnyh_potolkov.jpg,109140,ffba8a35a00477ff85baa8d1073e14b277397769b1b8fd6d30a4a46dd34a5648
https://vl63.ru/images/montage/potolok_ustanovlen.jpg,images/montage/potolok_ustanovlen.jpg,143953,1f5bdd0fae6bc7b78ed7bd5ec51ab91cfff98d8e4b99c599b3e7983497d509ab
https://vl63.ru/images/montage/prikleika_obvoda_truby.jpg,images/montage/prikleika_obvoda_truby.jpg,107571,6cf8fb8938e95550e2d8a89c65eb93c89ce8295de59f0446dba63997ddb8f725
https://vl63.ru/images/montage/prikleivaem_koltso_dlja_svetilnika.jpg,images/montage/prikleivaem_koltso_dlja_svetilnika.jpg,83840,dabc91b10baaf3d06394c01971c46b1ed3aa6faee11b9887f901a66a610cd021
https://vl63.ru/images/montage/prokalyvaem_otverstija_v_profile-2.jpg,images/montage/prokalyvaem_otverstija_v_profile-2.jpg,189742,6a4c9f1b7ab7d67d6cb21ef561075ddc680b0b637cceeb93cb9f0f5054d19360
https://vl63.ru/images/montage/raspakovyvaem_natjazhnoi_potolok.jpg,images/montage/raspakovyvaem_natjazhnoi_potolok.jpg,168015,550dfc383ef05e00381592c1ed0ce09a551443ebef85682059d9b82711b4b943
https://vl63.ru/images/montage/razmetka_obvoda_truby.jpg,images/montage/razmetka_obvoda_truby.jpg,147571,ec1eea4d04782957e31cbf360ac268788b446be6089008c1d998d3ce7dc540b6
https://vl63.ru/images/montage/razveshivaem_potolok-1.jpg,images/montage/razveshivaem_potolok-1.jpg,122710,0225bf1151a078bd85af7968649c6b9cf38a6dca799f71e974aa089f3c66af9e
https://vl63.ru/images/montage/razveshivaem_potolok.jpg,images/montage/razveshivaem_potolok.jpg,143651,0bdaaca4ba9a6418de84f23c6bcc1bb4e4eaf904b314a5935714f20ee825c795
https://vl63.ru/images/montage/sverlim_otverstija_v_stene-1.jpg,images/montage/sverlim_otverstija_v_stene-1.jpg,118199,fd79636b03c34f756d41e14700ab09d2c991046e6f3927beada0a56a20752a82
https://vl63.ru/images/montage/sverlim_otverstija_v_stene-4.jpg,images/montage/sverlim_otverstija_v_stene-4.jpg,96675,770938b9a2aff7664bdf33426e8e1a901e8c40d1010c0250823c3d92d1e4890f
https://vl63.ru/images/montage/svetilnik_ustanovlen_v_potolok.jpg,images/montage/svetilnik_ustanovlen_v_potolok.jpg,84316,379baa60e3be701422301396678b84729c8c4c2a31b4bc9f561fb039dee04031
https://vl63.ru/images/montage/ustanavlivaem_stoiki_pod_svetilniki-1.jpg,images/montage/ustanavlivaem_stoiki_pod_svetilniki-1.jpg,135164,2c5c5a34fb56ca0c2da586d88d5d25eec8cc97a6a0111c8da3257fa394234c62
https://vl63.ru/images/montage/ustanovka_lenty.jpg,images/montage/ustanovka_lenty.jpg,127364,df1a53673fc009fe5ab6ad8293d7a93e113035a7e0c0d3c5096ddfc2546bd948
https://vl63.ru/images/montage/ustanovka_obvoda_truby.jpg,images/montage/ustanovka_obvoda_truby.jpg,118963,f1e1da2da8f2167b94d4c0b30bb736528b388de308383bb0b093cecb63f56da1
https://vl63.ru/images/montage/vyrezaem_otverstie_v_koltse_dlja_svetilnika.jpg,images/montage/vyrezaem_otverstie_v_koltse_dlja_svetilnika.jpg,87953,f8f1c352af973392b7ea81f7bce27ef756842edc6c07fa459322c4b45967768b
https://vl63.ru/images/montage/zapravljaem_ugly_potolka.jpg,images/montage/zapravljaem_ugly_potolka.jpg,112114,438d938e0412a1da4c4ef7073d594b9678e5bc365375e5c0eb9c765cce78de95
https://vl63.ru/images/montage/zashisham_OTKOSY-1.jpg,images/montage/zashisham_OTKOSY-1.jpg,134038,9f95b1b8f8c5bdbc1775465522926a0f29cc4e802c219d61278cd7f314f27763
https://vl63.ru/images/montage/zashisham_OTKOSY.jpg,images/montage/zashisham_OTKOSY.jpg,120863,64ffc70791eb208de8701a9fa6115366eab235482b75728eb1f28d04de561eaa
https://vl63.ru/images/myshi-za-potolkom/dyra-v-natjazhnom-potolke-progryzlla-mysh.jpg,images/myshi-za-potolkom/dyra-v-natjazhnom-potolke-progryzlla-mysh.jpg,55407,9d77ac4f8192da8002f2900c658988615a5d36029ba5da70d2a919f0e1380864
https://vl63.ru/images/myshi-za-potolkom/dyru-v-natjazhnom-potolke-skryli-vent-reshetkoy.jpg,images/myshi-za-potolkom/dyru-v-natjazhnom-potolke-skryli-vent-reshetkoy.jpg,87898,0c714d34b96fc6e2b97d3de42752efe81e9be466eaac03cf5714c1cf1ee5199a
https://vl63.ru/images/myshi-za-potolkom/mysh-progryzla-natjazhnoy-potolok.jpg,images/myshi-za-potolkom/mysh-progryzla-natjazhnoy-potolok.jpg,82402,441ed08836ddac6e717e80685bb281cc0019c72352f786da62b7934c60e6109a
https://vl63.ru/images/natyznie-potolki-kuhni1.jpg,images/natyznie-potolki-kuhni1.jpg,25694,6b1c7730a8452b26333a547556bcf5e2e0a172cd20645c592e22a58eac2b3a82
https://vl63.ru/images/ne-otaplivaemaja-dacha/natjazhnoj-potolok-pvc-v-gostinoj-dachi-1.JPG,images/ne-otaplivaemaja-dacha/natjazhnoj-potolok-pvc-v-gostinoj-dachi-1.JPG,83207,5b283f5b61935cab1ed401db80df22c0607ee7b64351f8c5ef1d64784f740d27
https://vl63.ru/images/ne-otaplivaemaja-dacha/natjazhnoj-potolok-pvc-v-gostinoj-dachi-2.JPG,images/ne-otaplivaemaja-dacha/natjazhnoj-potolok-pvc-v-gostinoj-dachi-2.JPG,87207,d76f504171a019c476c0077d024b721173acb76ae2e46f010b841521bc440def
https://vl63.ru/images/ne-otaplivaemaja-dacha/natjazhnoj-potolok-pvc-v-gostinoj-dachi-3.JPG,images/ne-otaplivaemaja-dacha/natjazhnoj-potolok-pvc-v-gostinoj-dachi-3.JPG,122072,87a55296ec4d4cfddb114bf257751c2d70ed8cda2bfd36ceb6e7f39ca8a260a2
https://vl63.ru/images/ne-otaplivaemaja-dacha/natjazhnoj-potolok-pvc-v-gostinoj-dachi-4.JPG,images/ne-otaplivaemaja-dacha/natjazhnoj-potolok-pvc-v-gostinoj-dachi-4.JPG,173530,5320f9600441b01739410ec5a0070ef238867afab6738597077fcfead096e061
https://vl63.ru/images/ne-otaplivaemaja-dacha/natjazhnoj-potolok-pvc-v-gostinoj-dachi-5.JPG,images/ne-otaplivaemaja-dacha/natjazhnoj-potolok-pvc-v-gostinoj-dachi-5.JPG,99823,6b68d635983a326c3b9d7e20be818b8c1eaecdb7bf09780d9a0b24a9c1b79eec
https://vl63.ru/images/ne-otaplivaemaja-dacha/natjazhnoj-potolok-pvc-v-gostinoj-dachi.JPG,images/ne-otaplivaemaja-dacha/natjazhnoj-potolok-pvc-v-gostinoj-dachi.JPG,95234,96f7ed860dfc03dc3ba969b0ad2738df3a625aefdb5402ef20556cbe631bdc73
https://vl63.ru/images/ne-otaplivaemaja-dacha/vinilovyj-natjazhnoj-potolok-na-kuhne-dachi-1.JPG,images/ne-otaplivaemaja-dacha/vinilovyj-natjazhnoj-potolok-na-kuhne-dachi-1.JPG,206679,5d0cd633cc3d1e16a7dc5d22ff6b60571a50a13bffc80284d3ae737ce364de25
https://vl63.ru/images/ne-otaplivaemaja-dacha/vinilovyj-natjazhnoj-potolok-na-kuhne-dachi-2.JPG,images/ne-otaplivaemaja-dacha/vinilovyj-natjazhnoj-potolok-na-kuhne-dachi-2.JPG,185013,c31fb959131be1716a3c825fad26073461e3e888bd8f43d61212a813650afe98
https://vl63.ru/images/ne-otaplivaemaja-dacha/vinilovyj-natjazhnoj-potolok-na-kuhne-dachi.JPG,images/ne-otaplivaemaja-dacha/vinilovyj-natjazhnoj-potolok-na-kuhne-dachi.JPG,100623,e15b1a55d7e2f4cdd6b34e8c30abbbddd7bf2ccae880fc3f6340083641d24cab
https://vl63.ru/images/ne-ravnomernoe-svechenie-potolka/natjazhnoj-potolok-iz-poluprozrachnoj-plenki.JPG,images/ne-ravnomernoe-svechenie-potolka/natjazhnoj-potolok-iz-poluprozrachnoj-plenki.JPG,472426,83687e1a1131f4ff798fac22beabb22abc6eb5be5680dfe316a4b546bdbd3644
https://vl63.ru/images/ne-ravnomernoe-svechenie-potolka/natjazhnoj-potolok-iz-prozrachnoj-plenki.JPG,images/ne-ravnomernoe-svechenie-potolka/natjazhnoj-potolok-iz-prozrachnoj-plenki.JPG,519080,2300d4194376e13053d8727246c1fdb1880ec7ca3b5015e4398f3a99a51258ac
https://vl63.ru/images/ne-ravnomernoe-svechenie-potolka/natjazhnoj-potolok-svetjashijsja-polosami.JPG,images/ne-ravnomernoe-svechenie-potolka/natjazhnoj-potolok-svetjashijsja-polosami.JPG,448668,eb7574f7c920b7551d0baa874d68a8f379569cfcb249278a470a61869e9390ce
https://vl63.ru/images/ne-ravnomernoe-svechenie-potolka/neravnomernoe-osveshenie-natjazhnogo-potolka.JPG,images/ne-ravnomernoe-svechenie-potolka/neravnomernoe-osveshenie-natjazhnogo-potolka.JPG,473086,062f4c34a0f2f08beff4f43bc93fa60b6f313bfe7b484a4bf37198b17c4da616
https://vl63.ru/images/ne-ravnomernoe-svechenie-potolka/prozrachnyj-natjazhnoj-potolok.JPG,images/ne-ravnomernoe-svechenie-potolka/prozrachnyj-natjazhnoj-potolok.JPG,535078,d078e68ebc5a3b02429e1f8289c6869160a8f0e1066dfa33970ba3f0abfc638e
https://vl63.ru/images/ne-ravnomernoe-svechenie-potolka/svetodiod-lenta-na-potolke-osveshenije.JPG,images/ne-ravnomernoe-svechenie-potolka/svetodiod-lenta-na-potolke-osveshenije.JPG,582074,9fd2af94bbcdfd19868de673a0dcc721d014d5139685124feaede7b5b03ff8b4
https://vl63.ru/images/ne-ravnomernoe-svechenie-potolka/svetodiodnaja-lenta-dlja-svetovogo-potolka.JPG,images/ne-ravnomernoe-svechenie-potolka/svetodiodnaja-lenta-dlja-svetovogo-potolka.JPG,520774,65f35b182c9b7a2496762cc0e98d22e94fe93533c1796fb98a7b612363742ce6
https://vl63.ru/images/ne-ravnomernoe-svechenie-potolka/ustanovka-natjazhnogo-potolka-iz-prozrachnoj-plenki.JPG,images/ne-ravnomernoe-svechenie-potolka/ustanovka-natjazhnogo-potolka-iz-prozrachnoj-plenki.JPG,583106,429b08f000a9d152c5c4312d9fd67513f03337ca58052c1369de4f40130ee80b
https://vl63.ru/images/nisha/nisha_stor_v_natjazhnom_potolke-1.JPG,images/nisha/nisha_stor_v_natjazhnom_potolke-1.JPG,235172,49eccf26331f8bec253d6bd8cdaae829a52d609ade41995a38eb95627ebb199c
https://vl63.ru/images/nisha/nisha_stor_v_natjazhnom_potolke-2.JPG,images/nisha/nisha_stor_v_natjazhnom_potolke-2.JPG,269845,a4fdcafcbc334ba3bf7539344574575ed25b451e6e9a1b840538f00f5a1024de
https://vl63.ru/images/nisha/nisha_stor_v_natjazhnom_potolke.JPG,images/nisha/nisha_stor_v_natjazhnom_potolke.JPG,274994,e797c3bbb2170517aaa0d376e512368d176033a56996d43b9aa4ccba53dac818
https://vl63.ru/images/nishi_kazhdoi_shtory/nishi_stor_v_natjazhnyh_potolkah-1.JPG,images/nishi_kazhdoi_shtory/nishi_stor_v_natjazhnyh_potolkah-1.JPG,190196,266cbf0ed649e780aeb694a06fbf376c08f75f745caff9f993c2430dd5972b1b
https://vl63.ru/images/nishi_kazhdoi_shtory/nishi_stor_v_natjazhnyh_potolkah-2.JPG,images/nishi_kazhdoi_shtory/nishi_stor_v_natjazhnyh_potolkah-2.JPG,187398,5f5d173da8b6acd7c15568a8c9c32ab13ad2130252b343ba9f389e9d29ec7a41
https://vl63.ru/images/nishi_kazhdoi_shtory/nishi_stor_v_natjazhnyh_potolkah.JPG,images/nishi_kazhdoi_shtory/nishi_stor_v_natjazhnyh_potolkah.JPG,219290,41768ef60b01fc2e8af7349d4397a6d07fa27763062c355f1827405c3711b112
https://vl63.ru/images/obrushenie-potolka/obrushenie-plit-perekrytij-nad-natjazhnym-potolkom-1.jpg,images/obrushenie-potolka/obrushenie-plit-perekrytij-nad-natjazhnym-potolkom-1.jpg,115330,c61cb08dc4f968acf6f6ad8cf7ebebe42e7e2d8dcffe6fc23aae1331b0176dae
https://vl63.ru/images/obrushenie-potolka/obrushenie-plit-perekrytij-nad-natjazhnym-potolkom-2.jpg,images/obrushenie-potolka/obrushenie-plit-perekrytij-nad-natjazhnym-potolkom-2.jpg,113383,75948ba254cace38641a1835339262570c7518d7516fccc59b4c924c8706e6e8
https://vl63.ru/images/obrushenie-potolka/obrushenie-plit-perekrytij-nad-natjazhnym-potolkom.jpg,images/obrushenie-potolka/obrushenie-plit-perekrytij-nad-natjazhnym-potolkom.jpg,64500,d5f66e20242de6b3e382529488937cb0020af9e34fd0d01ccf8603eabb9d1dc9
https://vl63.ru/images/office-toljatti/office-firm-vert-line-potolki.JPG,images/office-toljatti/office-firm-vert-line-potolki.JPG,106164,dde2a779134b1179061e504ed79dc9e9d6bcf1f65f829be9a0ab425a675c1491
https://vl63.ru/images/office-toljatti/office-firm-vert-line.JPG,images/office-toljatti/office-firm-vert-line.JPG,101325,df2d0c52c812d0fe53dc72b6832e2c8b73d917e275d7ad0c9dd918cd7b289de8
https://vl63.ru/images/office-toljatti/potolok-volna-koridor-office-vlt.JPG,images/office-toljatti/potolok-volna-koridor-office-vlt.JPG,112361,4b8020e3180e2c4a9086709fbacee842bac89eceb561680c14246bbf7eb693ea
https://vl63.ru/images/opla.png,images/opla.png,9572,77312147d471346672d8d26ab0792946985370257d399cf1364454118f9bd6ff
https://vl63.ru/images/otkrytie-megasvet-okolo-park-hauz/aktsija-megasvet-nojabrja-2017-lustra-v-podarok.JPG,images/otkrytie-megasvet-okolo-park-hauz/aktsija-megasvet-nojabrja-2017-lustra-v-podarok.JPG,87971,7e79d40dd30fb8ec333667b99c46a5f036f608856b4ac6fba9120cb45bafa493
https://vl63.ru/images/otkrytie-megasvet-okolo-park-hauz/baner-po-natjazhnym-potolkam-na-megasvet.JPG,images/otkrytie-megasvet-okolo-park-hauz/baner-po-natjazhnym-potolkam-na-megasvet.JPG,96660,6e3076179060c7b2d05610f2519106481eb34421597c2ff6bbbdaa537db13746
https://vl63.ru/images/otkrytie-megasvet-okolo-park-hauz/fasad-zdanija-magazina-megasvet-na-avtozavodskom-shosse-10.jpg,images/otkrytie-megasvet-okolo-park-hauz/fasad-zdanija-magazina-megasvet-na-avtozavodskom-shosse-10.jpg,90871,9122ee86737b533c5db42a0b2bc5f34284282ff783a2082a9a522ca11d5316ce
https://vl63.ru/images/otkrytie-megasvet-okolo-park-hauz/fasad-zdanija-magazina-svetotechniki-megasvet-avtozavodskoe-shosse-10-toljatti.jpg,images/otkrytie-megasvet-okolo-park-hauz/fasad-zdanija-magazina-svetotechniki-megasvet-avtozavodskoe-shosse-10-toljatti.jpg,632388,d82d840aca746448b7c438b6299cb708c676077d5221cd117469d56038d342fb
https://vl63.ru/images/otkrytie-megasvet-okolo-park-hauz/magazin-svetotechniki-megasvet-avtozavodskoe-shosse-10-toljatti.jpg,images/otkrytie-megasvet-okolo-park-hauz/magazin-svetotechniki-megasvet-avtozavodskoe-shosse-10-toljatti.jpg,833387,609bc1ab1f1f65159a077c7cf2acbdc7efe37bb172e1ec7028ba5f570771a25e
https://vl63.ru/images/otkrytie-megasvet-okolo-park-hauz/megasvet-avtozavodskoe-shosse-10-toljatti.jpg,images/otkrytie-megasvet-okolo-park-hauz/megasvet-avtozavodskoe-shosse-10-toljatti.jpg,844821,263403a397e3ec4621484057bc635ebaf70b16f064e27adea71e56891bd24e76
https://vl63.ru/images/otkrytie-megasvet-okolo-park-hauz/neon-servis-montiruet-objemnye-bukvy-na-fasad-megasvet.JPG,images/otkrytie-megasvet-okolo-park-hauz/neon-servis-montiruet-objemnye-bukvy-na-fasad-megasvet.JPG,123083,7e1f190d828962d464ae95991ffe2bbd2c2df68ebb3bd1ba7be8ce8fcb716762
https://vl63.ru/images/otkrytie-megasvet-okolo-park-hauz/priem-zakazov-po-natjazhnym-potolkam-v-toljatti-vertikalnaja-linija.jpg,images/otkrytie-megasvet-okolo-park-hauz/priem-zakazov-po-natjazhnym-potolkam-v-toljatti-vertikalnaja-linija.jpg,178888,25b8491753997652b8f32d2fe2aa8a0b84848fc1f23366faecae0c4be4001ffd
https://vl63.ru/images/otkrytie-megasvet-okolo-park-hauz/rabochij-stol-tochki-prodazh-natjazhnyh-potolkov-vlt.jpg,images/otkrytie-megasvet-okolo-park-hauz/rabochij-stol-tochki-prodazh-natjazhnyh-potolkov-vlt.jpg,662897,93ad008cd9c184db6b43727070839b038b625ce3178ae060c956b501e867e445
https://vl63.ru/images/otkrytie-megasvet-okolo-park-hauz/rezhim-raboty-megasvet-toljatti-avtozavodskoe-shosse-10.jpg,images/otkrytie-megasvet-okolo-park-hauz/rezhim-raboty-megasvet-toljatti-avtozavodskoe-shosse-10.jpg,124822,707ae623e52a48969ebbd68591e9b1de39090e096064f6345b71e4bb52727acb
https://vl63.ru/images/otkrytie-megasvet-okolo-park-hauz/vertikalnaja-linija-v-megasvet-na-avtozavodskom-shosse-10.jpg,images/otkrytie-megasvet-okolo-park-hauz/vertikalnaja-linija-v-megasvet-na-avtozavodskom-shosse-10.jpg,135378,396d0ed3c33d56b711a84352b27a144356471f59e1158137946abfdc50a3622d
https://vl63.ru/images/otlichie-uv-i-solventnoj-foto-pechati/brak-solventnoj-pechati-na-potolke.JPG,images/otlichie-uv-i-solventnoj-foto-pechati/brak-solventnoj-pechati-na-potolke.JPG,243297,88026fad437e5906fe0bf710cd221375d4733c36d14708e6ca37b1447d36d364
https://vl63.ru/images/otlichie-uv-i-solventnoj-foto-pechati/defekt-foto-print-solvent-na-potolke.JPG,images/otlichie-uv-i-solventnoj-foto-pechati/defekt-foto-print-solvent-na-potolke.JPG,204029,ee51d465bf322dad256586dd7dcd80d0d7fcdce6d42df81311691a6dc30968dd
https://vl63.ru/images/otlichie-uv-i-solventnoj-foto-pechati/maket-foto-print-potolok.jpg,images/otlichie-uv-i-solventnoj-foto-pechati/maket-foto-print-potolok.jpg,289728,aa1c698d89ff17adf93df36e3a83c8a2ac70a37e349219798eb78e9da8e2ac20
https://vl63.ru/images/otlichie-uv-i-solventnoj-foto-pechati/natjazhnoj-potolok-solvent-fotopechat.JPG,images/otlichie-uv-i-solventnoj-foto-pechati/natjazhnoj-potolok-solvent-fotopechat.JPG,262593,bac548aee4a08baa22e83c2697e83bc9b87da3f451f7678e4a0d7682934e2363
https://vl63.ru/images/otlichie-uv-i-solventnoj-foto-pechati/natjazhnoj-potolok-uv-fotopechat.JPG,images/otlichie-uv-i-solventnoj-foto-pechati/natjazhnoj-potolok-uv-fotopechat.JPG,258383,dc4d7bebaf1e0fbd725d60d14dd031ecdf7d178be74a92a3f910fab5f633fb09
https://vl63.ru/images/otlichie-uv-i-solventnoj-foto-pechati/stokovaja-illustratsija-iz-shutterstok-dlja-potolka.jpg,images/otlichie-uv-i-solventnoj-foto-pechati/stokovaja-illustratsija-iz-shutterstok-dlja-potolka.jpg,242381,7c898d5c3f8e922d8a8ffae9ec3019914a8c8a5cbcc817d6b3ac9ce35324fe83
https://vl63.ru/images/parjashaja-linija-nad-fotoplitkoj/dizain-proekt-vannoj-s-parjashim-profilem-natjazhnogo-potolka.jpg,images/parjashaja-linija-nad-fotoplitkoj/dizain-proekt-vannoj-s-parjashim-profilem-natjazhnogo-potolka.jpg,98774,5de924c2b7aeecfd12808c94ba239c1ff67447b0f94e5f42b9dec2f96ea0887c
https://vl63.ru/images/parjashaja-linija-nad-fotoplitkoj/fotoplitka-v-vannoj-podsvechennaja-parjashim-natjazhnym-potolkom.jpg,images/parjashaja-linija-nad-fotoplitkoj/fotoplitka-v-vannoj-podsvechennaja-parjashim-natjazhnym-potolkom.jpg,132343,76fab5826674f35da670e6874730ed2c51c216b9e148350f21c61c5d22162bb8
https://vl63.ru/images/parjashaja-linija-nad-fotoplitkoj/parjashij-profil-natjazhnogo-potolka-na-odnoj-stene-vannoj-komnaty.jpg,images/parjashaja-linija-nad-fotoplitkoj/parjashij-profil-natjazhnogo-potolka-na-odnoj-stene-vannoj-komnaty.jpg,163247,a289ce135ac4958294b8919c44993b2946f3dbce364379c91572664566604a70
https://vl63.ru/images/parjashaja-linija-nad-fotoplitkoj/potolochnaja-poloska-sveta-vdol-steny.jpg,images/parjashaja-linija-nad-fotoplitkoj/potolochnaja-poloska-sveta-vdol-steny.jpg,56473,8da2865c0781f6dc470967eb792ca3605bb13b6bbd00cd0b2e5dead77fbd1bdd
https://vl63.ru/images/parjashaja-linija-nad-fotoplitkoj/proekt-dizain-studii-2a-v-lesnoj-slobode-toljatti.jpg,images/parjashaja-linija-nad-fotoplitkoj/proekt-dizain-studii-2a-v-lesnoj-slobode-toljatti.jpg,122663,ca5aaf3e4fa9ba25a1646d3e1edda3e5784328536380490394339b41f4413ed7
https://vl63.ru/images/pjatno_ot_protechki/dvuhurovnevyi_potolok_gips-natjazhnoi.JPG,images/pjatno_ot_protechki/dvuhurovnevyi_potolok_gips-natjazhnoi.JPG,222022,f7c19582a740f1b433b8dfb087dec3080a8bb64cdd4e0dc19226bce95dc1c5c9
https://vl63.ru/images/pjatno_ot_protechki/pjatna_natjazhnoi_potolok_protechka.JPG,images/pjatno_ot_protechki/pjatna_natjazhnoi_potolok_protechka.JPG,784783,f8a78079715e4486c9c65ede5196e48c841f4de810774a99e3803536f6e6c05f
https://vl63.ru/images/plenochnyj-obogrevatel/plenochnyj-obogrevatel-neb-220v-50hz-500w.jpg,images/plenochnyj-obogrevatel/plenochnyj-obogrevatel-neb-220v-50hz-500w.jpg,96726,833228ec9ad2bb03e819df74ce671ab56e2fa0cda5476a7983dca1cc24215865
https://vl63.ru/images/plenochnyj-obogrevatel/plenochnyj-obogrevatel-pod-stolom-v-magazine.jpg,images/plenochnyj-obogrevatel/plenochnyj-obogrevatel-pod-stolom-v-magazine.jpg,44394,ddbf9fe22c68d28f1f4ad6af3cec418fc2b955504f027263ab0ca6db5e07354f
https://vl63.ru/images/plenochnyj-obogrevatel/plenochnyj-obogrevatel-pod-stolom.jpg,images/plenochnyj-obogrevatel/plenochnyj-obogrevatel-pod-stolom.jpg,105599,0de915503ef2b1f3e3d254e3823532a0f37488a95454313b41d11f486c86ac09
https://vl63.ru/images/plenochnyj-obogrevatel/plenochnyj-obogrevatel-visit-kak-panno.jpg,images/plenochnyj-obogrevatel/plenochnyj-obogrevatel-visit-kak-panno.jpg,178920,98321dfb18cf1139e8250fdd42af827caaf6b759a8e12c300cdf3cf485abfb8a
https://vl63.ru/images/plintus-v-nishu-dlja-shtor/belyj-matovyj-natjazhnoj-potolok-s-nushej-dlja-shtory.JPG,images/plintus-v-nishu-dlja-shtor/belyj-matovyj-natjazhnoj-potolok-s-nushej-dlja-shtory.JPG,54993,e008894060f0f3bae368f3f63d9425d978b22d08ea790a035c02f82bd7fbdba4
https://vl63.ru/images/plintus-v-nishu-dlja-shtor/natjazhnoj-potolok-do-truby-otoplenija-s-nishej-dlja-gardiny.JPG,images/plintus-v-nishu-dlja-shtor/natjazhnoj-potolok-do-truby-otoplenija-s-nishej-dlja-gardiny.JPG,52544,986324b78dae5bc86dd071305817636eb0f89b7c7224265f1858e3fff858e865
https://vl63.ru/images/plintus-v-nishu-dlja-shtor/nisha-v-natjazhnom-potolke-dlja-shtory.JPG,images/plintus-v-nishu-dlja-shtor/nisha-v-natjazhnom-potolke-dlja-shtory.JPG,49292,d6a1cf60d66edc0fcae0cea2e30b9e0f8dacd623190cda198799e647d3ab7b5d
https://vl63.ru/images/plintus-v-nishu-dlja-shtor/polka-iz-gipsokartona-dlja-potolochnogo-plintusa-v-nishe-dlja-shtory.JPG,images/plintus-v-nishu-dlja-shtor/polka-iz-gipsokartona-dlja-potolochnogo-plintusa-v-nishe-dlja-shtory.JPG,58456,aeae2147ac2b145360066972b6e62ad541b95c2a4a4cb37baa2abebb8cac6f43
https://vl63.ru/images/plintus-v-nishu-dlja-shtor/vertikalnaja-polka-iz-poloski-gkl-dlja-dekorativnogo-karniza-v-nishe-natjazhnogo-potolka.JPG,images/plintus-v-nishu-dlja-shtor/vertikalnaja-polka-iz-poloski-gkl-dlja-dekorativnogo-karniza-v-nishe-natjazhnogo-potolka.JPG,82900,5bf05c255ece788c0bec9032aae5aa3983985404ffd6b77fe6001ebb9f7a3802
https://vl63.ru/images/podelki-detskih-sadov/Recycled-Cardboard-Tubes.jpg,images/podelki-detskih-sadov/Recycled-Cardboard-Tubes.jpg,274046,b9277c0121bb13e463c4a5a4e5438b8e7b8f32377c595766a4169a89c008ad13
https://vl63.ru/images/podelki-detskih-sadov/cardboard-tube-christmas-village.jpg,images/podelki-detskih-sadov/cardboard-tube-christmas-village.jpg,67788,4fd30c08f0610f794dda55c27a4ecc736b8582fd78802735396a5261ca8cb0fc
https://vl63.ru/images/podelki-detskih-sadov/fun-crafts-for-kids.jpg,images/podelki-detskih-sadov/fun-crafts-for-kids.jpg,44490,8a18d284bb797d18c14912c97af0eef9f6467500bbabcd3f96233ed10318077f
https://vl63.ru/images/podelki-detskih-sadov/podelki-iz-rulonov.jpg,images/podelki-detskih-sadov/podelki-iz-rulonov.jpg,62506,2782cce10f3d3b1efbcf109d38ae80f368fc559821ad290ae6c8ed4358c717b3
https://vl63.ru/images/podelki-detskih-sadov/zamok-iz-trub-v-detskij-sad.jpg,images/podelki-detskih-sadov/zamok-iz-trub-v-detskij-sad.jpg,73261,f8430742ccbfa519ade59a46c1ee0c9752b9513dcfe90df8b7c5fbf1ad34a45a
https://vl63.ru/images/podelki-detskih-sadov/zveri_iz_trub.jpeg,images/podelki-detskih-sadov/zveri_iz_trub.jpeg,334291,217fec62842489ff21e66f3635ab8bdbee760b5abf107185959c6b22d7ed2fc9
https://vl63.ru/images/podstakanniki-iz-trub/pencil-holder.jpg,images/podstakanniki-iz-trub/pencil-holder.jpg,44413,a29b2e8b126337788e43e4b836ecfbc919271d371a653248c952491d211cf1a1
https://vl63.ru/images/podstakanniki-iz-trub/stakany-iz-trub-ot-potolkov.jpg,images/podstakanniki-iz-trub/stakany-iz-trub-ot-potolkov.jpg,63116,3364e2874ea28dc538daffb418190ad0ba93f7561e6f6fe0b071d8995a1aa3b8
https://vl63.ru/images/poluprozrachnyj-potolok-s-podsvetkoj-perimetra/poluprozrachnyj-natjazhnoj-potolok-so-skrytoj-podsvetkoj-perimetra.jpg,images/poluprozrachnyj-potolok-s-podsvetkoj-perimetra/poluprozrachnyj-natjazhnoj-potolok-so-skrytoj-podsvetkoj-perimetra.jpg,83690,eba7788dfdfe843474c1393bbe3eb302160e1bd3e664f6fded427ed720c23382
https://vl63.ru/images/poluprozrachnyj-potolok-s-podsvetkoj-perimetra/skrytaja-podsvetka-za-poluprozrachnym-natjazhnym-potolkom-foto.jpg,images/poluprozrachnyj-potolok-s-podsvetkoj-perimetra/skrytaja-podsvetka-za-poluprozrachnym-natjazhnym-potolkom-foto.jpg,92082,5be2f40bef5a23c79b3ec8180520f70e567190a7b435a97249608da6368bde11
https://vl63.ru/images/poluprozrachnyj-potolok-s-podsvetkoj-perimetra/svetorasseivaushaja-plenka-vygljadit-kak-belyj-matovyj-potolok.jpg,images/poluprozrachnyj-potolok-s-podsvetkoj-perimetra/svetorasseivaushaja-plenka-vygljadit-kak-belyj-matovyj-potolok.jpg,91490,612eee9aba72d75e8492014767d6516db101e1352a735455f72ecd88b2e04394
https://vl63.ru/images/porez-natagnogo-potolka-zakryt-vent-reshetkoj/porez-potoloka-zakleen-maljarnoj-lentoj.jpg,images/porez-natagnogo-potolka-zakryt-vent-reshetkoj/porez-potoloka-zakleen-maljarnoj-lentoj.jpg,127322,d52eb77830533731c38cfa90fbec0ef3b75f1ca85030057638ab50d98c88e7a7
https://vl63.ru/images/porez-natagnogo-potolka-zakryt-vent-reshetkoj/porez-potoloka-zakryt-vent-reshetkoj.jpg,images/porez-natagnogo-potolka-zakryt-vent-reshetkoj/porez-potoloka-zakryt-vent-reshetkoj.jpg,129378,dda0c256d31118f0df33b1eb6f37977c47ed711b8288e37149b406d0a2951781
https://vl63.ru/images/pos-terminal_visa_mastercard.JPG,images/pos-terminal_visa_mastercard.JPG,901713,1209bffeedd7aded7fb836802694e1f050c2b37f15ded4f8db5486758c244185
https://vl63.ru/images/potolok-iz-trub/potolok-iz-kartonnyh-trub-1.jpg,images/potolok-iz-trub/potolok-iz-kartonnyh-trub-1.jpg,159071,f4e00e403e75b969570d0fe9a5faf86c9ebdec784f2d5c7cb8e3d736b0aff5a2
https://vl63.ru/images/potolok-iz-trub/potolok-iz-kartonnyh-trub-2.jpg,images/potolok-iz-trub/potolok-iz-kartonnyh-trub-2.jpg,211987,bb15542a2c44a7ddbfaf972c95e583f6a8666ab513cd40b2002bff6c65d97398
https://vl63.ru/images/potolok-iz-trub/potolok-iz-kartonnyh-trub-3.jpg,images/potolok-iz-trub/potolok-iz-kartonnyh-trub-3.jpg,144538,fe7c982cb1b05afc2e89b6fee368646c1a2b1f0b5b939d56570db72714e17905
https://vl63.ru/images/potolok-iz-trub/potolok-iz-kartonnyh-trub-4.jpg,images/potolok-iz-trub/potolok-iz-kartonnyh-trub-4.jpg,147753,6f1c03c3de28d678de5d6d96c7b1c00e535d20f0dea0708dad6c9fec0b5bb0e6
https://vl63.ru/images/potolok-iz-trub/potolok-iz-kartonnyh-trub-5.jpg,images/potolok-iz-trub/potolok-iz-kartonnyh-trub-5.jpg,175737,b916affb5357e1d9741b0bd32e8df51b01d3748c48473e2176ed422f00e0990b
https://vl63.ru/images/potolok-iz-trub/potolok-iz-kartonnyh-trub-6.jpg,images/potolok-iz-trub/potolok-iz-kartonnyh-trub-6.jpg,195582,3c27d27690cb7c2af2b0db3680b38cbb8ab46ce962ab6a783dcb5b53b7ab345e
https://vl63.ru/images/potolok-lustra.jpg,images/potolok-lustra.jpg,216796,4968592dcdea45136e102e497180e84021de14be2f1c2f78a4b029559be2ee17
https://vl63.ru/images/potolok_s_karnizom_i_truboi.JPG,images/potolok_s_karnizom_i_truboi.JPG,2598401,8b54e8711d05006f772d1921586f1c8247b38c554319eca5e474563e16ecd776
https://vl63.ru/images/prihojie.jpg,images/prihojie.jpg,22505,d6f184e9c07e254bd75bedcd4a4550130c20a276181a303121e79ce0fa589ab9
https://vl63.ru/images/prjamougolnye-svetilniki/otverstie-v-natjazhnom-potolke-dljaprjamougolnogo-svetilnika.JPG,images/prjamougolnye-svetilniki/otverstie-v-natjazhnom-potolke-dljaprjamougolnogo-svetilnika.JPG,85315,21b265fc91008cd7a6ade10a7a7178886315ebaa980a9e1003236db29e3b959e
https://vl63.ru/images/prjamougolnye-svetilniki/otverstie-v-natjazhnom-potolke-prjamougolnogo-svetilnika.JPG,images/prjamougolnye-svetilniki/otverstie-v-natjazhnom-potolke-prjamougolnogo-svetilnika.JPG,94113,b1d1faa303383e62a9e2aa85ab1a2f36b69e78351706f6e783e49b29094628a0
https://vl63.ru/images/prjamougolnye-svetilniki/otverstie-v-natjazhnom-potolke-prjamougolnyj-svetilnik.JPG,images/prjamougolnye-svetilniki/otverstie-v-natjazhnom-potolke-prjamougolnyj-svetilnik.JPG,94433,75a958afbe5ea07ef5b1c4fc6b38cfb4066f2d885d87b34d5afce56dbc0e9ac6
https://vl63.ru/images/prjamougolnye-svetilniki/platforma-prjamougolnogo-svetilnika-i-razdelitel.JPG,images/prjamougolnye-svetilniki/platforma-prjamougolnogo-svetilnika-i-razdelitel.JPG,153304,a467f64945b7199a459cbf80406a1d87ac07afbdf2946e6654894829876182f8
https://vl63.ru/images/prjamougolnye-svetilniki/platforma-prjamougolnogo-svetilnika.JPG,images/prjamougolnye-svetilniki/platforma-prjamougolnogo-svetilnika.JPG,123860,d6b031bca2785d2a90bf073c3e0865686ab6ab362ee118c0543383185c0ae144
https://vl63.ru/images/prjamougolnye-svetilniki/platforma-prjamougolnyh-svetilnikov.JPG,images/prjamougolnye-svetilniki/platforma-prjamougolnyh-svetilnikov.JPG,125293,4b68f9fedc4c0a5a419d41b16f099e03cb7cb4f7c58eb02cfd39c55a81e97e9b
https://vl63.ru/images/prjamougolnye-svetilniki/prjamougolnye-svetilniki-v-natjazhnom-potolke-1.JPG,images/prjamougolnye-svetilniki/prjamougolnye-svetilniki-v-natjazhnom-potolke-1.JPG,84843,1cce369e8616c117346c3ad6642764d633a7a8670a14df74b65b7b9f082e131f
https://vl63.ru/images/prjamougolnye-svetilniki/prjamougolnye-svetilniki-v-natjazhnom-potolke.JPG,images/prjamougolnye-svetilniki/prjamougolnye-svetilniki-v-natjazhnom-potolke.JPG,154691,7cf826bf0d068f3ab90dd09188f11e29c7e3805bcb4aabacd808bfc79afc0971
https://vl63.ru/images/prjamougolnye-svetilniki/prjamougolnyj-svetilnik-v-natjazhnom-potolke.JPG,images/prjamougolnye-svetilniki/prjamougolnyj-svetilnik-v-natjazhnom-potolke.JPG,114762,190166e7dd3b974f12d9c0dd8b7c778dddcd89266a0db729b2b7ba5d3e5bcb78
https://vl63.ru/images/problem_ceiling/potolochnye_skvoznjaki.JPG,images/problem_ceiling/potolochnye_skvoznjaki.JPG,801022,0e82163b4d39f788740fda311c98d486eeed2784d7411101d2f0660eebfc68f6
https://vl63.ru/images/protechka_v_spalne/natjazhnoi-potolok_posle-protechki-.JPG,images/protechka_v_spalne/natjazhnoi-potolok_posle-protechki-.JPG,199148,e412a1eaaf56afd30a4099e507a44c5b48c6540b822083b08456478380bf88a6
https://vl63.ru/images/protechka_v_spalne/natjazhnoi-potolok_posle-protechki-1.JPG,images/protechka_v_spalne/natjazhnoi-potolok_posle-protechki-1.JPG,120671,9980399f7ba11bbbd6b791827f8c298fb29634743b1dcd1ae281879e5ec94a98
https://vl63.ru/images/protechka_v_spalne/natjazhnoi-potolok_posle-protechki-2.JPG,images/protechka_v_spalne/natjazhnoi-potolok_posle-protechki-2.JPG,101012,33e4b57eb90f8e2ced749dd95bd7c5c24b094c427837bf74394a3dad31b967a6
https://vl63.ru/images/protechka_v_spalne/natjazhnoi-potolok_posle-protechki-3.JPG,images/protechka_v_spalne/natjazhnoi-potolok_posle-protechki-3.JPG,105872,b5727eaa8eab2a890d25eb3d1abdbeefdc4a22ad5910a02b0d901a63f0ea87f0
https://vl63.ru/images/protechka_v_spalne/natjazhnoi-potolok_posle-protechki-4.JPG,images/protechka_v_spalne/natjazhnoi-potolok_posle-protechki-4.JPG,104232,68fac22ae053a77a62ba0f313588d35c3520df4530112d6d4bcb4fc6c1df2084
https://vl63.ru/images/provod/bosch-dmf-10-zoom.jpg,images/provod/bosch-dmf-10-zoom.jpg,121837,1e69da6d77ab2c7d5c49b2977b06bdb5df446487203a410f2b58c23e9effac62
https://vl63.ru/images/provod/detektor_skrytoi_provodki_bosch-dm-10-zoom.jpg,images/provod/detektor_skrytoi_provodki_bosch-dm-10-zoom.jpg,142428,d81d0f3063ddad29fd59c2fdb1efcc4f75fd63fb83efc91669253452e9e0d7d2
https://vl63.ru/images/provod/otmetka_skrytoi_provodki_pri_montage_potolka.jpg,images/provod/otmetka_skrytoi_provodki_pri_montage_potolka.jpg,138086,213ed297ff92ba6579ebbda7a24dedac6667bddac1c196634d3e20bd755fd297
https://vl63.ru/images/quattro-v-nishu-dlja-plintusa/dvuhuruvnevyj-natjazhnoj-potolok-so-svetodiodnoj-podsvetkoj.JPG,images/quattro-v-nishu-dlja-plintusa/dvuhuruvnevyj-natjazhnoj-potolok-so-svetodiodnoj-podsvetkoj.JPG,51841,2d9309c91dda9086ea22f79fc2e70153bcd315cefeee636bb00159d80defc5c4
https://vl63.ru/images/quattro-v-nishu-dlja-plintusa/interjernyj-karniz-na-kromke-nishi-natjazhnogo-potolka.JPG,images/quattro-v-nishu-dlja-plintusa/interjernyj-karniz-na-kromke-nishi-natjazhnogo-potolka.JPG,160911,ac30417ac9fe94d0f0dd36ccfc9d3011009817c06bcbbdc1bdb51abf5e418e3d
https://vl63.ru/images/quattro-v-nishu-dlja-plintusa/kak-k-nizhnemu-krayu-nishi-v-natyazhnom-potolke-zakrepit-potolochnyj-plintus-bez-ispolzovanija-gipsokartona.JPG,images/quattro-v-nishu-dlja-plintusa/kak-k-nizhnemu-krayu-nishi-v-natyazhnom-potolke-zakrepit-potoloch__b42953c004fc.JPG,127457,e48b36505804b061374c0bc65c974812c8677ac14739bdfaf066836c42ca0455
https://vl63.ru/images/quattro-v-nishu-dlja-plintusa/karniz-potolochnyj-decomaster-148b-60.JPG,images/quattro-v-nishu-dlja-plintusa/karniz-potolochnyj-decomaster-148b-60.JPG,138135,28f89ddf7b5726a1f1f22aa389e33fef21e1635f7f882869d7acaec26ef3ed53
https://vl63.ru/images/quattro-v-nishu-dlja-plintusa/nisha-v-natjazhnom-potolke.JPG,images/quattro-v-nishu-dlja-plintusa/nisha-v-natjazhnom-potolke.JPG,53269,e16ca25a78f3b4bb72cb27982cc417df4146d05f9f5c1408da3d68097038f78f
https://vl63.ru/images/quattro-v-nishu-dlja-plintusa/plastikovyj-profil-quattro-dlja-svetovyh-korobov.JPG,images/quattro-v-nishu-dlja-plintusa/plastikovyj-profil-quattro-dlja-svetovyh-korobov.JPG,122259,36f6ff812376c2ae17979c932cb157c62adae74334efe5f1414b02599416de30
https://vl63.ru/images/rabota-firmy-feniks/natjazhnoy-potolok-ustanovlen-na-deshevyj-plastikovyj-baget.JPG,images/rabota-firmy-feniks/natjazhnoy-potolok-ustanovlen-na-deshevyj-plastikovyj-baget.JPG,89665,6f18d5c5c0998e6e999b7c280749aadb0a33d407fdf12db9e8f9d84656fcd2b5
https://vl63.ru/images/rabota-firmy-feniks/plastikovyj-profil-vygnulo-v-nishe.JPG,images/rabota-firmy-feniks/plastikovyj-profil-vygnulo-v-nishe.JPG,50303,0dd2c4447dbced3dea1379e8bafed3d07a4515adda9a7aaff83242d5549e7369
https://vl63.ru/images/razdelitel_krivolineino/delenie_na_zony.jpg,images/razdelitel_krivolineino/delenie_na_zony.jpg,2095168,ce5038b09da0f7c6da25c22737c5535515cdcb73c36d0d43e5f8835ec10d7a56
https://vl63.ru/images/razdelitel_krivolineino/krivolineino_razdelitel.jpg,images/razdelitel_krivolineino/krivolineino_razdelitel.jpg,2283648,a010d1eda9b5be6920417cdb9a793dc2bbb6d4aea91c0c8fc56fba2bcb744574
https://vl63.ru/images/razdelitel_krivolineino/krug.jpg,images/razdelitel_krivolineino/krug.jpg,218243,4ced7b216a3ee0291b4201acef6e37fb7364ce9be5892d834467ca111481dec2
https://vl63.ru/images/razdelitel_krivolineino/krug_black.jpg,images/razdelitel_krivolineino/krug_black.jpg,159612,5ab4188de3a61c609c7c8f0d38693355cab87c2e0033d57f6760ff35e8b012c2
https://vl63.ru/images/razdelitel_krivolineino/razdelitel_profil_duga.jpg,images/razdelitel_krivolineino/razdelitel_profil_duga.jpg,2323519,ee878ea98a25a6a546c9e557e89fc04e5724a186689eda20528df2ef430eec31
https://vl63.ru/images/razdelitel_krivolineino/razdelitel_profil_krivolineino.jpg,images/razdelitel_krivolineino/razdelitel_profil_krivolineino.jpg,2240438,33908f2b93b3145a66774c4132db6e3fe61197fe3e30c297e858794e2bdf61f9
https://vl63.ru/images/razdelitel_krivolineino/razdelitel_profil_plavnaja_linija.jpg,images/razdelitel_krivolineino/razdelitel_profil_plavnaja_linija.jpg,2171759,2ba68b78783b9d0cb850f42f6caa024bd00a6badb2da329d17a6014a2e146777
https://vl63.ru/images/razdelitel_krivolineino/stretch-ceiling-models.jpg,images/razdelitel_krivolineino/stretch-ceiling-models.jpg,72552,02e9775eb87c116086645a65de6af4d2fb07fb19c5b3e5cef59c5c46c45011ca
https://vl63.ru/images/razdelitel_krivolineino/vertliner.jpg,images/razdelitel_krivolineino/vertliner.jpg,23650,b54527ab6557d286eac3d689e345ab308a3c7d3b294ec162d0f0998665c0763a
https://vl63.ru/images/razdelitel_krivolineino/vertliner_razan.jpg,images/razdelitel_krivolineino/vertliner_razan.jpg,20484,91f5b00d8191cbcf1b70d7d4108bf790fa113cd5265f90cd2f6d5a89abcf0829
https://vl63.ru/images/razdelitel_prjamolineino/2-mnogourovnevyi_potolok.jpg,images/razdelitel_prjamolineino/2-mnogourovnevyi_potolok.jpg,1524916,f82f10af8437836b5d2d9b750ed52e711ffc187999633ef58873222aa66d1aeb
https://vl63.ru/images/razdelitel_prjamolineino/2-urovnev_potolok_s_razdelitelem.jpg,images/razdelitel_prjamolineino/2-urovnev_potolok_s_razdelitelem.jpg,197859,dd4daeff825dd16cfe24d27d3838463679afe3b9bb9fa27f0e44f3c6cd2772b9
https://vl63.ru/images/razdelitel_prjamolineino/biliard_potolok.JPG,images/razdelitel_prjamolineino/biliard_potolok.JPG,1707820,633c685645fca1e01d1dcd40780c57bde294164af0671b6141ccbe7f7b2ba365
https://vl63.ru/images/razdelitel_prjamolineino/biljard_stol.JPG,images/razdelitel_prjamolineino/biljard_stol.JPG,1601906,ab6b2aa90cc9a2f31e8031737e748965d6b89497a4113019741ebde8a030ae2b
https://vl63.ru/images/razdelitel_prjamolineino/bilyard_potolok_tolyatti.JPG,images/razdelitel_prjamolineino/bilyard_potolok_tolyatti.JPG,1672709,1c092edd46fd5a463023c1b85d06eb2e33da415ce2c63ba8050b27152a1cddc7
https://vl63.ru/images/razdelitel_prjamolineino/detskiy_sad.JPG,images/razdelitel_prjamolineino/detskiy_sad.JPG,1692379,033bbb48ae5f2cff8dbdf86ebafb2017bc19c04ddedd1e43ca46e21f52bce317
https://vl63.ru/images/razdelitel_prjamolineino/dvuhurovnevye-natyazhnye-potolki-v-stolovoj.jpg,images/razdelitel_prjamolineino/dvuhurovnevye-natyazhnye-potolki-v-stolovoj.jpg,44470,2ee33f7632302427ce86ec3f34091aac3f4b5fb8ba18b118600f44f697cd972f
https://vl63.ru/images/razdelitel_prjamolineino/factura_oblaka.jpg,images/razdelitel_prjamolineino/factura_oblaka.jpg,3033836,03dd58b7659bf935605d723f80789e1e0e7dc540a9a63c9fb8510ad9fa8294f6
https://vl63.ru/images/razdelitel_prjamolineino/factura_oblaka_cherez_razdelitel.jpg,images/razdelitel_prjamolineino/factura_oblaka_cherez_razdelitel.jpg,2928629,f947abd639be4be851991e0511bbe90b3dd2c1aeaa8a5f101add5aa911d24e0f
https://vl63.ru/images/razdelitel_prjamolineino/factura_oblaka_v_basseine.jpg,images/razdelitel_prjamolineino/factura_oblaka_v_basseine.jpg,2270398,066791d046c1c840d82a032d2c1c526b13298d2e415a85c6be4c135a3c0056db
https://vl63.ru/images/razdelitel_prjamolineino/factura_oblaka_zona_basseina.jpg,images/razdelitel_prjamolineino/factura_oblaka_zona_basseina.jpg,2334067,8eaf50b9a6bcbe3bcb581efa7d806f0c95b13490834b44af6f090459bac58db7
https://vl63.ru/images/razdelitel_prjamolineino/razdelitel_v_odin_uroven.jpg,images/razdelitel_prjamolineino/razdelitel_v_odin_uroven.jpg,31957,bbbb602a3eab80d6fd6b162b4ddb110aef0f7bbec38a98c8e58089d27c53083c
https://vl63.ru/images/razdelitel_prjamolineino/s_razdelitelem_po_cenru.JPG,images/razdelitel_prjamolineino/s_razdelitelem_po_cenru.JPG,1328923,4b2db04ee4abd948a7e0d0a63d6cf08b593388017f6464f653a319d3663d36e6
https://vl63.ru/images/razdelitel_prjamolineino/vstavka_potolka.JPG,images/razdelitel_prjamolineino/vstavka_potolka.JPG,1113621,741a491c4b07f60b105782469721bff1283e27f3ee0304a2ec5705ddbedb1c17
https://vl63.ru/images/razdelitel_prjamolineino/zamsha_zelenaja.jpg,images/razdelitel_prjamolineino/zamsha_zelenaja.jpg,2688716,09dda4efd266ea5738786a51e553d50350783a7566a247739380bf01e5333475
https://vl63.ru/images/razdelitel_prjamolineino/zamsha_zelenaja_factura.jpg,images/razdelitel_prjamolineino/zamsha_zelenaja_factura.jpg,2121116,7f7c10daeca6fd353c1e1ef66ba3b6a54e18d077f5fc1b1ae99d90ac2ef823a3
https://vl63.ru/images/razdelitel_prjamolineino/zamsha_zelenaja_nad_billiardom.jpg,images/razdelitel_prjamolineino/zamsha_zelenaja_nad_billiardom.jpg,2366752,447ed471a11b562b9ffe5b603e072306070afddf6eede2024a3ac27645c4aec3
https://vl63.ru/images/razdelitel_prjamolineino/zamsha_zelenaja_nad_bilyardnym_stolom.jpg,images/razdelitel_prjamolineino/zamsha_zelenaja_nad_bilyardnym_stolom.jpg,2451002,01dae7069941694d0f1d575be96d9d5945db5ac44797dfe4507e78c9826a8158
https://vl63.ru/images/razdelitel_prjamolineino/zamsha_zelenaja_s_razdelitelem.jpg,images/razdelitel_prjamolineino/zamsha_zelenaja_s_razdelitelem.jpg,2183937,2cee67e8858ba3cca2d8dc13733e52fa506e9b94de7b1e3d5ceec9a1e6c992be
https://vl63.ru/images/razryv-polotna-polomka-kvadrat/LED-panel-image-lpn597-300x300mm.JPG,images/razryv-polotna-polomka-kvadrat/LED-panel-image-lpn597-300x300mm.JPG,112584,86f63cfbc53cd219fe779e8d4a1f0bdaa8238171a4add29795514dc999ca8104
https://vl63.ru/images/razryv-polotna-polomka-kvadrat/LPN-597-16-LED-panel-20W-220V-6000K-300x300mm-IP43.jpg,images/razryv-polotna-polomka-kvadrat/LPN-597-16-LED-panel-20W-220V-6000K-300x300mm-IP43.jpg,105488,b2a8fbd950da9461ccc88cc2a703dc03d1cfaa52568ec94fd6581595a9dbd950
https://vl63.ru/images/razryv-polotna-polomka-kvadrat/natyazhnoj-potolok-v-zhigulevske-razorvalo-iz-za-polomki-plastikovyh-ramok.JPG,images/razryv-polotna-polomka-kvadrat/natyazhnoj-potolok-v-zhigulevske-razorvalo-iz-za-polomki-plastikovyh-ramok.JPG,97035,d9e10fc4f866bdd6e91a96c818e68d65d0f4da95a613d24a5c6000260c687323
https://vl63.ru/images/remont-potolka/pervaya-pomoshh-pri-povrezhdenii-potolka.jpg,images/remont-potolka/pervaya-pomoshh-pri-povrezhdenii-potolka.jpg,65855,893204511c2f053e2a6af9ad3f03f963d49a610619ba48c3a4f8682467cf2241
https://vl63.ru/images/remont-potolka/shema-remonta-potolka-okolo-sten.jpg,images/remont-potolka/shema-remonta-potolka-okolo-sten.jpg,106140,1891e27a9cdf0150ee8382fcfc548b8d87990b3fd3a70f09926d6a92bd2d7de5
https://vl63.ru/images/reznoi_potolok_v_armstrong.jpg,images/reznoi_potolok_v_armstrong.jpg,928502,9ee81bae122200dc5b355b1b3d08100893168c849ee1f3fe95a612b85ca6d1fd
https://vl63.ru/images/reznoi_potolok_v_armstrong/reznoi_potolok_v_armstrong_bez_podsvetki.jpg,images/reznoi_potolok_v_armstrong/reznoi_potolok_v_armstrong_bez_podsvetki.jpg,1015658,6e3ae59ba9961b885281214e7a47c8ee5c5f879cb6edbc2bc5065752d51c38c1
https://vl63.ru/images/reznoi_potolok_v_armstrong/reznoi_potolok_v_armstrong_s_podsvetkoi.jpg,images/reznoi_potolok_v_armstrong/reznoi_potolok_v_armstrong_s_podsvetkoi.jpg,1177084,6f28c1dc9416de1d09251928551ec1343b18c4b3ed9793d3ce54b6e2d4c38012
https://vl63.ru/images/reznoi_potolok_v_armstrong/reznoi_potolok_v_armstrong_v_temnote.jpg,images/reznoi_potolok_v_armstrong/reznoi_potolok_v_armstrong_v_temnote.jpg,318675,140945866650cc26a35adecc2b66347dc9cff91d4dbbe46cefa51dbc5b2166ef
https://vl63.ru/images/romaski-shutterstok-5381899/8-svetilnikov-po-krugu-v-natjazhnom-potolke.jpg,images/romaski-shutterstok-5381899/8-svetilnikov-po-krugu-v-natjazhnom-potolke.jpg,111627,aacde5bf172c1724eb6c76e161efa34eb0049032a0d2558c69156f855164d674
https://vl63.ru/images/romaski-shutterstok-5381899/belyj-gljantsevyj-natjazhnoj-potolok-s-kartinkoj-romashki-v-spalnu.jpg,images/romaski-shutterstok-5381899/belyj-gljantsevyj-natjazhnoj-potolok-s-kartinkoj-romashki-v-spalnu.jpg,66123,d1e7fcef5dc7d3f7dbcdcf9354a328a656208395da6f7917be13a2887f0c2655
https://vl63.ru/images/romaski-shutterstok-5381899/maket_523_016.jpg,images/romaski-shutterstok-5381899/maket_523_016.jpg,59376,24eb5cfbf03d2e54e3bba095be267c1b6538707060ba46da3db1e1a3f1ea3987
https://vl63.ru/images/romaski-shutterstok-5381899/pic-tsvetok.jpg,images/romaski-shutterstok-5381899/pic-tsvetok.jpg,149053,aa79cb2a9c9103c90e162671734b62ac464659811eef368e6f5ebc12a80bd4ac
https://vl63.ru/images/romaski-shutterstok-5381899/prosteishee-ustrojstvo-nishi-dlja-shtor-v-natjazhnom-potolke.jpg,images/romaski-shutterstok-5381899/prosteishee-ustrojstvo-nishi-dlja-shtor-v-natjazhnom-potolke.jpg,88758,4cab604c24f9cf10b73c96895e8dc78c571fde7b1d0a4a9989f93ec19f1337e9
https://vl63.ru/images/romaski-shutterstok-5381899/svetilnik-feron-cd4023-so-svetodiodnoj-podsvetkoj-na-lakovom-natjazhnom-potolke.jpg,images/romaski-shutterstok-5381899/svetilnik-feron-cd4023-so-svetodiodnoj-podsvetkoj-na-lakovom-natjazhnom-potolke.jpg,52357,a51b6086b1276cd2230229c37c0e80823e937bb09b003ce5499f6b8a341f1864
https://vl63.ru/images/romaski-shutterstok-5381899/uglovoe-razmeshenie-tsvetka-na-natjazhnom-potolke.jpg,images/romaski-shutterstok-5381899/uglovoe-razmeshenie-tsvetka-na-natjazhnom-potolke.jpg,84328,e3201b5edbfde9ebe6004d3501ef65c83cc0f42bd319bf82b09f22e51311c06f
https://vl63.ru/images/romaski-shutterstok-5381899/uv-fotopechat-na-belom-lakovom-natjazhnom-potolke.jpg,images/romaski-shutterstok-5381899/uv-fotopechat-na-belom-lakovom-natjazhnom-potolke.jpg,132970,e936edb0a7f6cf0efc540a2e6544371e83f50086587763eefc6979c01d752193
https://vl63.ru/images/rozetka/potolochnaja-rozetka.jpg,images/rozetka/potolochnaja-rozetka.jpg,59187,6fb1ef30f351908a53d8381f56c206f69083f4ad1a365ea83856ccb2f4cc553c
https://vl63.ru/images/rozy-435637897-shutterstock/maket_fotopechati-na-soglasovanie-zakaza.jpg,images/rozy-435637897-shutterstock/maket_fotopechati-na-soglasovanie-zakaza.jpg,84807,70abcadaf475bcbd104756777c3a353756a5629b5311330f396866b5b571a2b5
https://vl63.ru/images/rozy-435637897-shutterstock/natjazhnoj-potolok-s-uv-fotopechatju-kartinki-roz-na-gljantse.JPG,images/rozy-435637897-shutterstock/natjazhnoj-potolok-s-uv-fotopechatju-kartinki-roz-na-gljantse.JPG,83013,e77e0c55cbc93cecd39e8a14c0ca4252ea571762b8a2f70e92711274b1944f7c
https://vl63.ru/images/rozy-435637897-shutterstock/pechat-rozy-na-belom-lakovom-natjazhnom-potolke-v-spalne.JPG,images/rozy-435637897-shutterstock/pechat-rozy-na-belom-lakovom-natjazhnom-potolke-v-spalne.JPG,68751,4d22eb782bafd9fe198bfd12efa9f463044240ca2e56b5c838e24c3b52cba64f
https://vl63.ru/images/rozy-435637897-shutterstock/rozy-na-belom-lakovom-natjazhnom-potolke-v-spalne.JPG,images/rozy-435637897-shutterstock/rozy-na-belom-lakovom-natjazhnom-potolke-v-spalne.JPG,77158,db3f9b2ace7f784936d7e0bb8b6e46e266e42fa6dab1e172fb74b20af9f41ff7
https://vl63.ru/images/rozy-435637897-shutterstock/rozy-na-natjazhnom-potolke-v-spalne.JPG,images/rozy-435637897-shutterstock/rozy-na-natjazhnom-potolke-v-spalne.JPG,74806,c660e7c17fd0b81eb1938f6c1cdcdca86c2b0f336cf079c1d0dc4bfb10ded9c6
https://vl63.ru/images/rozy-435637897-shutterstock/svetilnik-feron-so-svetodiodnoj-podsvetkoj-15led-2835-smd4000k-mr16.JPG,images/rozy-435637897-shutterstock/svetilnik-feron-so-svetodiodnoj-podsvetkoj-15led-2835-smd4000k-mr16.JPG,62125,c260af4c576f6a33894c73dd79af8b98731024951fdccd99af2ab27acdb4de90
https://vl63.ru/images/rozy-435637897-shutterstock/svetilnik-feron-so-svetodiodnoj-podsvetkoj-15led-2835-smd4000k.jpg,images/rozy-435637897-shutterstock/svetilnik-feron-so-svetodiodnoj-podsvetkoj-15led-2835-smd4000k.jpg,130893,dfd1e8eebc2b895f88346219e25aa97a07eaeb2b9ffb48c9314d20340b23b293
https://vl63.ru/images/rozy-435637897-shutterstock/svetilniki-feron-so-svetjashimsja-svetodiodnym-konturom.JPG,images/rozy-435637897-shutterstock/svetilniki-feron-so-svetjashimsja-svetodiodnym-konturom.JPG,60057,f2d8a50dc2227a55825e4e3e9121f66b8189915df258835296cd48c83aba2b63
https://vl63.ru/images/rozy-435637897-shutterstock/uv-pechat-rozy-na-belom-lakovom-natjazhnom-potolke-v-spalne.JPG,images/rozy-435637897-shutterstock/uv-pechat-rozy-na-belom-lakovom-natjazhnom-potolke-v-spalne.JPG,102836,062daaa08bc57cbbb82363a2de296243ba17f6a8cd81f0197892965a3e48f84f
https://vl63.ru/images/shema_nishi/natjazhnoi_potolok_s_nishei_shtor.JPG,images/shema_nishi/natjazhnoi_potolok_s_nishei_shtor.JPG,125893,feec8b317ebfe79d5341be8fe536945d4d9f1bfaf467abb13b2bb601ea3154aa
https://vl63.ru/images/shema_nishi/s_podsvetkoi.JPG,images/shema_nishi/s_podsvetkoi.JPG,288342,b397a796f11244bcadfc5ef712918a8cffa2615d6d2c20d0c8da12d1421b67ca
https://vl63.ru/images/shema_nishi/shema-rascheta-shiriny-nishi-dlja-shtor.jpg,images/shema_nishi/shema-rascheta-shiriny-nishi-dlja-shtor.jpg,172825,43e2263cc9deb1e429ede8d9bd875f98e87826c38912f2690b8e33fbf7877f42
https://vl63.ru/images/shema_nishi/shema_karniza_dlja_shtor.jpg,images/shema_nishi/shema_karniza_dlja_shtor.jpg,18351,cf74856f00da630f85a6678fbc2a7b8bcbe8b4a555fc0a7b9dcea7300e283cc1
https://vl63.ru/images/shema_nishi/shema_nishi_shtor.jpg,images/shema_nishi/shema_nishi_shtor.jpg,162381,9b1685a6950e3888c2149f41687636ba51ef07ba802d277cb3c65086bf2963d4
https://vl63.ru/images/shema_svet/belyi_lakovyi_potolok_v_koridore_so_shkafom-kupe-1.jpg,images/shema_svet/belyi_lakovyi_potolok_v_koridore_so_shkafom-kupe-1.jpg,56381,6a259ff1d625913e4a37796fc6963c560c6c532ebae5f2bb9913bfaad7c6311f
https://vl63.ru/images/shema_svet/belyi_lakovyi_potolok_v_koridore_so_shkafom-kupe.jpg,images/shema_svet/belyi_lakovyi_potolok_v_koridore_so_shkafom-kupe.jpg,53190,8378d2209aeb1f66c70cd63b320eb960469b2832a89b1640fa147c51bacfa72c
https://vl63.ru/images/shema_svet/shema_raspolozhenija_svetilnikov-1.jpg,images/shema_svet/shema_raspolozhenija_svetilnikov-1.jpg,108443,784884e6478fce53cc7cc248adfc298fdc540a76ef04506b46943fb04321da79
https://vl63.ru/images/shema_svet/shema_raspolozhenija_svetilnikov_s_lustroi.jpg,images/shema_svet/shema_raspolozhenija_svetilnikov_s_lustroi.jpg,55981,71f58b5c5afc4384da1f0bc9c3cc1b006dff0be2d461142f76961415ecb8939c
https://vl63.ru/images/shema_svet/shema_ustanovka-tochechnyh-svetilnikov_gx53.jpg,images/shema_svet/shema_ustanovka-tochechnyh-svetilnikov_gx53.jpg,140644,e87d34312ab1181a7c3cd3abf54c99445b32a3d9985fe24a1a91a5735c1ba09f
https://vl63.ru/images/shema_svet/tablitsa_sootnoshenija_moshnosti_lamp.png,images/shema_svet/tablitsa_sootnoshenija_moshnosti_lamp.png,154680,2f39180bf03430675dc9c57803b136d78aa8769167e91d43327ccde7c3b53a6d
https://vl63.ru/images/shema_svet/tsvetovaja_temperatura_lamp-svetilnikov.png,images/shema_svet/tsvetovaja_temperatura_lamp-svetilnikov.png,268146,441470218848274ab5db25fe498b3feb384a0e4d1f44620e5439a0df0e2cf279
https://vl63.ru/images/shkaf-kupe_potolok/natjaznoj-potolok_so_shkafom-kupe.jpg,images/shkaf-kupe_potolok/natjaznoj-potolok_so_shkafom-kupe.jpg,111162,0f5d02ff69ba41dffe1502164db47b17d73c5793e2d9e174831cc182b2df43cd
https://vl63.ru/images/shkaf-kupe_potolok/raspolozhenie_svetilnikov_s_uchetom_shkafov.jpg,images/shkaf-kupe_potolok/raspolozhenie_svetilnikov_s_uchetom_shkafov.jpg,45709,b7f63c30825b2f5bdd9a5875304c222ce1d57e88cc3c6a0a82f5f50b03bd8548
https://vl63.ru/images/shkaf-kupe_potolok/shema_vstraivaemogo-mebel-shkaf-kupe_potolok.jpg,images/shkaf-kupe_potolok/shema_vstraivaemogo-mebel-shkaf-kupe_potolok.jpg,74870,c42f2743f25c6f005387f7786dc90642747e2f91e0cbcc036a67a97e9bbde792
https://vl63.ru/images/shkaf-kupe_potolok/shema_vstraivaemoj-mebel-shkaf-kupe_potolok.jpg,images/shkaf-kupe_potolok/shema_vstraivaemoj-mebel-shkaf-kupe_potolok.jpg,96997,fb5655343fc79cc72e249068d58a894a3059ba3c46219b2ab4288aec518abce7
https://vl63.ru/images/shov_potolka/svarnoi_shov_natjazhnogo_potolka.JPG,images/shov_potolka/svarnoi_shov_natjazhnogo_potolka.JPG,131408,8e19ca3aade59fc12a82996010f37753a4d8daf409a7ae237b3a70c5a7b80f50
https://vl63.ru/images/skidka-na-potolok/black_friday.png,images/skidka-na-potolok/black_friday.png,25195,706e0f8936dca3b708bab22894bd275833ced7b15a0aacb1d198cf2303521a07
https://vl63.ru/images/skidka-na-potolok/new-year.jpg,images/skidka-na-potolok/new-year.jpg,411067,66f060ec18e4f1f79cc60b3f0750ce12cd8169b61ba371a13af5790cd98451df
https://vl63.ru/images/skidka-na-potolok/skidka-30-protsentov-potolok.jpg,images/skidka-na-potolok/skidka-30-protsentov-potolok.jpg,45933,16efbaa4fe0aa3ee4c9b9d1070b33546d361b7017ca0e652e9cc669edec19d1a
https://vl63.ru/images/skidka-na-potolok/vizitka-vertikalnaja-linija-karta-megasvet-toljatti.jpg,images/skidka-na-potolok/vizitka-vertikalnaja-linija-karta-megasvet-toljatti.jpg,129390,836f08771eff4a59f20a945fb22cf286a68b7acfeebb1bbfdffa667d2d3a9ee5
https://vl63.ru/images/spaika_krivolineinyh_liniy_potolkov/1.jpg,images/spaika_krivolineinyh_liniy_potolkov/1.jpg,1526988,b0995615667595c5b9cfc71948f61b0a2ef522fcbf09acb38272481dd6c2b243
https://vl63.ru/images/spaika_krivolineinyh_liniy_potolkov/10.jpg,images/spaika_krivolineinyh_liniy_potolkov/10.jpg,1879467,e95bbf74aceb2fe81a8e3712331e4a5200c39c309c4c89e5cb8993f7839a2d02
https://vl63.ru/images/spaika_krivolineinyh_liniy_potolkov/2.jpg,images/spaika_krivolineinyh_liniy_potolkov/2.jpg,1505932,092dcaa060757c0d32e98d8f3f4f403e0447e2b9daba3edc8e5d0ab2a5df80bf
https://vl63.ru/images/spaika_krivolineinyh_liniy_potolkov/3.jpg,images/spaika_krivolineinyh_liniy_potolkov/3.jpg,1406169,4eddc6db2fb1ee3d6ea8240c479685b2600f7b3921eaf12b24d9a59ae33c7251
https://vl63.ru/images/spaika_krivolineinyh_liniy_potolkov/4.jpg,images/spaika_krivolineinyh_liniy_potolkov/4.jpg,1488760,1107990295322a98e619dc0dc0ec092a4494de269d42e7c155cb9758b57c92de
https://vl63.ru/images/spaika_krivolineinyh_liniy_potolkov/6.jpg,images/spaika_krivolineinyh_liniy_potolkov/6.jpg,108562,921363ea13c87c2f57bbc1c943431ba41858de1064394f586dc7a32c127bef47
https://vl63.ru/images/spaika_krivolineinyh_liniy_potolkov/7.jpg,images/spaika_krivolineinyh_liniy_potolkov/7.jpg,114138,e4bd8cac7859c838efa937a06614d7a3da42cd9266e930604b148b751223aab2
https://vl63.ru/images/spaika_krivolineinyh_liniy_potolkov/9.jpg,images/spaika_krivolineinyh_liniy_potolkov/9.jpg,1504999,8cc014a25785d1b16446e12d1f6c152955d5e3dc55f7ba4cfb247fc22ab22d8f
https://vl63.ru/images/spaika_krivolineinyh_liniy_potolkov/krivolineinaja-spajka-natjazhnyh-potolkov-foto.JPG,images/spaika_krivolineinyh_liniy_potolkov/krivolineinaja-spajka-natjazhnyh-potolkov-foto.JPG,492777,3b015a2dd9393e486ec92a0fd0ea655539c8a23acb9ee4313d03887748732186
https://vl63.ru/images/spaika_krivolineinyh_liniy_potolkov/krivolinejnaja-spajka-natjazhnyh-potolkov-2-tsvetov.JPG,images/spaika_krivolineinyh_liniy_potolkov/krivolinejnaja-spajka-natjazhnyh-potolkov-2-tsvetov.JPG,467364,df766de427206c41d097bfbefdf86c67f7c12913c12893d3ef8df0ac244db871
https://vl63.ru/images/spaika_krivolineinyh_liniy_potolkov/krivolinejnaja-spajka-natjazhnyh-potolkov-dvuh-tsvetov.JPG,images/spaika_krivolineinyh_liniy_potolkov/krivolinejnaja-spajka-natjazhnyh-potolkov-dvuh-tsvetov.JPG,662055,42c170e294ea336e59ca3070cea6e818d7139d116c33cd5eae8437fbb82aaa7c
https://vl63.ru/images/spaika_krivolineinyh_liniy_potolkov/krivolinejnaja-spajka-natjazhnyh-potolkov-foto.JPG,images/spaika_krivolineinyh_liniy_potolkov/krivolinejnaja-spajka-natjazhnyh-potolkov-foto.JPG,656489,542ab9190844cb7bcfc1ccd61d9ab127e07c39deba7fb500eea5b5968b411452
https://vl63.ru/images/spalni.jpg,images/spalni.jpg,23145,a21238ede9355c0ea3955df08c730a8caff8ce6fc6445f7eb0680befa0e2acdd
https://vl63.ru/images/sport-kompleks/opory-shvedskoy-stenki-upirautsja-v-natjazhnoy-potolok.JPG,images/sport-kompleks/opory-shvedskoy-stenki-upirautsja-v-natjazhnoy-potolok.JPG,77523,e7b27a00b820761eda69b70116913563570b0bdfe2b94baa0c7023bd7a4e03e7
https://vl63.ru/images/sport-kompleks/sportivnyj-ugolok-v-natjazhnom-potolke.JPG,images/sport-kompleks/sportivnyj-ugolok-v-natjazhnom-potolke.JPG,136643,c048876d16ac9a2721700142669b62471ae2f7464e408e2e1cf819102397dcf4
https://vl63.ru/images/sport-kompleks/zakladnye-pod-natjazhnoj-potolok-dlja-kreplenija-shvedskoj-stenki.JPG,images/sport-kompleks/zakladnye-pod-natjazhnoj-potolok-dlja-kreplenija-shvedskoj-stenki.JPG,132287,110a0f4230d93b29d2a1d8d64c856b8bbc4a43fb16e01dbbedd983dfa8dfcad7
https://vl63.ru/images/spotzal-slon/natazhnije_potolki_slon.JPG,images/spotzal-slon/natazhnije_potolki_slon.JPG,143548,f6e9e7ba81906c348a0fe74db236ae31bb7a66727f89853c4781de227737b615
https://vl63.ru/images/spotzal-slon/natazhnije_potolki_sport.JPG,images/spotzal-slon/natazhnije_potolki_sport.JPG,126855,065542541ba8699c73e48a85acab93864f2c3a0dc879fae3c33155b50cbbde1d
https://vl63.ru/images/spotzal-slon/natazhnije_potolki_sport_center.JPG,images/spotzal-slon/natazhnije_potolki_sport_center.JPG,113934,81066f6488fd4a05f9f29b1f541948317be2fc1b7eb4bf91e4ba1376bc2cdd2d
https://vl63.ru/images/spotzal-slon/natazhnije_potolki_sportcenter.JPG,images/spotzal-slon/natazhnije_potolki_sportcenter.JPG,139138,50195958cf6a803730dca6c98936c7ab9f3aede03a91ae198b631ea7628cdd8f
https://vl63.ru/images/spotzal-slon/natazhnije_potolki_toljatti_foto_sport.JPG,images/spotzal-slon/natazhnije_potolki_toljatti_foto_sport.JPG,171643,0ac6c456f7b52b5ac52b457672226acc95aa9b66a6a9adc10999c3e2ea79d191
https://vl63.ru/images/spotzal-slon/natazhnije_potolki_toljatti_sport_zal.JPG,images/spotzal-slon/natazhnije_potolki_toljatti_sport_zal.JPG,112404,a4727322c85dd838e7688a8fffead8045c40b965938e0391bf21d6541178ce9f
https://vl63.ru/images/spotzal-slon/natazhnije_potolki_toljatti_spotcenter.JPG,images/spotzal-slon/natazhnije_potolki_toljatti_spotcenter.JPG,216348,a1288694ead2ed8e802703e85b6bb966159c0ae0e2a32d0f28a83726f047f308
https://vl63.ru/images/spotzal-slon/natazhnije_potolki_v_toljatti_foto_sport.JPG,images/spotzal-slon/natazhnije_potolki_v_toljatti_foto_sport.JPG,211549,25c58db8ca51f087c9bdf4333b38a3c3e9f72d9d39fda77fb8e31d02f9b082fd
https://vl63.ru/images/spotzal-slon/natazhnije_potolki_v_toljatti_spot_zal.JPG,images/spotzal-slon/natazhnije_potolki_v_toljatti_spot_zal.JPG,131612,79aa46e442d82b62a1d99a1f654329219aaea4be086496e5e52ab0f08de26294
https://vl63.ru/images/spotzal-slon/natazhnije_potolki_v_toljatti_spotrhall.JPG,images/spotzal-slon/natazhnije_potolki_v_toljatti_spotrhall.JPG,210676,fd4894724e63a5384bcb6d0b056db16448f4e6fc2f0be746df9a5b1768de4cce
https://vl63.ru/images/spotzal-slon/sport_center_slon.JPG,images/spotzal-slon/sport_center_slon.JPG,172120,973646aef083fa3c79ad1deb937621ab10f05fb2db777b0ecb28700a8ea99826
https://vl63.ru/images/spotzal-slon/sportzal_natazhnije_potolki_toljatti.JPG,images/spotzal-slon/sportzal_natazhnije_potolki_toljatti.JPG,167191,5d99d48a3899c449b437ad01684ed5c95a57cda4d50890db4d5965bc8f3b7543
https://vl63.ru/images/steny-iz-trub/stena-iz-trub-1.jpg,images/steny-iz-trub/stena-iz-trub-1.jpg,117278,1553bb8bd5c464d4095761dd679982181e0c53ccc63476e3663395f27c9fff54
https://vl63.ru/images/steny-iz-trub/stena-iz-trub-2.jpg,images/steny-iz-trub/stena-iz-trub-2.jpg,114312,50059aa075f043539a872fd51c4f7e274670ab2ad90f542ac14b4b73140a3f51
https://vl63.ru/images/steny-iz-trub/stena-iz-trub-3.jpg,images/steny-iz-trub/stena-iz-trub-3.jpg,97918,7178915e62153d4cc316954e533b11969cb94516c6303819b4266fd095d07cd8
https://vl63.ru/images/steny-iz-trub/stena-iz-trub-4.jpg,images/steny-iz-trub/stena-iz-trub-4.jpg,88680,0b1bb2f376db890fa3f9f865f7d6adf8e0f8a131a3344a0fec586662bff06901
https://vl63.ru/images/steny-iz-trub/stena-iz-trub-5.jpg,images/steny-iz-trub/stena-iz-trub-5.jpg,66016,888e3153b5fb1a2994a0f0abdfeb306776ff5b2e1d8899536e6eaf6a4b13524c
https://vl63.ru/images/stol-zakazov-natjazhnyh-potolkov/rabochij-stol-menedzhera-prodazh-natjazhnyh-potolkov-vertikalnaja-linija.jpg,images/stol-zakazov-natjazhnyh-potolkov/rabochij-stol-menedzhera-prodazh-natjazhnyh-potolkov-vertikalnaja-linija.jpg,572267,d3642a394f6fb67843afe611e39af21fb183678f1e984e8fb6fecab463734205
https://vl63.ru/images/stol-zakazov-natjazhnyh-potolkov/rabochij-stol-nenedzhera-prodazh-natjazhnyh-potolkov-vrtikalnaja-linija.jpg,images/stol-zakazov-natjazhnyh-potolkov/rabochij-stol-nenedzhera-prodazh-natjazhnyh-potolkov-vrtikalnaja-linija.jpg,640930,0cc7049fac83eb0d5a54a5f9683bb6deda5bcfdbe9d2281972aa0e87890d6f9b
https://vl63.ru/images/stol-zakazov-natjazhnyh-potolkov/rabochij-stol-tochki-prodazh-natjazhnyh-potolkov-vrtikalnaja-linija.jpg,images/stol-zakazov-natjazhnyh-potolkov/rabochij-stol-tochki-prodazh-natjazhnyh-potolkov-vrtikalnaja-linija.jpg,602143,dd3b080c1d3d52f1d065faffb17368aeafc8641b4e4ed06cc5111ad037a096c8
https://vl63.ru/images/stories/virtuemart/category/resized/3d_360x360.png,images/stories/virtuemart/category/resized/3d_360x360.png,138941,7ef0b12d09a525d2e53bd12bd17dd46c276eb9ddd365cb3f84112f14fa1b68f2
https://vl63.ru/images/stories/virtuemart/category/resized/arka_360x360.png,images/stories/virtuemart/category/resized/arka_360x360.png,152003,7b97ff304d289fe0d7eaf70b99970638a3ba6c1cbb9d8205882d4b70462e5c4f
https://vl63.ru/images/stories/virtuemart/category/resized/basseni_360x360.png,images/stories/virtuemart/category/resized/basseni_360x360.png,201586,0aa634c441c3d651eb581b29e79194529a73f8909ce0364b82e9e868a9fcbb03
https://vl63.ru/images/stories/virtuemart/category/resized/detskie_360x360.png,images/stories/virtuemart/category/resized/detskie_360x360.png,159321,cdaf72c80bd668479749bc7bfe510f45323d83bcc93d223732cc320d0c4a82e1
https://vl63.ru/images/stories/virtuemart/category/resized/faktura_360x360.png,images/stories/virtuemart/category/resized/faktura_360x360.png,144021,390533e722ebcaf947f1a9b1d0aed0c22e403b2bf3b2b3fd936c7a33aa1b0cfc
https://vl63.ru/images/stories/virtuemart/category/resized/fotop_360x360.png,images/stories/virtuemart/category/resized/fotop_360x360.png,168021,0ab016b7bfcc22ee840031bd01431422777a7b303f24f6486e0f91dd5b4cc68b
https://vl63.ru/images/stories/virtuemart/category/resized/gostinnie_360x360.png,images/stories/virtuemart/category/resized/gostinnie_360x360.png,148367,1fd4ed3c3b5f202a18bead66b7eeec91200108703d2f18fa6da7b466584883df
https://vl63.ru/images/stories/virtuemart/category/resized/kombinir_360x360.png,images/stories/virtuemart/category/resized/kombinir_360x360.png,127615,00e4f1017826c52905822732da34c0fc63fa94d6e1baedb03ef423191eea9b47
https://vl63.ru/images/stories/virtuemart/category/resized/konus_360x360.png,images/stories/virtuemart/category/resized/konus_360x360.png,119364,51eda17ba70d0d78ac8d3623d2cd76ca49d2c0ce4c9b0f0b191fb8e3c2ca2b35
https://vl63.ru/images/stories/virtuemart/category/resized/koridory_360x360.png,images/stories/virtuemart/category/resized/koridory_360x360.png,122894,b5e9d8da6d5cc8729b7876f7198a85814831417b9414e9658f31c96d5c799706
https://vl63.ru/images/stories/virtuemart/category/resized/kuhni_360x360.png,images/stories/virtuemart/category/resized/kuhni_360x360.png,148512,ce40e625db069381dd7d30ff100ae402fab3b78ec89d40c57d7a4827257e8f57
https://vl63.ru/images/stories/virtuemart/category/resized/kupol_360x360.png,images/stories/virtuemart/category/resized/kupol_360x360.png,111471,fe30ee8d7fd2d3b9667851be1bc6ecd7ebcdb6788e9cdd9e0779cca9842cdb90
https://vl63.ru/images/stories/virtuemart/category/resized/mansardn_360x360.png,images/stories/virtuemart/category/resized/mansardn_360x360.png,131266,63ca6fe1a9153c76ba5e8340b5173d6ae95fc4bdd85a8f8eee0bfa3d39053e9d
https://vl63.ru/images/stories/virtuemart/category/resized/mnogoyrovn_360x360.png,images/stories/virtuemart/category/resized/mnogoyrovn_360x360.png,138814,c382ef37da1d0e0b77a5ec1a26bc9a2ac294628ff4a2a0c7edc88f379d25b42e
https://vl63.ru/images/stories/virtuemart/category/resized/parach_360x360.png,images/stories/virtuemart/category/resized/parach_360x360.png,118080,92a7508db2415cbe7e9fa35bdf4f4ab86a11600d553a93bbbb15f0664b7395d9
https://vl63.ru/images/stories/virtuemart/category/resized/rezn_360x360.png,images/stories/virtuemart/category/resized/rezn_360x360.png,136101,41bb6fcfb2160fecd2b8247a23167da1ec503d177434eb7d3fb48e64dfe14114
https://vl63.ru/images/stories/virtuemart/category/resized/spalni_360x360.png,images/stories/virtuemart/category/resized/spalni_360x360.png,148764,61e27bc4c23322b2a0b83089a930bfe34ee256719e3dcea272c0d9775f9e3d93
https://vl63.ru/images/stories/virtuemart/category/resized/svet_360x360.png,images/stories/virtuemart/category/resized/svet_360x360.png,141418,c3ba0dc8320ca5ebdb3a0451134b7ba069fd3e32d520a293641d5d2accc2dcd5
https://vl63.ru/images/stories/virtuemart/category/resized/vanni_360x360.png,images/stories/virtuemart/category/resized/vanni_360x360.png,171066,1e9ec565a5bdd8ebcfcbf6ec5479faae93d8104fc90082ba0e764a9baa0503d9
https://vl63.ru/images/stories/virtuemart/category/resized/volna_360x360.png,images/stories/virtuemart/category/resized/volna_360x360.png,146761,bf9473b813ad51e8d3e3383cfba90b74d0022b94e013a657bb18fb3913b4831f
https://vl63.ru/images/stories/virtuemart/category/resized/zveznoe_360x360.png,images/stories/virtuemart/category/resized/zveznoe_360x360.png,190323,669481518ac160386688c22cccc68cc40f972cf0c7823cb507aa0fe9cbb1e9c0
https://vl63.ru/images/styk-urovnej-v-pp75/belaja-maskirovochnaja-lenta-na-styke-dvuhurovnevogo-natjazhnogo-potolka.JPG,images/styk-urovnej-v-pp75/belaja-maskirovochnaja-lenta-na-styke-dvuhurovnevogo-natjazhnogo-potolka.JPG,32253,a5f01681d781c9249b4b6875e36cae90c54494111967095c12adaf79b7eb2e24
https://vl63.ru/images/styk-urovnej-v-pp75/chertezh-profilja-pp75-prozet.jpg,images/styk-urovnej-v-pp75/chertezh-profilja-pp75-prozet.jpg,18558,edea8eab675fce7ef3b39ebaa78b9fd77dcb3d847703935e17c3fceb0d6125bd
https://vl63.ru/images/styk-urovnej-v-pp75/dvuhtsvetnyj-matovyj-natjazhnoj-potolok-v-dva-urovnja.JPG,images/styk-urovnej-v-pp75/dvuhtsvetnyj-matovyj-natjazhnoj-potolok-v-dva-urovnja.JPG,40020,5313ffb05039c18fee125e2af78d19c8bccfee2651610a48479e51080e7d4d63
https://vl63.ru/images/styk-urovnej-v-pp75/idealno-rovnyj-peregib-nizhnej-stupeni-2-urovnevogo-natjazhnogo-potolka.JPG,images/styk-urovnej-v-pp75/idealno-rovnyj-peregib-nizhnej-stupeni-2-urovnevogo-natjazhnogo-potolka.JPG,36571,2830a9bdebcf661c19e8d2f628a31448595b9c25cc6858f04dc46e8d120f6ef4
https://vl63.ru/images/styk-urovnej-v-pp75/izgotovlenie-dvuhurovnevogo-natjazhnogo-potolka-v-toljatti-iz-profilja-prozet.JPG,images/styk-urovnej-v-pp75/izgotovlenie-dvuhurovnevogo-natjazhnogo-potolka-v-toljatti-iz-profilja-prozet.JPG,66865,85ea65b561be72767be5d302b17a7c74018f83ffdf0ea1d37b4cccd95b775221
https://vl63.ru/images/styk-urovnej-v-pp75/shema-montazha-dvuhuruvnevogo-natjazhnogo-potolka-v-profil-pp75-prozet.jpg,images/styk-urovnej-v-pp75/shema-montazha-dvuhuruvnevogo-natjazhnogo-potolka-v-profil-pp75-prozet.jpg,41145,3037e5d0d718c719fae9bd568e036bdd511297e6165e54fe9ed44488738a398e
https://vl63.ru/images/svetilniki_gx53/GX53_na_belom_lake.JPG,images/svetilniki_gx53/GX53_na_belom_lake.JPG,2438278,428974047d3b644a4fe1b6f432000e9fd1ea30efca392f6b07d2a3f2ca2077b5
https://vl63.ru/images/svetilniki_gx53/GX53_shtory.jpg,images/svetilniki_gx53/GX53_shtory.jpg,61813,f4a336901c337b0705ecd100457304c434adedce726c038f4b83370073a43cfc
https://vl63.ru/images/svetilniki_gx53/GX53_vannaja.JPG,images/svetilniki_gx53/GX53_vannaja.JPG,2892943,811dae271e23120623567771d745594829288053f06c1e73dc7b8956ccbe014c
https://vl63.ru/images/svetilniki_gx53/assortiment-v-metalle.jpg,images/svetilniki_gx53/assortiment-v-metalle.jpg,71735,1e5ca1ff25346ca5771317004334d4b3e255ec18618440411a53cd2ed82a8c3f
https://vl63.ru/images/svetilniki_gx53/potolok-volnoi_v_basseine.JPG,images/svetilniki_gx53/potolok-volnoi_v_basseine.JPG,1561899,73f3d15ba9889f81b95c4607e78bff5c63dad77ea413f3c47e185dda1ba2cfe0
https://vl63.ru/images/svetilniki_gx53/svetilniki_gx53_billiard.jpg,images/svetilniki_gx53/svetilniki_gx53_billiard.jpg,2366752,447ed471a11b562b9ffe5b603e072306070afddf6eede2024a3ac27645c4aec3
https://vl63.ru/images/svetilniki_gx53/svetilniki_gx53_liberta.JPG,images/svetilniki_gx53/svetilniki_gx53_liberta.JPG,2600895,ebc998fc18a32be8ebfb13b5b77bd5e326a03faccca008212097a49c7e1ee658
https://vl63.ru/images/svetovoj-potolok-koshki/2-urovnevyj-potolok-so-svetovym-krugom.JPG,images/svetovoj-potolok-koshki/2-urovnevyj-potolok-so-svetovym-krugom.JPG,119227,2a36fcce7bbd1da30d60a80ad18c060734446664a2a9fa14d7d13eeef0746d64
https://vl63.ru/images/svetovoj-potolok-koshki/montage-2-urovnevogo-svetovogo-potolka.JPG,images/svetovoj-potolok-koshki/montage-2-urovnevogo-svetovogo-potolka.JPG,194405,7420e106b3ec6a9a0d7eaeca17c77b759e2d63a9e84d25ea3a27b6220d7603b6
https://vl63.ru/images/svetovoj-potolok-koshki/razdelitel-profil-svetovogo-potolka-sp2.JPG,images/svetovoj-potolok-koshki/razdelitel-profil-svetovogo-potolka-sp2.JPG,97306,f0c194105498b2fa087e254a2988eb73274e9d8a6216757034e8378f80d1ff06
https://vl63.ru/images/svetovoj-potolok-koshki/svetododnaja-lenta-v-svetovoj-potolok.JPG,images/svetovoj-potolok-koshki/svetododnaja-lenta-v-svetovoj-potolok.JPG,163106,3655a324cb586d38d5ff2cf42b72c5bbf7db7808f1fc91ec300e6d67e874d42e
https://vl63.ru/images/svetovoj-potolok-koshki/svetovoj-potolok-cherez-razdelitel-profil.JPG,images/svetovoj-potolok-koshki/svetovoj-potolok-cherez-razdelitel-profil.JPG,105627,60dfa24c6992c67384adec3e28653f9739de2af1c3ed770d1e08d397b0cc1044
https://vl63.ru/images/svetovoj-potolok-vzamen-svetilnika/natjazhnye-potolki-i-svetodiodnaja-produktsija-v-toljatti.jpg,images/svetovoj-potolok-vzamen-svetilnika/natjazhnye-potolki-i-svetodiodnaja-produktsija-v-toljatti.jpg,123124,e459c8bd341f5055c58e31747450dcbc0439a6b0aba1056e8a72b670b0fe4d2b
https://vl63.ru/images/svetovoj-potolok-vzamen-svetilnika/obrazets-svetovogo-potolka-iz-beloj-lakovoj-plenki-v-megastroj.jpg,images/svetovoj-potolok-vzamen-svetilnika/obrazets-svetovogo-potolka-iz-beloj-lakovoj-plenki-v-megastroj.jpg,182573,eacdbf785db32237bfd9627b34fa1a69613e5474b4c39620f1b7f9d0feaddc91
https://vl63.ru/images/svetovoj-potolok-vzamen-svetilnika/podves-profilnyh-sistem.jpg,images/svetovoj-potolok-vzamen-svetilnika/podves-profilnyh-sistem.jpg,224850,ec746da2b5ef552139ca3e2d0772a1d05b587dec94598fae0cf2e553bc81f68a
https://vl63.ru/images/svetovoj-potolok-vzamen-svetilnika/podvesnoj-svetilnik-divinare-8021.jpg,images/svetovoj-potolok-vzamen-svetilnika/podvesnoj-svetilnik-divinare-8021.jpg,129834,c98fa1ecd9866556d8efdfc84539e2d14c17ab2af29a481a048808a6c96ff64d
https://vl63.ru/images/svetovoj-potolok-vzamen-svetilnika/vse-dlja-svetodiodnogo-osveshenija-v-toljatti.jpg,images/svetovoj-potolok-vzamen-svetilnika/vse-dlja-svetodiodnogo-osveshenija-v-toljatti.jpg,101707,6cf27d9ce67ae6b5b833bfc3c02a1950b8527e0fbe75f2a7795258f3376282e4
https://vl63.ru/images/technikal-foto/2-urovnevye-bylo.JPG,images/technikal-foto/2-urovnevye-bylo.JPG,69521,f36ac753aa428711ef356b7f3d83b87dec071216d7fc3392b920b4f949f076e2
https://vl63.ru/images/technikal-foto/provisanie-betonnogo-potolka.jpg,images/technikal-foto/provisanie-betonnogo-potolka.jpg,93152,4bf4fac5588ca491c3e6fadbb31ddc5ec019e782131d913c2d808da99e535139
https://vl63.ru/images/technikal-foto/zadelka-shelej-plit-perekrytij.jpg,images/technikal-foto/zadelka-shelej-plit-perekrytij.jpg,67686,5ddbc8721834b180b34ec054a64663865f3ece06a1b6d885b8a7681fde9095b0
https://vl63.ru/images/tkanevye-potolki/beloe-tkanevoe-polotno-v-mansardnoj-spalne.jpg,images/tkanevye-potolki/beloe-tkanevoe-polotno-v-mansardnoj-spalne.jpg,75487,5ffa88540c41873d796c80525ba14abaf5d6e397c059de9db9f94499cc87e6e6
https://vl63.ru/images/tkanevye-potolki/bezhevyj-i-belyj-tkanevyj-potolok-zapravleny-v-odin-profil.jpg,images/tkanevye-potolki/bezhevyj-i-belyj-tkanevyj-potolok-zapravleny-v-odin-profil.jpg,66675,449e7a6266ebab36174adf6ddefee4b11896fdb3ca5906393668d9a6510210f6
https://vl63.ru/images/tkanevye-potolki/chastichno-demontirovannyj-tkanevyj-natjazhnoj-potolok-posle-protechki.JPG,images/tkanevye-potolki/chastichno-demontirovannyj-tkanevyj-natjazhnoj-potolok-posle-protechki.JPG,100010,6aede1d9f9d7158eedb48bdc4df14780de7b4ed8cd0022ffd995d807d4eb2686
https://vl63.ru/images/tkanevye-potolki/ctupenka-iz-tkanevogo-natjazhnogo-potolka.JPG,images/tkanevye-potolki/ctupenka-iz-tkanevogo-natjazhnogo-potolka.JPG,90325,11adcc2babbf277d830ea8a820c0ea0abfe17dc7cd05faf5a361cf63689b5383
https://vl63.ru/images/tkanevye-potolki/demontazh-tkanevogo-natjazhnogo-potolka.JPG,images/tkanevye-potolki/demontazh-tkanevogo-natjazhnogo-potolka.JPG,79831,af11f586a385b7ba087fa4dd88927d7d1c83f484b306e91ec9533d2a47e10ca5
https://vl63.ru/images/tkanevye-potolki/ikonka-assortiment.png,images/tkanevye-potolki/ikonka-assortiment.png,74222,c3c000bc5b77d5df7b9eb0ae143e935767b75d7588c288280e4b43b13ec3436d
https://vl63.ru/images/tkanevye-potolki/ikonka-material.png,images/tkanevye-potolki/ikonka-material.png,1800,0ae3a0d5c239c413aacb3591e93e85ce1b93be29538626ae4ceb9ba7353c6a7d
https://vl63.ru/images/tkanevye-potolki/ikonka-montage.jpg,images/tkanevye-potolki/ikonka-montage.jpg,21982,76e21a68f9c2fcf05dcbbcb594a00f321f36db56191cedc0039f61dccc54bcac
https://vl63.ru/images/tkanevye-potolki/ikonka-uhod-v-ekspluatatsii.jpg,images/tkanevye-potolki/ikonka-uhod-v-ekspluatatsii.jpg,7116,2fca4f93f6e3fec6fce327202e15b27212486e59402ba726723b054308432be0
https://vl63.ru/images/tkanevye-potolki/isporchennyj-baget-posle-snjatija-tkani.JPG,images/tkanevye-potolki/isporchennyj-baget-posle-snjatija-tkani.JPG,50972,9a7459c56279149ede56d2bc9c42941277ae71ffb3a2c55b77583ce783f504c5
https://vl63.ru/images/tkanevye-potolki/natjazhoj-potolok-trapetsiej-v-mansardnom-etazhe.jpg,images/tkanevye-potolki/natjazhoj-potolok-trapetsiej-v-mansardnom-etazhe.jpg,64809,d4737fee16164c6f4c4ae6caf4aa35e728f0bc38be804e073cbb35620d50a0dc
https://vl63.ru/images/tkanevye-potolki/obrazets-belogo-polotna-descor-v-kataloge-pongs.jpg,images/tkanevye-potolki/obrazets-belogo-polotna-descor-v-kataloge-pongs.jpg,56636,7a1269911ebee8401a1d18f9e6496b030cfdca4361cf820951f59f685d548927
https://vl63.ru/images/tkanevye-potolki/obraztsy-satinovoj-i-matovoj-plenki-pvc-v-kataloge-firmy-pongs.jpg,images/tkanevye-potolki/obraztsy-satinovoj-i-matovoj-plenki-pvc-v-kataloge-firmy-pongs.jpg,52065,c1f0cf826718cb8c829b32ee28235275ba89abe5da7199ecd68cb5eba8c4b4cc
https://vl63.ru/images/tkanevye-potolki/pjatna-i-razvody-posle-protechki-s-krovli-na-tkanevyj-natjazhnoj-potolok.JPG,images/tkanevye-potolki/pjatna-i-razvody-posle-protechki-s-krovli-na-tkanevyj-natjazhnoj-potolok.JPG,104193,63888dec12f3bc436ba035fadbefbcedf7f9b3c1365ad97722383d81a6e7b4c4
https://vl63.ru/images/tkanevye-potolki/prozhenaja-lampochoj-nakalivanija-tkan-deskor.JPG,images/tkanevye-potolki/prozhenaja-lampochoj-nakalivanija-tkan-deskor.JPG,37517,3426a91256a11bc43cac39d000afe3790115f3beb772129b7953814b2462f5d2
https://vl63.ru/images/tkanevye-potolki/razvody-na-tkanevom-natjazhnom-potolke-posle-protechki-vody.jpg,images/tkanevye-potolki/razvody-na-tkanevom-natjazhnom-potolke-posle-protechki-vody.jpg,41050,68be5d108b0cdda2b01060269a0e228aba4a3c457e2143804727240bcca473b6
https://vl63.ru/images/tkanevye-potolki/sravnenie-stoimosti.png,images/tkanevye-potolki/sravnenie-stoimosti.png,11360,100ecade3d0f4c2ab2bdfc09849500f4e07fef814260ee89bdaeb34d90915a68
https://vl63.ru/images/tkanevye-potolki/sravnitelnaya-xarakteristika-natjazhnyh-potolkov-po-ecologii.jpg,images/tkanevye-potolki/sravnitelnaya-xarakteristika-natjazhnyh-potolkov-po-ecologii.jpg,42381,1a6eb5e5abc3162b33b86dea2cc8aa9395a9073e928f2aeedf3631e782831559
https://vl63.ru/images/tkanevye-potolki/sravnitelnaya-xarakteristika-natjazhnyh-potolkov-po-morozoustojchivosti.jpg,images/tkanevye-potolki/sravnitelnaya-xarakteristika-natjazhnyh-potolkov-po-morozoustojchivosti.jpg,56360,95a6eed6529bdb9339f8cc961cb42ccc40d5e429fd4c9f417f79654615ba737c
https://vl63.ru/images/tkanevye-potolki/sravnitelnaya-xarakteristika-natjazhnyh-potolkov-po-ognestojkosti.jpg,images/tkanevye-potolki/sravnitelnaya-xarakteristika-natjazhnyh-potolkov-po-ognestojkosti.jpg,56089,ac4f9a52122a7476e44b91b1e44e08e022c01b0661c0b11b7e78247f99df59fe
https://vl63.ru/images/tkanevye-potolki/sravnitelnaya-xarakteristika-natjazhnyh-potolkov-po-remontoprigodnosti.jpg,images/tkanevye-potolki/sravnitelnaya-xarakteristika-natjazhnyh-potolkov-po-remontoprigodnosti.jpg,53209,299e3fdf4f9f456b67dd5ef8948b1eff573d1fb847fb4588bfa76a462febce6d
https://vl63.ru/images/tkanevye-potolki/sravnitelnaya-xarakteristika-natjazhnyh-potolkov-po-vlagostojkosti.jpg,images/tkanevye-potolki/sravnitelnaya-xarakteristika-natjazhnyh-potolkov-po-vlagostojkosti.jpg,43236,ee44e740dbc52cf630b4a8d9d9453b562425bded6450d141ca9c1cd68484ddab
https://vl63.ru/images/tkanevye-potolki/stranitsy-nemetskogo-kataloga-proizvoditelja-matovoj-plenki-i-tkanevogo-polotna.jpg,images/tkanevye-potolki/stranitsy-nemetskogo-kataloga-proizvoditelja-matovoj-plenki-i-tkanevogo-polotna.jpg,75080,3657bd66410c214bc112ca3125796842ba74a497fb496460b0f8ba488000e7d4
https://vl63.ru/images/tkanevye-potolki/ustanovlennye-profili-dlja-natjazhki-pvh-poloten.jpg,images/tkanevye-potolki/ustanovlennye-profili-dlja-natjazhki-pvh-poloten.jpg,170585,3879b2afcda2eceef99d6ae65646e83ce6787c1fb233e044c400608562a477af
https://vl63.ru/images/truba-dymohoda-kamina/2-konturnaja-truba-dymohoda-v-proeme-potolka.jpg,images/truba-dymohoda-kamina/2-konturnaja-truba-dymohoda-v-proeme-potolka.jpg,134150,99f6e9711c8fa1fe82d5fe81bedce046f373fd6b3d67d1c83fa3444214a74ef7
https://vl63.ru/images/truba-dymohoda-kamina/bezopasnaja-dlja-natjazhnogo-potolka-temperatura-truby-dymohoda.jpg,images/truba-dymohoda-kamina/bezopasnaja-dlja-natjazhnogo-potolka-temperatura-truby-dymohoda.jpg,154026,5f545e2a8d76f258380a3f6cbcc3e9105af7dd82d4dc85fa940ea7c147a36610
https://vl63.ru/images/truba-dymohoda-kamina/derevjannyj-srubovoj-dom-s-natjazhnymi-potolkami-i-kaminom.JPG,images/truba-dymohoda-kamina/derevjannyj-srubovoj-dom-s-natjazhnymi-potolkami-i-kaminom.JPG,201291,9ee71adf1cb669c74a0856b96116c8fd3dace3f2f14608fbd6edd2c910f19637
https://vl63.ru/images/truba-dymohoda-kamina/montazh-natjazhnogo-potolka-s-pechnoj-truboj.JPG,images/truba-dymohoda-kamina/montazh-natjazhnogo-potolka-s-pechnoj-truboj.JPG,181971,4843b9e775e124fdc6ebe4f504e954bd66505ce3f73b8c0e6d0c6ced2ef89bf2
https://vl63.ru/images/truba-dymohoda-kamina/natjazhnoj-potolok-s-truboj-dymohoda.JPG,images/truba-dymohoda-kamina/natjazhnoj-potolok-s-truboj-dymohoda.JPG,159158,5d6fd51af745882c52d130394c9c3535f7a27cda546ca37280b49f0121e2ffa2
https://vl63.ru/images/truba-dymohoda-kamina/truba-kamina-v-natjazhnom-potolke-foto.JPG,images/truba-dymohoda-kamina/truba-kamina-v-natjazhnom-potolke-foto.JPG,64524,4ec365320d41bc4b6011d2ef63cdf5bdba5ad54b2afdee31db6d5ea5b9f7f895
https://vl63.ru/images/truba-dymohoda-kamina/ustanovka-truby-dymohoda-v-natjazhnoj-potolok.JPG,images/truba-dymohoda-kamina/ustanovka-truby-dymohoda-v-natjazhnoj-potolok.JPG,116139,e9c8fc8cce8970adc1fa07f61e239807915b0a297a34d74fd21407f394023431
https://vl63.ru/images/udalenie-kleja/dimexid.jpg,images/udalenie-kleja/dimexid.jpg,91495,e94a08ae2888ed6f2e6e1b546a47c8a9341fc6eee64e5c413301842af7981139
https://vl63.ru/images/ustanovka-lustr/lustra-utoplennaja-v-potolok-foto.jpg,images/ustanovka-lustr/lustra-utoplennaja-v-potolok-foto.jpg,91928,cb1d75965be5cdfa8408c93af6212648e83a1ffb85546aa3d853f12c8cc99850
https://vl63.ru/images/ustanovka-lustr/shema-montazha-lustry.png,images/ustanovka-lustr/shema-montazha-lustry.png,393725,433f10d5a5bc66798d9417b25389161ec7e8d1ea771d8f9fcd80c49bbaa023db
https://vl63.ru/images/uv-print_na_obrazce_lak.JPG,images/uv-print_na_obrazce_lak.JPG,167356,bc72e6d017907777769d5ed8b06cdc0503bc7782a865658dc81fe1e56f6ccda5
https://vl63.ru/images/v-odin-uroven-s-gkl/belyj-matovyj-natjazhnoj-potolok-v-kabinete-direktora-polad-toljatti.JPG,images/v-odin-uroven-s-gkl/belyj-matovyj-natjazhnoj-potolok-v-kabinete-direktora-polad-toljatti.JPG,59379,8cc127624ac40282bde5e2bec196e326dad3e3ebfc2837d2f611cd42fbd3d54f
https://vl63.ru/images/v-odin-uroven-s-gkl/belyj-matovyj-natjazhnoj-potolok-v-odnoj-ploskosti-s-gipsokartonnym.JPG,images/v-odin-uroven-s-gkl/belyj-matovyj-natjazhnoj-potolok-v-odnoj-ploskosti-s-gipsokartonnym.JPG,34279,e475250f890d432ccdb851bc4d1be9b883b64f46e4cacd558a5f1ae6a852345e
https://vl63.ru/images/v-odin-uroven-s-gkl/belyj-satinovyj-natjazhnoj-potolok-v-odnoj-ploskosti-s-gipsokartonnym.JPG,images/v-odin-uroven-s-gkl/belyj-satinovyj-natjazhnoj-potolok-v-odnoj-ploskosti-s-gipsokartonnym.JPG,103593,e743e7c42d66382988863f3719bcbca1f0220489d6f5de2e0c95f822dae255ec
https://vl63.ru/images/v-odin-uroven-s-gkl/chernyj-gljantsevyj-natjazhnoj-potolok-v-butike-odezhdy-v-rus-toljatti.JPG,images/v-odin-uroven-s-gkl/chernyj-gljantsevyj-natjazhnoj-potolok-v-butike-odezhdy-v-rus-toljatti.JPG,131379,7574295e9c595eaa0b9c11a343ed21a8082aaaea34468a56d277e364bb9f01ef
https://vl63.ru/images/v-odin-uroven-s-gkl/chernyj-lakovyj-natjazhnoj-potolok-v-odin-uroven-s-gkl.JPG,images/v-odin-uroven-s-gkl/chernyj-lakovyj-natjazhnoj-potolok-v-odin-uroven-s-gkl.JPG,125056,dfea05a14ebaa8b22da3161d447fb9fef7342841bbdfdfa65cc0224dd6f84508
https://vl63.ru/images/v-odin-uroven-s-gkl/chernyj-lakovyj-natjazhnoj-potolok-vroven-s-gipsokartonom.JPG,images/v-odin-uroven-s-gkl/chernyj-lakovyj-natjazhnoj-potolok-vroven-s-gipsokartonom.JPG,171091,ad61cf0faab5cb1bfafb03a4cf32a2c172f94e91dd30c623cce4675a5412d068
https://vl63.ru/images/v-odin-uroven-s-gkl/temno-korichevyj-lakovyj-natjazhnoj-potolok-v-bolshoj-gostinoj-doma.JPG,images/v-odin-uroven-s-gkl/temno-korichevyj-lakovyj-natjazhnoj-potolok-v-bolshoj-gostinoj-doma.JPG,71394,c457e1812401ee67173881d8fd517bac13d8962581c47f516961293dcf3c2d49
https://vl63.ru/images/v-odin-uroven-s-gkl/vstavki-natjazhnogo-potolka-zakrepleny-v-nizhnij-kraj-mnogourovnevogo-gipsokartonnogo.JPG,images/v-odin-uroven-s-gkl/vstavki-natjazhnogo-potolka-zakrepleny-v-nizhnij-kraj-mnogourovnevogo-gipsokartonnogo.JPG,62884,be64ea9000c26076bb5e245b5d8fe3828b4019286414bd74e998fee66798ad91
https://vl63.ru/images/v-odin-uroven-s-gkl/zaglushka-natjazhnogo-potolka-s-primykaniem-k-gipsokartonu-v-odnom-urovne.JPG,images/v-odin-uroven-s-gkl/zaglushka-natjazhnogo-potolka-s-primykaniem-k-gipsokartonu-v-odnom-urovne.JPG,45552,cf5bc5bd59608e4aed2fc97b57549f98e46473068db7894c04d12a16508d6c40
https://vl63.ru/images/v-odnoj-ploskosti-s-gkl/bassejn-s-belym-glyantsevym-natyazhnym-potolkom-v-odnom-urovne-s-gipsokartonom-po-perimetru.JPG,images/v-odnoj-ploskosti-s-gkl/bassejn-s-belym-glyantsevym-natyazhnym-potolkom-v-odnom-urovne-s-gipsokartonom-po-perimetru.JPG,96771,8e0ce1588ac16145ac43bda2c92afe92ceb4d538c749bca7f5b8d3e13605e709
https://vl63.ru/images/v-odnoj-ploskosti-s-gkl/belyj-glyantsevyj-natyazhnoj-potolok-v-gipsokartonnom-so-stupenkoj-5-santimetrov.JPG,images/v-odnoj-ploskosti-s-gkl/belyj-glyantsevyj-natyazhnoj-potolok-v-gipsokartonnom-so-stupenkoj-5-santimetrov.JPG,81894,2ed3f455462ac0884f0865da8ca6d55526fed14ef98452f349c88da042004687
https://vl63.ru/images/v-odnoj-ploskosti-s-gkl/belyj-lakovyj-natyazhnoj-potolok-v-odnom-urovne-s-gipsokartonom.JPG,images/v-odnoj-ploskosti-s-gkl/belyj-lakovyj-natyazhnoj-potolok-v-odnom-urovne-s-gipsokartonom.JPG,83661,abb5ebdd8355f78dffe58df115e91949eab162155693944e0aa9dc75bc35038a
https://vl63.ru/images/v-odnoj-ploskosti-s-gkl/montazh-profilya-natyazhnogo-potolka-v-bassejne-na-lesah.JPG,images/v-odnoj-ploskosti-s-gkl/montazh-profilya-natyazhnogo-potolka-v-bassejne-na-lesah.JPG,115577,c6c579a5e50353adca585d38dc7c704c0290ea555d5ce9ae583fa9e4c7134d6e
https://vl63.ru/images/v-odnoj-ploskosti-s-gkl/natyazhnoj-potolok-s-gipsovym-po-perimetru-v-bassejne.JPG,images/v-odnoj-ploskosti-s-gkl/natyazhnoj-potolok-s-gipsovym-po-perimetru-v-bassejne.JPG,152890,8f7892055a8008bbbef1dd2fbf4b2a01d02f307cddbe5497240ca46d5e82be2d
https://vl63.ru/images/vanny.jpg,images/vanny.jpg,23871,600f332c6963ef7458a78c9e27e96e303763678f201338ef67228781e657a84c
https://vl63.ru/images/vertikalnyj-korob/korob-iz-natjazhnogo-potolka-v-tualete.JPG,images/vertikalnyj-korob/korob-iz-natjazhnogo-potolka-v-tualete.JPG,58990,2b89e9fc5c19b8c9730d02051a88dbc3c980b548f0734de24aa7955c2e4f7218
https://vl63.ru/images/vertikalnyj-korob/stojak-obtjanut-natjazhnym-potolkom.JPG,images/vertikalnyj-korob/stojak-obtjanut-natjazhnym-potolkom.JPG,42526,5490f090a73c0be9833b4a181e0f034c0a7acdd6df73a1d70699606d06c0b032
https://vl63.ru/images/vitrage-modul.jpg,images/vitrage-modul.jpg,974771,5f347625111be8c298bf0aa763c3f59d32a548242517d7877ac9d243187eaca7
https://vl63.ru/images/vitrazhnye_moduli/vitrage_v_svetloi_komnate_vkluchen.jpg,images/vitrazhnye_moduli/vitrage_v_svetloi_komnate_vkluchen.jpg,1013368,74d1fdefc3b925c867d64fa7d7527f1b1bb17569d7c1e393a601d4b88b594f8c
https://vl63.ru/images/vitrazhnye_moduli/vitrage_v_svetloi_komnate_vykluchen.jpg,images/vitrazhnye_moduli/vitrage_v_svetloi_komnate_vykluchen.jpg,1256447,6d00235f20d8a1698a6c2549dc419ede31430064c4eb7e6879ed558201f73ee8
https://vl63.ru/images/vitrazhnye_moduli/vitrage_v_temnoi_komnate_vkluchen.jpg,images/vitrazhnye_moduli/vitrage_v_temnoi_komnate_vkluchen.jpg,463295,7db582806c0322fdc879b091e5675b0fbf28bfd1eb3263abfd3d9ec4c49a4bb9
https://vl63.ru/images/volna.jpg,images/volna.jpg,17785,ab3994d72fe8423be6825dbb00b1c2dc096e37e9f782c6da691fee62c67af22d
https://vl63.ru/images/voronka-3D_modul/voronka-3d_rgb_v_temnoi_komnate.jpg,images/voronka-3D_modul/voronka-3d_rgb_v_temnoi_komnate.jpg,617954,116782786cb93ca6142ee38918333e9711838d333461d8a7867ca9eec338cffd
https://vl63.ru/images/voronka-3D_modul/voronka-3d_v_svetoi_komnate.jpg,images/voronka-3D_modul/voronka-3d_v_svetoi_komnate.jpg,1141489,b9080e4fb780e1f025cffc04012001d4127e94b46a784399b7f6c949c20845d5
https://vl63.ru/images/voronka-3D_modul/voronka-3d_v_temnoi_komnate.jpg,images/voronka-3D_modul/voronka-3d_v_temnoi_komnate.jpg,544882,d599910ab9e315b90ca01e686fa4f8fc37710361e65477049fcbc36126970923
https://vl63.ru/images/vrek.png,images/vrek.png,145925,a74de078b79e8406fc0536d49e22e3d2d6afc82c13872896d1a529ebf342cbc3
https://vl63.ru/images/vrek2.png,images/vrek2.png,458645,5f88bc7c216f89de168ab620536fd8ef7f5c6d22feec7dcffc1a4ee13ad79e7b
https://vl63.ru/images/vrek3.png,images/vrek3.png,449868,9bf3871ffa1a88fee8119df8ba32f56a5fe774bbbf02299c2db088e8c06d88a8
https://vl63.ru/images/vstavka_na_stene/vstavka.JPG,images/vstavka_na_stene/vstavka.JPG,157178,a1e524e4e333e07627be4cf266a36537e08e379c744175e82ce875b50fa676d1
https://vl63.ru/images/vytjazhka/2-urovn_krasnaja_kuhnja.jpg,images/vytjazhka/2-urovn_krasnaja_kuhnja.jpg,1272861,64e2e3abe08e1e6f99467c295d41eed3f62abe42de4d0a8746eb045aab9997f5
https://vl63.ru/images/vytjazhka/morkovno-bezhevyi.jpg,images/vytjazhka/morkovno-bezhevyi.jpg,48673,5109b43c4f99ad4b4f23e009ff1ce0d0c53f7a96af8dc459c3eabef18e3ba5c5
https://vl63.ru/images/vytjazhka/natjazhnoi-potolok-metallik_na_kuhne_s_vytjazhkoi.JPG,images/vytjazhka/natjazhnoi-potolok-metallik_na_kuhne_s_vytjazhkoi.JPG,238029,4dcb64a6417ab81e5b7e952fba3ddbdedaceeeea662979dba8d4ae857dfd5dd4
https://vl63.ru/images/vytjazhka/ploskaja_vent-truba.jpg,images/vytjazhka/ploskaja_vent-truba.jpg,31302,3aade3433d8837afb986259d34e353078490851794448817ff48613ebaa328df
https://vl63.ru/images/vytjazhka/ploskaja_vent-truba_za_potolok.jpg,images/vytjazhka/ploskaja_vent-truba_za_potolok.jpg,37841,cfd5251f1484e6ce6e284b810762b8149785cfe9c20074d6e82d4566d99c907d
https://vl63.ru/images/vytjazhka/vagon_design_kuhnja.jpg,images/vytjazhka/vagon_design_kuhnja.jpg,572946,56fd0945c9f3b11b3c7b4b2998e700edb95a484c2e430ec1a6eb088704113566
https://vl63.ru/images/zhigulevsk-kombinirovannyj-potolok/fotopechat-na-natjazhnom-potolke-golubi-v-nebe.JPG,images/zhigulevsk-kombinirovannyj-potolok/fotopechat-na-natjazhnom-potolke-golubi-v-nebe.JPG,150899,a1ff943a1bf539c14493cf9b5a0b6e98eae17a23d6a8e6ba57bf3327e0da5e7b
https://vl63.ru/images/zhigulevsk-kombinirovannyj-potolok/kombinirovannyj-potolok-oblaka-foto.JPG,images/zhigulevsk-kombinirovannyj-potolok/kombinirovannyj-potolok-oblaka-foto.JPG,185527,5b3187a3d26461f1717d5ca7b69c38d88a175a5624fafeafde3b5190960f69c1
https://vl63.ru/images/zhigulevsk-kombinirovannyj-potolok/kvadratnyj-potolok-v-prjamougolnom.JPG,images/zhigulevsk-kombinirovannyj-potolok/kvadratnyj-potolok-v-prjamougolnom.JPG,187580,a2ded149c3164b11121936a8073c742ea6f67876ee35507a1cd1ef9762551835
https://vl63.ru/images/zhigulevsk-kombinirovannyj-potolok/natjaznoj-potolok-kartinka-neba-golubi.JPG,images/zhigulevsk-kombinirovannyj-potolok/natjaznoj-potolok-kartinka-neba-golubi.JPG,156885,53bc24be599f5a0f4a5c37fd2ef484720ab242619acc5a368b5c23234cdedafe
https://vl63.ru/images/zhigulevsk-kombinirovannyj-potolok/potolok-v-zimnem-sadu.JPG,images/zhigulevsk-kombinirovannyj-potolok/potolok-v-zimnem-sadu.JPG,172750,996b28b9b370c2718ada8a6b8ba7ce015374bb3c7dccad54ac10fa1b43a7272a
https://vl63.ru/images/zhigulevsk-kombinirovannyj-potolok/razdelitel-baget-dlja-kombinirovanija-potolkov.JPG,images/zhigulevsk-kombinirovannyj-potolok/razdelitel-baget-dlja-kombinirovanija-potolkov.JPG,157088,7966a8eb579f9fffc335201acbf5da1a8e9ccf947e959687a0ef62a14c6fb4ab
https://vl63.ru/images/zonirovanie-potolkom/krivolineino_razdelitel.jpg,images/zonirovanie-potolkom/krivolineino_razdelitel.jpg,134312,6b30ef7f846305e519e344645c42c44fed43a9a45ca81c1a074b5030fa8cbf3b
https://vl63.ru/images/zonirovanie-potolkom/natjazhnoj-potolok-cherez-razdelitel-2-faktury.jpg,images/zonirovanie-potolkom/natjazhnoj-potolok-cherez-razdelitel-2-faktury.jpg,87990,3c8a52a1346550416c949d058536d91a474cc9be0e030f633cc8b80955c0a354
https://vl63.ru/images/zonirovanie-potolkom/razdelitel_profil_plavnaja_linija.jpg,images/zonirovanie-potolkom/razdelitel_profil_plavnaja_linija.jpg,72710,c8f7d9c2ef02747cae825cebe49d9b77276c25f7606e75d681305f7536704dd7
https://vl63.ru/images/zonirovanie-potolkom/razdelitel_profil_prjamougol.jpg,images/zonirovanie-potolkom/razdelitel_profil_prjamougol.jpg,69558,bb89b575b43da522b622ce720f2bef8ba7362c42cdf701d67be0dc780c92093e
https://vl63.ru/images/zonirovanie-potolkom/styk-mezhdu-polotnami-potolka.jpg,images/zonirovanie-potolkom/styk-mezhdu-polotnami-potolka.jpg,40396,7a1263df942b26b37aece9e1c090612ac6d518c9e9661266a18add22ebfc7f85
https://vl63.ru/images/zvezdnoe-nebo_v_armstrong_vklucheno.jpg,images/zvezdnoe-nebo_v_armstrong_vklucheno.jpg,188640,fe04e4f162fbaafaa859139c488db2934f7d549104cc391ba52a9c963b4fa5a0
https://vl63.ru/images/zvezdnoe-nebo_v_armstrong_vyklucheno.jpg,images/zvezdnoe-nebo_v_armstrong_vyklucheno.jpg,194203,2e195014186e9a3d98bbb12e65035651240d6ef4031aa0e3a99bf9c6ce666c54
https://vl63.ru/images/zvezdnoe.jpg,images/zvezdnoe.jpg,21246,bdfbfbc6d4b96663b6bf790d57f412fc90f038bc42714af46037cf98384395d0
https://vl63.ru/images/zvezdnoe_nebo_rabochie_foto/Fotopechat_na_natjazhnom_potolke_GLJANEZ.JPG,images/zvezdnoe_nebo_rabochie_foto/Fotopechat_na_natjazhnom_potolke_GLJANEZ.JPG,160330,fad44d53aa83978f96bcf24ac202c1c6b1178aced20343c53554cfde92a558d9
https://vl63.ru/images/zvezdnoe_nebo_rabochie_foto/Zvezdnoe_nebo_na_zamshe_vl-63.jpg,images/zvezdnoe_nebo_rabochie_foto/Zvezdnoe_nebo_na_zamshe_vl-63.jpg,348688,2a25dddbecce1f782848962566bf8f2a1ab535c0db639e1785d5a942bcb87d4d
https://vl63.ru/images/zvezdnoe_nebo_rabochie_foto/chema_zvezdnogo_neba_bez_prokola.jpg,images/zvezdnoe_nebo_rabochie_foto/chema_zvezdnogo_neba_bez_prokola.jpg,43986,95715e56681cecec2a89f3c64139e141654eff0701bcd80a3f912947a1e2759f
https://vl63.ru/images/zvezdnoe_nebo_rabochie_foto/chema_zvezdnogo_neba_s_prokolom.jpg,images/zvezdnoe_nebo_rabochie_foto/chema_zvezdnogo_neba_s_prokolom.jpg,38859,444afe1dfe124c57949d691b115b983de8c5b68bb83908cb998023164b7667c6
https://vl63.ru/images/zvezdnoe_nebo_rabochie_foto/dostup_k_istochniku_sveta_zvezdnogo_neba.JPG,images/zvezdnoe_nebo_rabochie_foto/dostup_k_istochniku_sveta_zvezdnogo_neba.JPG,259157,dec98930b8a41992cfba319b6fb9be359c4b56c82806bbfa252ed7158ba4de7f
https://vl63.ru/images/zvezdnoe_nebo_rabochie_foto/falsh-potolok.JPG,images/zvezdnoe_nebo_rabochie_foto/falsh-potolok.JPG,98127,77a7674cae3230835a4fb5ca4cb76e8eeea31e90c69d661fe7f438a0cd67f70f
https://vl63.ru/images/zvezdnoe_nebo_rabochie_foto/moduli-potolkov_megastroi.jpg,images/zvezdnoe_nebo_rabochie_foto/moduli-potolkov_megastroi.jpg,249912,21e0d1672bbdb8ebe8612b20e8e8707d67bed3ea1223f062d435d528a7ca92ba
https://vl63.ru/images/zvezdnoe_nebo_rabochie_foto/zvezdnoe_nebo_i_svetovoi_konus.JPG,images/zvezdnoe_nebo_rabochie_foto/zvezdnoe_nebo_i_svetovoi_konus.JPG,272300,d946a6f3aed4ef8dc7b6f18899c81ce2021092e514137f23faece0ddf3fe32b0
https://vl63.ru/images/zvezdnoe_nebo_rabochie_foto/zvezdnoe_nebo_na_lakovom_natjazhnom_potolke.jpg,images/zvezdnoe_nebo_rabochie_foto/zvezdnoe_nebo_na_lakovom_natjazhnom_potolke.jpg,56213,d9ccde6f02e25c637a29a2ee19176588366d7b7aeff30093d8128424cf119942
https://vl63.ru/images/zvezdnoe_nebo_rabochie_foto/zvezdnoe_nebo_v_armstrong.jpg,images/zvezdnoe_nebo_rabochie_foto/zvezdnoe_nebo_v_armstrong.jpg,80315,f240ccf157cd467f2625253433e73f351ac9bd79503ac3c1dca4e84911002ba0
https://vl63.ru/media/jui/img/glyphicons-halflings-white.png,media/jui/img/glyphicons-halflings-white.png,8777,f0e0d95a9c8abcdfabf46348e2d4285829bb0491f5f6af0e05af52bffb6324c4
https://vl63.ru/media/jui/img/glyphicons-halflings.png,media/jui/img/glyphicons-halflings.png,12799,d99e3fa32c641032f08149914b28c2dc6acf2ec62f70987f2259eabbfa7fc0de
https://vl63.ru/media/k2/items/cache/05a977f75c8bd421cf67e35678973f79_Generic.jpg,media/k2/items/cache/05a977f75c8bd421cf67e35678973f79_Generic.jpg,44391,a9ee7ceb24d24ce7c33ee08be7ff91fe7f0b63fc76077fcc79dcf5596db8c167
https://vl63.ru/media/k2/items/cache/05a977f75c8bd421cf67e35678973f79_L.jpg,media/k2/items/cache/05a977f75c8bd421cf67e35678973f79_L.jpg,144549,427fa87808c614d297023f470eeb6c1219c2cda6715d7cc5fec3933425713fbf
https://vl63.ru/media/k2/items/cache/05a977f75c8bd421cf67e35678973f79_XL.jpg,media/k2/items/cache/05a977f75c8bd421cf67e35678973f79_XL.jpg,280039,e0407e98a6c6b2219ad57ea292c2d419078d84eaddbcefccf14534e59d7ac265
https://vl63.ru/media/k2/items/cache/05a977f75c8bd421cf67e35678973f79_XS.jpg,media/k2/items/cache/05a977f75c8bd421cf67e35678973f79_XS.jpg,22006,5e9e19b9612d9f47ea6ea6ced1dfc10f013cff8c7c1a7b4dc411c28a59159830
https://vl63.ru/media/k2/items/cache/0bfc0ce99892772fc285e10ee3943d9a_L.jpg,media/k2/items/cache/0bfc0ce99892772fc285e10ee3943d9a_L.jpg,138909,c263be4c0b6efbc0e32436382e171dafb0b2712fc4c16da378e42e1f7c38e43c
https://vl63.ru/media/k2/items/cache/0bfc0ce99892772fc285e10ee3943d9a_XL.jpg,media/k2/items/cache/0bfc0ce99892772fc285e10ee3943d9a_XL.jpg,270694,3fdf13afc7a9470248aca491f91be959c3325ba4f4a987c5b76ee7bbd11600de
https://vl63.ru/media/k2/items/cache/0bfc0ce99892772fc285e10ee3943d9a_XS.jpg,media/k2/items/cache/0bfc0ce99892772fc285e10ee3943d9a_XS.jpg,20761,4ddfc1b0b055afd03e2759a7ada2d8f9b4af75bd8d08d37f131fb0808f3a0078
https://vl63.ru/media/k2/items/cache/0d1fd34f22c9730e91eb5170fbddc114_L.jpg,media/k2/items/cache/0d1fd34f22c9730e91eb5170fbddc114_L.jpg,74713,db9945ae2bb0e4560111920f62c9c92122440f1e356019a50dcfdb07ca8081c6
https://vl63.ru/media/k2/items/cache/0d1fd34f22c9730e91eb5170fbddc114_XL.jpg,media/k2/items/cache/0d1fd34f22c9730e91eb5170fbddc114_XL.jpg,142361,30a5f26ceaec8d5b77150d52a53db52edde22e9513143058a60b37184bc8e157
https://vl63.ru/media/k2/items/cache/0d1fd34f22c9730e91eb5170fbddc114_XS.jpg,media/k2/items/cache/0d1fd34f22c9730e91eb5170fbddc114_XS.jpg,6946,8cfd116760e541ee11e73d7b712548ad441cc7b61b6e0c7b6e5a87118925f176
https://vl63.ru/media/k2/items/cache/0d422469a7bfe49699e19d8d898530d7_L.jpg,media/k2/items/cache/0d422469a7bfe49699e19d8d898530d7_L.jpg,222657,e6704ca079871b5152cb84c07b679234430f88effc26dfe483bc447f8833e2c9
https://vl63.ru/media/k2/items/cache/0d422469a7bfe49699e19d8d898530d7_XL.jpg,media/k2/items/cache/0d422469a7bfe49699e19d8d898530d7_XL.jpg,423436,32e3be285f3db42c3cc9c5974786e0b9d9cf932a999c61eff6656f9d83dd2114
https://vl63.ru/media/k2/items/cache/0d422469a7bfe49699e19d8d898530d7_XS.jpg,media/k2/items/cache/0d422469a7bfe49699e19d8d898530d7_XS.jpg,35329,95db2b2140c00bc63088f639d551cc2be6c460e0c3b610306d3a5a7ca2a13fc1
https://vl63.ru/media/k2/items/cache/0dc247c07eee71a72cf9409729fb3455_L.jpg,media/k2/items/cache/0dc247c07eee71a72cf9409729fb3455_L.jpg,154373,fe80b6f0423126b6275a423741d3371024fb24374581ff71fe91e74c053cd2cc
https://vl63.ru/media/k2/items/cache/0dc247c07eee71a72cf9409729fb3455_XL.jpg,media/k2/items/cache/0dc247c07eee71a72cf9409729fb3455_XL.jpg,298016,0450c70c1972e8ff3a5397b1e850e5ec6500478a6846c94acc251d876eb99c7f
https://vl63.ru/media/k2/items/cache/0dc247c07eee71a72cf9409729fb3455_XS.jpg,media/k2/items/cache/0dc247c07eee71a72cf9409729fb3455_XS.jpg,22557,12e607164bbf6b2f8256d600e0ab9b9df5cbc1e68b1c26e81a879a45fbfd6ba3
https://vl63.ru/media/k2/items/cache/0ef95987526970d668cbb7995fe36b10_L.jpg,media/k2/items/cache/0ef95987526970d668cbb7995fe36b10_L.jpg,279769,0d93996cbcc576ee1c665ded1a73e9ac11d69227e427d05ad9968fdf0cfdecd9
https://vl63.ru/media/k2/items/cache/0ef95987526970d668cbb7995fe36b10_XL.jpg,media/k2/items/cache/0ef95987526970d668cbb7995fe36b10_XL.jpg,379674,f430a8720bbc9fa260d55b0d5dfd73c4ed171e8887c42b3bedc748ddd00080a6
https://vl63.ru/media/k2/items/cache/0ef95987526970d668cbb7995fe36b10_XS.jpg,media/k2/items/cache/0ef95987526970d668cbb7995fe36b10_XS.jpg,44723,d5ddc60e6df5ec84423cf3fee0eb888cf2f9a27c7f709f3684f6625849fb240e
https://vl63.ru/media/k2/items/cache/1379b5de7cb668c186ab48a9361eabd7_Generic.jpg,media/k2/items/cache/1379b5de7cb668c186ab48a9361eabd7_Generic.jpg,39754,73d8213518c617e592202284bbca9e2dd26b097fe277987aa0d798676bcf0125
https://vl63.ru/media/k2/items/cache/1379b5de7cb668c186ab48a9361eabd7_L.jpg,media/k2/items/cache/1379b5de7cb668c186ab48a9361eabd7_L.jpg,133127,466c717d9a729c651b838bcf45b4a4d6a05b438b003d5d1ad7999aa63b6d7b26
https://vl63.ru/media/k2/items/cache/1379b5de7cb668c186ab48a9361eabd7_S.jpg,media/k2/items/cache/1379b5de7cb668c186ab48a9361eabd7_S.jpg,20085,be408fb3db12abcf563c28608e5812a68137c207979038d40b8200f3b3639b54
https://vl63.ru/media/k2/items/cache/1379b5de7cb668c186ab48a9361eabd7_XL.jpg,media/k2/items/cache/1379b5de7cb668c186ab48a9361eabd7_XL.jpg,259970,4e01990e16c84b620c4864090c70d00a934c808d59827db494cc17c6c1837512
https://vl63.ru/media/k2/items/cache/157c6c6cd616f458d56a6caf427711f8_Generic.jpg,media/k2/items/cache/157c6c6cd616f458d56a6caf427711f8_Generic.jpg,46285,7605613895153a88195e5c30b91077477065a8e40b3eebd8fb6ebddd28817eee
https://vl63.ru/media/k2/items/cache/157c6c6cd616f458d56a6caf427711f8_L.jpg,media/k2/items/cache/157c6c6cd616f458d56a6caf427711f8_L.jpg,149679,f5d9a9761894964cfb579f9e01f5aff862aa278d9bb0d56be986c4db1dd03902
https://vl63.ru/media/k2/items/cache/157c6c6cd616f458d56a6caf427711f8_XL.jpg,media/k2/items/cache/157c6c6cd616f458d56a6caf427711f8_XL.jpg,291358,56ec643ccc7dc7ad3d3472552820f035d42d735df46c110db9e4d09faa20e10c
https://vl63.ru/media/k2/items/cache/157c6c6cd616f458d56a6caf427711f8_XS.jpg,media/k2/items/cache/157c6c6cd616f458d56a6caf427711f8_XS.jpg,23316,6dbae70ae3948134c434fe1c15b305d32a5b1072a7a62caaa18198df06497ed9
https://vl63.ru/media/k2/items/cache/15d43aef6c8a5134e1fc00a9c98b8ab0_L.jpg,media/k2/items/cache/15d43aef6c8a5134e1fc00a9c98b8ab0_L.jpg,289670,0e291a7b347a980d6863aab71a676b1f3965ecabdba3e0da322abd41569729fe
https://vl63.ru/media/k2/items/cache/15d43aef6c8a5134e1fc00a9c98b8ab0_XL.jpg,media/k2/items/cache/15d43aef6c8a5134e1fc00a9c98b8ab0_XL.jpg,568565,fc1c7643d59ba2572c61b3bfafde1e876f35ec0c17909a77fb35b619245619f5
https://vl63.ru/media/k2/items/cache/15d43aef6c8a5134e1fc00a9c98b8ab0_XS.jpg,media/k2/items/cache/15d43aef6c8a5134e1fc00a9c98b8ab0_XS.jpg,46197,ca029f7cdc80fefff00bd0a14f91084930f1d44d6ea48f22f55f38943424685b
https://vl63.ru/media/k2/items/cache/16db9b88d9515580a78d5965b066ac2d_Generic.jpg,media/k2/items/cache/16db9b88d9515580a78d5965b066ac2d_Generic.jpg,64732,641ebc0b9016a96ab92e22ee5e59378c7500a374cb88f70c0297092bad07b3cc
https://vl63.ru/media/k2/items/cache/16db9b88d9515580a78d5965b066ac2d_L.jpg,media/k2/items/cache/16db9b88d9515580a78d5965b066ac2d_L.jpg,223554,8bf5beba5c3b9597b31088a5c824da43df560430c6e7f144d8402e8c0871b9bc
https://vl63.ru/media/k2/items/cache/16db9b88d9515580a78d5965b066ac2d_XL.jpg,media/k2/items/cache/16db9b88d9515580a78d5965b066ac2d_XL.jpg,434685,8ad248a19645aac9de8c5a478a16fc228842391ea5cd13980ce97cef607e08ed
https://vl63.ru/media/k2/items/cache/16db9b88d9515580a78d5965b066ac2d_XS.jpg,media/k2/items/cache/16db9b88d9515580a78d5965b066ac2d_XS.jpg,31446,ceea69a70a0c0c1442c9c5c5c1c503038453f438bb47d0799bf2c4178b5dfe03
https://vl63.ru/media/k2/items/cache/171fc14b49a79ea979710de5b3402b30_L.jpg,media/k2/items/cache/171fc14b49a79ea979710de5b3402b30_L.jpg,172615,15d4648dff24fb51902a69703e8f59dc03678f1b9ffc73a62646c4a304ddc8cf
https://vl63.ru/media/k2/items/cache/171fc14b49a79ea979710de5b3402b30_XL.jpg,media/k2/items/cache/171fc14b49a79ea979710de5b3402b30_XL.jpg,331282,646ea497612a7664c9ce8bf434a58779f9c7109dd3045df1b22d15516a6f3388
https://vl63.ru/media/k2/items/cache/171fc14b49a79ea979710de5b3402b30_XS.jpg,media/k2/items/cache/171fc14b49a79ea979710de5b3402b30_XS.jpg,31376,526e17d18feda37670f28b90d362502b1d2372deea0c21f7fac2eec73994353b
https://vl63.ru/media/k2/items/cache/1fc372946c0b98fb8d7f87d4c38ea83a_L.jpg,media/k2/items/cache/1fc372946c0b98fb8d7f87d4c38ea83a_L.jpg,95859,8d791a8b242fbb58e7c9ea07ded3ebf4346e6010f9ce894b0cab20072d6124f1
https://vl63.ru/media/k2/items/cache/1fc372946c0b98fb8d7f87d4c38ea83a_XL.jpg,media/k2/items/cache/1fc372946c0b98fb8d7f87d4c38ea83a_XL.jpg,189490,dcfcf27ee59e046f3131e047486eeaf9b778bded71ca6c18962e335d17656532
https://vl63.ru/media/k2/items/cache/1fc372946c0b98fb8d7f87d4c38ea83a_XS.jpg,media/k2/items/cache/1fc372946c0b98fb8d7f87d4c38ea83a_XS.jpg,15067,1e91ac8276ca83e52e515cc2053a72d4b14d83af3e3967bec3c676086f1cd29a
https://vl63.ru/media/k2/items/cache/211fb1d06f9479a7650fc3bb47b93c8b_L.jpg,media/k2/items/cache/211fb1d06f9479a7650fc3bb47b93c8b_L.jpg,167341,203671577f90bfb5499fceecdf9fabc6064bb20581ff7fda319c91190c65ae04
https://vl63.ru/media/k2/items/cache/211fb1d06f9479a7650fc3bb47b93c8b_XL.jpg,media/k2/items/cache/211fb1d06f9479a7650fc3bb47b93c8b_XL.jpg,318484,50f3b61f99a96a7047ff329f8740c8c774d6914397cf70c31f9b31968c411032
https://vl63.ru/media/k2/items/cache/211fb1d06f9479a7650fc3bb47b93c8b_XS.jpg,media/k2/items/cache/211fb1d06f9479a7650fc3bb47b93c8b_XS.jpg,29173,615cf081800d74c1f41562e4e89fbd09dc70707b28773a85f28e66bb4f98d154
https://vl63.ru/media/k2/items/cache/269b36e876e375e05083f78293992209_L.jpg,media/k2/items/cache/269b36e876e375e05083f78293992209_L.jpg,124855,8207ddab1418224a19e3879827a61dfbf6cfe57f14909e43e7be58dcfcc1469c
https://vl63.ru/media/k2/items/cache/269b36e876e375e05083f78293992209_XL.jpg,media/k2/items/cache/269b36e876e375e05083f78293992209_XL.jpg,261156,191d972a32b5fd9d93c05fefef6f995e7ce2a2e0281a82aed8f54c96a21d6b24
https://vl63.ru/media/k2/items/cache/269b36e876e375e05083f78293992209_XS.jpg,media/k2/items/cache/269b36e876e375e05083f78293992209_XS.jpg,20782,aba960f317f9ff2ea06b1569475b7d8653c6cf1bac2cca771fb32eb0c0140c01
https://vl63.ru/media/k2/items/cache/2722f6bcd13027c06fe9d3b0e6f955cf_L.jpg,media/k2/items/cache/2722f6bcd13027c06fe9d3b0e6f955cf_L.jpg,252123,54bdd873df306b35ee6fa3ada072b8d2f1d965c6f735cbebb95ffa2b3e2b71d6
https://vl63.ru/media/k2/items/cache/2722f6bcd13027c06fe9d3b0e6f955cf_XL.jpg,media/k2/items/cache/2722f6bcd13027c06fe9d3b0e6f955cf_XL.jpg,483085,26d1c9a1b1fe81494351941559f8bb0edfc19dafbd32b4f61cfeaef5d6369cd5
https://vl63.ru/media/k2/items/cache/2722f6bcd13027c06fe9d3b0e6f955cf_XS.jpg,media/k2/items/cache/2722f6bcd13027c06fe9d3b0e6f955cf_XS.jpg,41062,73eb3e5ccdacd2873fa207761509fc310222adf4e3abdf4706ec5d7553321d4a
https://vl63.ru/media/k2/items/cache/274936c4b649c88ffad7944bfc7a744a_L.jpg,media/k2/items/cache/274936c4b649c88ffad7944bfc7a744a_L.jpg,159630,41674ecee55c9ae69db6a3f597ed44b1ae35679448d41e36dc1e33c1854bc2ef
https://vl63.ru/media/k2/items/cache/274936c4b649c88ffad7944bfc7a744a_S.jpg,media/k2/items/cache/274936c4b649c88ffad7944bfc7a744a_S.jpg,25313,f49039b022253a14b4dbd2f95f4b7c2ccc011e8d735f4da2835910e4dce12498
https://vl63.ru/media/k2/items/cache/274936c4b649c88ffad7944bfc7a744a_XL.jpg,media/k2/items/cache/274936c4b649c88ffad7944bfc7a744a_XL.jpg,307101,633748977866b05ac3770f7bdc1afeaba591c2ba4e99f113a1a10eae05f4a221
https://vl63.ru/media/k2/items/cache/27b4275cdf67fac8ef7af010ec180724_Generic.jpg,media/k2/items/cache/27b4275cdf67fac8ef7af010ec180724_Generic.jpg,61573,26c7a76fe94d55236f55c08d06fdff55c5f789fca9fd21f8e72a9c82563e1290
https://vl63.ru/media/k2/items/cache/27b4275cdf67fac8ef7af010ec180724_L.jpg,media/k2/items/cache/27b4275cdf67fac8ef7af010ec180724_L.jpg,211857,c20e896ad3d9919fdb7b4bd276f0b5e2a6314825b2d67c33ae4f0edd096740b0
https://vl63.ru/media/k2/items/cache/27b4275cdf67fac8ef7af010ec180724_S.jpg,media/k2/items/cache/27b4275cdf67fac8ef7af010ec180724_S.jpg,30171,edaaae746de56912b489030969005ba6da77eae17469ebe332fea7581a540b82
https://vl63.ru/media/k2/items/cache/27b4275cdf67fac8ef7af010ec180724_XL.jpg,media/k2/items/cache/27b4275cdf67fac8ef7af010ec180724_XL.jpg,423275,ead66013994cec768f709880c21b3a8aadcceee159d66272e24037f38bfd89a0
https://vl63.ru/media/k2/items/cache/28232e87509dedeadc0cd2b6a94ea3f5_Generic.jpg,media/k2/items/cache/28232e87509dedeadc0cd2b6a94ea3f5_Generic.jpg,59085,3ed54631f407b760dab2f13578f4e5b31fe4a9426cd4fd5a9987eeac65147ec9
https://vl63.ru/media/k2/items/cache/28232e87509dedeadc0cd2b6a94ea3f5_L.jpg,media/k2/items/cache/28232e87509dedeadc0cd2b6a94ea3f5_L.jpg,206454,ee379bf8c5fd26f4e2137698cc5fe323bb301cb260800efa268212a970807928
https://vl63.ru/media/k2/items/cache/28232e87509dedeadc0cd2b6a94ea3f5_S.jpg,media/k2/items/cache/28232e87509dedeadc0cd2b6a94ea3f5_S.jpg,29631,9099cebef72f1f1526024b8fdbadf7c01969b6738281fefe5e700439a3ea3609
https://vl63.ru/media/k2/items/cache/28232e87509dedeadc0cd2b6a94ea3f5_XL.jpg,media/k2/items/cache/28232e87509dedeadc0cd2b6a94ea3f5_XL.jpg,407923,d4676be4697ef20b73a3ce8e484751a430888b7ab60fd0086ca6957cb78b5a2c
https://vl63.ru/media/k2/items/cache/28b8f12309e9ac4afaade20e5d04ffc2_Generic.jpg,media/k2/items/cache/28b8f12309e9ac4afaade20e5d04ffc2_Generic.jpg,96939,9e536f2a5e27c5e18c23cad79a2e28333987e38c45b77816cd5f57579dafc88b
https://vl63.ru/media/k2/items/cache/28b8f12309e9ac4afaade20e5d04ffc2_L.jpg,media/k2/items/cache/28b8f12309e9ac4afaade20e5d04ffc2_L.jpg,331220,3c6d115536cbfaaae8af2029b81a084a97e87774c9bf8b265831d6e98c33e219
https://vl63.ru/media/k2/items/cache/28b8f12309e9ac4afaade20e5d04ffc2_M.jpg,media/k2/items/cache/28b8f12309e9ac4afaade20e5d04ffc2_M.jpg,163410,98d770135142d504d38db536ddb2a8c536e61db1ce999980e71b3cc8263e7265
https://vl63.ru/media/k2/items/cache/28b8f12309e9ac4afaade20e5d04ffc2_XL.jpg,media/k2/items/cache/28b8f12309e9ac4afaade20e5d04ffc2_XL.jpg,649092,2222aa97212eb2f57a89c485781487453fd9bd1407e04874287e62cdd1967f1a
https://vl63.ru/media/k2/items/cache/29766e2a37e979b18d18c428ff9c5aba_L.jpg,media/k2/items/cache/29766e2a37e979b18d18c428ff9c5aba_L.jpg,218169,df98b7f70e06da84d603910dda3759648b5461da6eb2707ac1dae6e4d1997208
https://vl63.ru/media/k2/items/cache/29766e2a37e979b18d18c428ff9c5aba_XL.jpg,media/k2/items/cache/29766e2a37e979b18d18c428ff9c5aba_XL.jpg,425193,ef56dbd159c9d6dbd3aa2dd0c45e62562d857f6f2b1b5d7d480bebe02763add9
https://vl63.ru/media/k2/items/cache/29766e2a37e979b18d18c428ff9c5aba_XS.jpg,media/k2/items/cache/29766e2a37e979b18d18c428ff9c5aba_XS.jpg,41076,66bc88a2f0509e24164d4c99904287c86146b1afc1d2fac370cc22c8c9187e21
https://vl63.ru/media/k2/items/cache/2e2c1711fe12b24ae23d95c35bfd21c2_L.jpg,media/k2/items/cache/2e2c1711fe12b24ae23d95c35bfd21c2_L.jpg,115335,a01c89b2fa4c71e831c24c54b38754e28133e18afb2b26f551467e5d7716506d
https://vl63.ru/media/k2/items/cache/2e2c1711fe12b24ae23d95c35bfd21c2_S.jpg,media/k2/items/cache/2e2c1711fe12b24ae23d95c35bfd21c2_S.jpg,15416,717696c7d17bb1fe4c53a46fce430875b18e12d9a4a526e37d547ebdf181a8b2
https://vl63.ru/media/k2/items/cache/2e2c1711fe12b24ae23d95c35bfd21c2_XL.jpg,media/k2/items/cache/2e2c1711fe12b24ae23d95c35bfd21c2_XL.jpg,228161,ccd2422046228788889453464b050de3512e265277a7a6f4a0e225a355447a77
https://vl63.ru/media/k2/items/cache/32088387da419227f20729e6cf7687d8_L.jpg,media/k2/items/cache/32088387da419227f20729e6cf7687d8_L.jpg,297040,6932612d81093f52551d24171658a6bbed430f53604d8ffa4ef1565413630bbb
https://vl63.ru/media/k2/items/cache/32088387da419227f20729e6cf7687d8_XL.jpg,media/k2/items/cache/32088387da419227f20729e6cf7687d8_XL.jpg,590908,55fe9859b1a2f2658a5a7255dc0c57edb0087b7e01a07456cf5781ce9ed7fad6
https://vl63.ru/media/k2/items/cache/32088387da419227f20729e6cf7687d8_XS.jpg,media/k2/items/cache/32088387da419227f20729e6cf7687d8_XS.jpg,40093,017294698d4bb66a42f23d24a800afff804b69937eed4a7c1923e33a0c069261
https://vl63.ru/media/k2/items/cache/3409e45349ec9f6b3397bfe10e87a1d0_L.jpg,media/k2/items/cache/3409e45349ec9f6b3397bfe10e87a1d0_L.jpg,275890,65de2078fb330f721a3e0f371630c244026005756f1ecf821e4e120f45aee0b3
https://vl63.ru/media/k2/items/cache/3409e45349ec9f6b3397bfe10e87a1d0_S.jpg,media/k2/items/cache/3409e45349ec9f6b3397bfe10e87a1d0_S.jpg,37528,f678b43671b840ddd9cfb3ee19d6cd96356603cf648bec8a048c88103c7dff99
https://vl63.ru/media/k2/items/cache/3409e45349ec9f6b3397bfe10e87a1d0_XL.jpg,media/k2/items/cache/3409e45349ec9f6b3397bfe10e87a1d0_XL.jpg,584068,322db1b2e7d3f5ce16ed411de8e4d09f8ce82b835b0efb15737f2674e455b6bc
https://vl63.ru/media/k2/items/cache/39ab3bf46ced9d4856c25205fb92582a_Generic.jpg,media/k2/items/cache/39ab3bf46ced9d4856c25205fb92582a_Generic.jpg,42166,57c6083c0975d1eb4b774005f9951bb9cf9f9ab68cc7d6b1b3f725b95e95c72e
https://vl63.ru/media/k2/items/cache/39ab3bf46ced9d4856c25205fb92582a_L.jpg,media/k2/items/cache/39ab3bf46ced9d4856c25205fb92582a_L.jpg,136569,57e16eca07dbaa3772a79a560deb4d6e3a4f40ac8c361774344109f68f89b76a
https://vl63.ru/media/k2/items/cache/39ab3bf46ced9d4856c25205fb92582a_XL.jpg,media/k2/items/cache/39ab3bf46ced9d4856c25205fb92582a_XL.jpg,264343,8fcd184e22d99d6731d49207d74a112d50085589b73c53987484207beb046909
https://vl63.ru/media/k2/items/cache/39ab3bf46ced9d4856c25205fb92582a_XS.jpg,media/k2/items/cache/39ab3bf46ced9d4856c25205fb92582a_XS.jpg,6980,e02154704791bd0073d312385f833eff4f76021fc791fb52e6e46da3f5bb6cd7
https://vl63.ru/media/k2/items/cache/3a9297ca78720986dccc8a65ce802a33_L.jpg,media/k2/items/cache/3a9297ca78720986dccc8a65ce802a33_L.jpg,252345,ffa7aeed3c8babd82bdbf8d93c0aac42c5f43b1c51a36b789852d3a74cdebf73
https://vl63.ru/media/k2/items/cache/3a9297ca78720986dccc8a65ce802a33_XL.jpg,media/k2/items/cache/3a9297ca78720986dccc8a65ce802a33_XL.jpg,477286,5d3a6d8f270376f9b4ea93e8ae6039425c2b8d44ecff9a65a752a7a3d5c89b88
https://vl63.ru/media/k2/items/cache/3a9297ca78720986dccc8a65ce802a33_XS.jpg,media/k2/items/cache/3a9297ca78720986dccc8a65ce802a33_XS.jpg,38024,e6cae9c061b9deda4cb142845a920f5761c32d589d6e94493e304316e5a30a2b
https://vl63.ru/media/k2/items/cache/3b3e749011568df066956f2034087c10_Generic.jpg,media/k2/items/cache/3b3e749011568df066956f2034087c10_Generic.jpg,65632,acd69c584bc5953638e649a7f363e2abbebaa0cac7f509f68ed55c9749ebf55b
https://vl63.ru/media/k2/items/cache/3b3e749011568df066956f2034087c10_L.jpg,media/k2/items/cache/3b3e749011568df066956f2034087c10_L.jpg,215577,4ecd11e64467eafad87aeec3c052f11d6c1843155d7068cd5a68e95973340cac
https://vl63.ru/media/k2/items/cache/3b3e749011568df066956f2034087c10_S.jpg,media/k2/items/cache/3b3e749011568df066956f2034087c10_S.jpg,32388,fcfbd3249d54d9c0777c6012c77f471675143d3cb36a8f4b2aad5f278a43f4dd
https://vl63.ru/media/k2/items/cache/3b3e749011568df066956f2034087c10_XL.jpg,media/k2/items/cache/3b3e749011568df066956f2034087c10_XL.jpg,429167,a463dfbde0207ad3a8fd7d6d88557eb0a1e0c9de0498564459bba1370653df40
https://vl63.ru/media/k2/items/cache/3bc7aa7f337d2b6d218588b9fca9e94f_L.jpg,media/k2/items/cache/3bc7aa7f337d2b6d218588b9fca9e94f_L.jpg,135534,cef6ea9ae89de157e8524396b301aaf97f9ca181e2f9b7d2da2b9ca748f652b1
https://vl63.ru/media/k2/items/cache/3bc7aa7f337d2b6d218588b9fca9e94f_M.jpg,media/k2/items/cache/3bc7aa7f337d2b6d218588b9fca9e94f_M.jpg,68839,f6d71e68a7c2d465e60b67015456d07745da570ff6ff7d5d5623ab6e35d2243e
https://vl63.ru/media/k2/items/cache/3bc7aa7f337d2b6d218588b9fca9e94f_XL.jpg,media/k2/items/cache/3bc7aa7f337d2b6d218588b9fca9e94f_XL.jpg,261613,8f2f7e24553b35a685b00ae906f5477966f91e4476248eaa7d539e028befb3cc
https://vl63.ru/media/k2/items/cache/3f4808b525a42a0bb340252b3c0de1d3_L.jpg,media/k2/items/cache/3f4808b525a42a0bb340252b3c0de1d3_L.jpg,132179,bda03112f3bd7b692aa3b9cf9a26cc512dcc2874df1baf78d168c9725c548b72
https://vl63.ru/media/k2/items/cache/3f4808b525a42a0bb340252b3c0de1d3_XL.jpg,media/k2/items/cache/3f4808b525a42a0bb340252b3c0de1d3_XL.jpg,256263,00fa94839680970f40fc9def00b363b3c1c27c931a26784b80bc4757b06e9586
https://vl63.ru/media/k2/items/cache/3f4808b525a42a0bb340252b3c0de1d3_XS.jpg,media/k2/items/cache/3f4808b525a42a0bb340252b3c0de1d3_XS.jpg,19791,18a086d6187d99b412e58b43d6615a6d8082635b979e759bdacc14dd7cd11c84
https://vl63.ru/media/k2/items/cache/3f670763861139bf2201e7bc224257d4_Generic.jpg,media/k2/items/cache/3f670763861139bf2201e7bc224257d4_Generic.jpg,29609,c18d868e4785656bd832aa3408278e4c849c32d602197767a6a5706bd54c1dfc
https://vl63.ru/media/k2/items/cache/3f670763861139bf2201e7bc224257d4_L.jpg,media/k2/items/cache/3f670763861139bf2201e7bc224257d4_L.jpg,96428,29ce494dd4fdfb95f963d489a335fb52b892ddebca57a70f1819adc6c9c6fba6
https://vl63.ru/media/k2/items/cache/3f670763861139bf2201e7bc224257d4_M.jpg,media/k2/items/cache/3f670763861139bf2201e7bc224257d4_M.jpg,39429,d041fdd8706eed2e51ad7108f394644be14dc3aa3a03886eeb627a8a7cd1ac97
https://vl63.ru/media/k2/items/cache/3f670763861139bf2201e7bc224257d4_XL.jpg,media/k2/items/cache/3f670763861139bf2201e7bc224257d4_XL.jpg,199596,1a74b38192eac684fd3c880e0d0e8116bf75c3231f3749f800b4b59891312e0b
https://vl63.ru/media/k2/items/cache/4047dc2f08c422a43c6430815243ead6_L.jpg,media/k2/items/cache/4047dc2f08c422a43c6430815243ead6_L.jpg,123860,ebf5f93d4188cddd4061bf75882840c568a13d3d9ceabb34481757a0bc6814c8
https://vl63.ru/media/k2/items/cache/4047dc2f08c422a43c6430815243ead6_XL.jpg,media/k2/items/cache/4047dc2f08c422a43c6430815243ead6_XL.jpg,246133,041b6eed5f22642ae8eedc9228583a404e48bba640bb369770ee1fd57cca1472
https://vl63.ru/media/k2/items/cache/4047dc2f08c422a43c6430815243ead6_XS.jpg,media/k2/items/cache/4047dc2f08c422a43c6430815243ead6_XS.jpg,16214,eec05a92f02f0f056cfe05c7c740ba7893f66f17f8c604995ab15a0151dfb1eb
https://vl63.ru/media/k2/items/cache/4251dec72b18ac89643edfb7a8300016_L.jpg,media/k2/items/cache/4251dec72b18ac89643edfb7a8300016_L.jpg,177037,9c11afff2d68c2bc819d3ada4607c289e09711698200714ea6742fcde346b045
https://vl63.ru/media/k2/items/cache/4251dec72b18ac89643edfb7a8300016_XL.jpg,media/k2/items/cache/4251dec72b18ac89643edfb7a8300016_XL.jpg,345878,c1dee2af3b08cbdf19270ed308397592121a45065665793a826638736832946c
https://vl63.ru/media/k2/items/cache/4251dec72b18ac89643edfb7a8300016_XS.jpg,media/k2/items/cache/4251dec72b18ac89643edfb7a8300016_XS.jpg,26618,707be597ead41f0035d3fc9f9edb6c066b3b3a9ea3cecb03077977aff1d7210c
https://vl63.ru/media/k2/items/cache/461011bcaf5b5e723e897c33f049f169_L.jpg,media/k2/items/cache/461011bcaf5b5e723e897c33f049f169_L.jpg,299026,7cf20f268497a9115f1173efe3b60c55a689aff88444325c3c4e3954f5feec63
https://vl63.ru/media/k2/items/cache/461011bcaf5b5e723e897c33f049f169_XL.jpg,media/k2/items/cache/461011bcaf5b5e723e897c33f049f169_XL.jpg,576952,718f2decf0f63b3e9aa0967bb5fcb37d7a3f116ca17b19a158179d3d0a908b4a
https://vl63.ru/media/k2/items/cache/461011bcaf5b5e723e897c33f049f169_XS.jpg,media/k2/items/cache/461011bcaf5b5e723e897c33f049f169_XS.jpg,45204,8bb5cb7704d7aa45083874f627b3afb5bb2a1fa946327a23c755275da59263c5
https://vl63.ru/media/k2/items/cache/463052dad9377fe2445d3b1bfb5f62a3_L.jpg,media/k2/items/cache/463052dad9377fe2445d3b1bfb5f62a3_L.jpg,105588,dde8970ccdc9bd453dff09d838f3f81e2287b4c37bd620ff4be6f6bb8ee33528
https://vl63.ru/media/k2/items/cache/463052dad9377fe2445d3b1bfb5f62a3_S.jpg,media/k2/items/cache/463052dad9377fe2445d3b1bfb5f62a3_S.jpg,16887,66ed4e0c8621f1f59bbc2232f262cfaac5b91a4a0959618a66309534f192ace0
https://vl63.ru/media/k2/items/cache/463052dad9377fe2445d3b1bfb5f62a3_XL.jpg,media/k2/items/cache/463052dad9377fe2445d3b1bfb5f62a3_XL.jpg,212585,ccfff2f6135f1bae246d30d1c1a7770cb0231ee9892be644a9568a548a025823
https://vl63.ru/media/k2/items/cache/4695cb3b19cbf906e45dac0da0913068_L.jpg,media/k2/items/cache/4695cb3b19cbf906e45dac0da0913068_L.jpg,124567,6d40239bc7b799a2b1695c2bf1361c052e6c364543bce9c9c9910444ede6a2c1
https://vl63.ru/media/k2/items/cache/4695cb3b19cbf906e45dac0da0913068_M.jpg,media/k2/items/cache/4695cb3b19cbf906e45dac0da0913068_M.jpg,65183,791d735d0e053ddef0112ac1ad2c236b1ff68afd80f954b5b02197490069f9ba
https://vl63.ru/media/k2/items/cache/4695cb3b19cbf906e45dac0da0913068_XL.jpg,media/k2/items/cache/4695cb3b19cbf906e45dac0da0913068_XL.jpg,234042,3b601f90106df41c6bb1a8a35e4bab730cba39488daced31a8bc8b5ba16ebafa
https://vl63.ru/media/k2/items/cache/471bd07fdaa7b040f7ab8b2a13f8f35b_L.jpg,media/k2/items/cache/471bd07fdaa7b040f7ab8b2a13f8f35b_L.jpg,104146,ae3160a93e539471883154171134b1ff3650ef6709f2ea490eb9413a4f505a4b
https://vl63.ru/media/k2/items/cache/471bd07fdaa7b040f7ab8b2a13f8f35b_XL.jpg,media/k2/items/cache/471bd07fdaa7b040f7ab8b2a13f8f35b_XL.jpg,202020,73b20c4073eba615bec102fdb86b23a95ee0c2d4c490e681e95c34b51f2a09f5
https://vl63.ru/media/k2/items/cache/471bd07fdaa7b040f7ab8b2a13f8f35b_XS.jpg,media/k2/items/cache/471bd07fdaa7b040f7ab8b2a13f8f35b_XS.jpg,19281,e559c84a024b28b50a3a6d18a1a212293908636d2aefbfb2983e6a1011a81a92
https://vl63.ru/media/k2/items/cache/47359a90eed3ee35f2dab5a3c718abb3_Generic.jpg,media/k2/items/cache/47359a90eed3ee35f2dab5a3c718abb3_Generic.jpg,119408,f6fb87b8829529fb9b81db75e686fab68a13cb4f4fb3dd9b9645ea606b795066
https://vl63.ru/media/k2/items/cache/47359a90eed3ee35f2dab5a3c718abb3_L.jpg,media/k2/items/cache/47359a90eed3ee35f2dab5a3c718abb3_L.jpg,379623,45cd07339cb01db976071be6936cc5a263c4124c06c24202a4e924388db84fee
https://vl63.ru/media/k2/items/cache/47359a90eed3ee35f2dab5a3c718abb3_S.jpg,media/k2/items/cache/47359a90eed3ee35f2dab5a3c718abb3_S.jpg,57626,535aaf9a8fa5b7b63bd45cd6127cd142a0ed97d95e88ca60789203670fbbe4ae
https://vl63.ru/media/k2/items/cache/47359a90eed3ee35f2dab5a3c718abb3_XL.jpg,media/k2/items/cache/47359a90eed3ee35f2dab5a3c718abb3_XL.jpg,754304,79d04b0fc0a046c78bfd0e3f520e1be3f91db21f8398af6d30f5bf8206e5369b
https://vl63.ru/media/k2/items/cache/475699d297afae315ef802312426354e_Generic.jpg,media/k2/items/cache/475699d297afae315ef802312426354e_Generic.jpg,47359,a1d3249f15d668c5c74185823da201166c84abf1d7cb03353b5971611dab2b2d
https://vl63.ru/media/k2/items/cache/475699d297afae315ef802312426354e_L.jpg,media/k2/items/cache/475699d297afae315ef802312426354e_L.jpg,150521,c9963324823ed1eb9f94ac0df7c270b896c905a2d86967475c0a9cf2e69be4f7
https://vl63.ru/media/k2/items/cache/475699d297afae315ef802312426354e_M.jpg,media/k2/items/cache/475699d297afae315ef802312426354e_M.jpg,75779,550b58c0c34d9e5396fdba9c799a4899c74afec85f57924ee62a172b50529fef
https://vl63.ru/media/k2/items/cache/475699d297afae315ef802312426354e_XL.jpg,media/k2/items/cache/475699d297afae315ef802312426354e_XL.jpg,295441,3cc044d4d242a160f247586a902f8161b43eab2956ff406a924e6fdcdbff038b
https://vl63.ru/media/k2/items/cache/47674e109b85ae6495880f2604f34f58_L.jpg,media/k2/items/cache/47674e109b85ae6495880f2604f34f58_L.jpg,173482,28e78f2e89b3fcf190307765d27b84ecfa58f18138a1206ede811f0ee1494b10
https://vl63.ru/media/k2/items/cache/47674e109b85ae6495880f2604f34f58_XL.jpg,media/k2/items/cache/47674e109b85ae6495880f2604f34f58_XL.jpg,335903,ea1e263142fe2bb2101c593448e53ba2a799c7502e8f44d4ffdef193a20336d9
https://vl63.ru/media/k2/items/cache/47674e109b85ae6495880f2604f34f58_XS.jpg,media/k2/items/cache/47674e109b85ae6495880f2604f34f58_XS.jpg,30539,120f4bc5909f893ba9b99a497ef06f8e29e648509d0209fa876dca6519f08f5c
https://vl63.ru/media/k2/items/cache/48689e827932dc70ec0a6e6067e8a72b_L.jpg,media/k2/items/cache/48689e827932dc70ec0a6e6067e8a72b_L.jpg,180687,0757235d9cc78366b5ad0fe10e3710414b5f5627bd167026bdbb4e34ff1bb0a5
https://vl63.ru/media/k2/items/cache/48689e827932dc70ec0a6e6067e8a72b_XL.jpg,media/k2/items/cache/48689e827932dc70ec0a6e6067e8a72b_XL.jpg,389983,a6c71b1291387ae04519bd69353e4397f63158e9120e0396286c64de85825ba0
https://vl63.ru/media/k2/items/cache/48689e827932dc70ec0a6e6067e8a72b_XS.jpg,media/k2/items/cache/48689e827932dc70ec0a6e6067e8a72b_XS.jpg,24604,770f03a55d66cd077cdab11751cfb5e4f604db0ced944f8a240a7055e6f94cb0
https://vl63.ru/media/k2/items/cache/4ddc75f1698994d05cf43f2316d7d33a_L.jpg,media/k2/items/cache/4ddc75f1698994d05cf43f2316d7d33a_L.jpg,95072,28fe6fc59720a49fe6b4e1d2f5a540903808a03c43ada368b7b64ed9c658b187
https://vl63.ru/media/k2/items/cache/4ddc75f1698994d05cf43f2316d7d33a_XL.jpg,media/k2/items/cache/4ddc75f1698994d05cf43f2316d7d33a_XL.jpg,189028,eec07602ffdb9a70751dd395fb78fbae7c8a4005377ce52cee23cc05decd51cf
https://vl63.ru/media/k2/items/cache/4ddc75f1698994d05cf43f2316d7d33a_XS.jpg,media/k2/items/cache/4ddc75f1698994d05cf43f2316d7d33a_XS.jpg,14433,d32e996af922d7b92a8fea3c7f06f5dcce0e34dda441daec0880c4bb3a24e519
https://vl63.ru/media/k2/items/cache/500a44935c8320008f1c713a63e32b8e_L.jpg,media/k2/items/cache/500a44935c8320008f1c713a63e32b8e_L.jpg,202120,63a671fb1266bf5b9f959fb56aa059f384195c16bf4c040291acf6d4f9cfa317
https://vl63.ru/media/k2/items/cache/500a44935c8320008f1c713a63e32b8e_XL.jpg,media/k2/items/cache/500a44935c8320008f1c713a63e32b8e_XL.jpg,412532,bd4dfb80d0c696f248beb5d6e0861aae93bf0d529455dcc45d29549674636556
https://vl63.ru/media/k2/items/cache/500a44935c8320008f1c713a63e32b8e_XS.jpg,media/k2/items/cache/500a44935c8320008f1c713a63e32b8e_XS.jpg,29502,9bfe529166145e2e1fcdde0571d7286411c5d00621cabb839f27a27da91173b3
https://vl63.ru/media/k2/items/cache/5288462d048e0d3f60f64bb84cff6df4_L.jpg,media/k2/items/cache/5288462d048e0d3f60f64bb84cff6df4_L.jpg,328113,041f9360ce1218d35b916df9a24b37f69f2f255b10673f2e817379f796240981
https://vl63.ru/media/k2/items/cache/5288462d048e0d3f60f64bb84cff6df4_XL.jpg,media/k2/items/cache/5288462d048e0d3f60f64bb84cff6df4_XL.jpg,631647,6ffd6944f1bddeaac0b28d443407ec9f13cc51159493127a7d617209e26db4a1
https://vl63.ru/media/k2/items/cache/5288462d048e0d3f60f64bb84cff6df4_XS.jpg,media/k2/items/cache/5288462d048e0d3f60f64bb84cff6df4_XS.jpg,52255,8bae1880b049d86435b0a3db79363d720efca174186e7b33e3b7c21ff77741df
https://vl63.ru/media/k2/items/cache/53bed31cb74891ae64a31e4c592ef86d_L.jpg,media/k2/items/cache/53bed31cb74891ae64a31e4c592ef86d_L.jpg,275155,350d586902b3fcfdc80f47f5144cd74968c602a2dffcc6286efc6a95f40a2d3f
https://vl63.ru/media/k2/items/cache/53bed31cb74891ae64a31e4c592ef86d_XL.jpg,media/k2/items/cache/53bed31cb74891ae64a31e4c592ef86d_XL.jpg,548863,f5981dbda0c3a0e8360c8f1aa9a2810fdcadb3b217304fb6570cbabbd003eed7
https://vl63.ru/media/k2/items/cache/569585164bf57f8a1e8703b19497bdbc_L.jpg,media/k2/items/cache/569585164bf57f8a1e8703b19497bdbc_L.jpg,162602,f7e5b2e2b28fda56642f377ade138ce73fb56633965974f329b07245c0789da6
https://vl63.ru/media/k2/items/cache/569585164bf57f8a1e8703b19497bdbc_XL.jpg,media/k2/items/cache/569585164bf57f8a1e8703b19497bdbc_XL.jpg,316633,d8e7bb199cab851357d05acde09986f96a2e4aeedda5902f1e936346419468a6
https://vl63.ru/media/k2/items/cache/569585164bf57f8a1e8703b19497bdbc_XS.jpg,media/k2/items/cache/569585164bf57f8a1e8703b19497bdbc_XS.jpg,24802,1410ce7cce4623a93d3791cebe26d265aebc07a716b92fb9c917c2c3bc4beabd
https://vl63.ru/media/k2/items/cache/56dab2b3675237b0ba79395c67ee9ae4_L.jpg,media/k2/items/cache/56dab2b3675237b0ba79395c67ee9ae4_L.jpg,97309,e27385b8dee295059a7d3f68a41ed1cbee4500488bd367a6a565bb789ab3e393
https://vl63.ru/media/k2/items/cache/56dab2b3675237b0ba79395c67ee9ae4_XL.jpg,media/k2/items/cache/56dab2b3675237b0ba79395c67ee9ae4_XL.jpg,195423,22244ac629ba7eab843d0ff07ffb8c4746a1b5279733d51570f99bdffaaef9a6
https://vl63.ru/media/k2/items/cache/56dab2b3675237b0ba79395c67ee9ae4_XS.jpg,media/k2/items/cache/56dab2b3675237b0ba79395c67ee9ae4_XS.jpg,19456,9e83805b697686bd9704b1603365737bb6791e0ad3677bfd74b781985bbcb25b
https://vl63.ru/media/k2/items/cache/576492c356d8e0278dfa7b752bad5bc8_L.jpg,media/k2/items/cache/576492c356d8e0278dfa7b752bad5bc8_L.jpg,200415,9b7b2b451d402eaa84c090c9d1a6fd9be7beae6edd6e8213ab651a75f387a82c
https://vl63.ru/media/k2/items/cache/576492c356d8e0278dfa7b752bad5bc8_XL.jpg,media/k2/items/cache/576492c356d8e0278dfa7b752bad5bc8_XL.jpg,351343,0b91431528cb44035649c2d4417fea4cc638e727b6830a42a9676dfb6e09cfc3
https://vl63.ru/media/k2/items/cache/576492c356d8e0278dfa7b752bad5bc8_XS.jpg,media/k2/items/cache/576492c356d8e0278dfa7b752bad5bc8_XS.jpg,34701,2099a0daed2f1719d0cba0596f03a81c7ad26ea49e3d3ed5bf1f047f831c53c6
https://vl63.ru/media/k2/items/cache/5a61d31ed794cb758475f6c89477dfed_L.jpg,media/k2/items/cache/5a61d31ed794cb758475f6c89477dfed_L.jpg,150422,d95b367c18c031ca74093a4e5c34f12bebd6e81ff7533c6fba8ca6094cfcab3d
https://vl63.ru/media/k2/items/cache/5a61d31ed794cb758475f6c89477dfed_XL.jpg,media/k2/items/cache/5a61d31ed794cb758475f6c89477dfed_XL.jpg,295866,0618189537ba15fbe82c1abff3b6c215a706dc26f79788e3b2fb9aed6d02648f
https://vl63.ru/media/k2/items/cache/5a61d31ed794cb758475f6c89477dfed_XS.jpg,media/k2/items/cache/5a61d31ed794cb758475f6c89477dfed_XS.jpg,21767,3fca19fde9d8c8eeedcc4c27529de5bcbef0c0aa8cb2767d7f3d0cda9fe59b46
https://vl63.ru/media/k2/items/cache/5cf9cad94714c5577919c266171d935c_L.jpg,media/k2/items/cache/5cf9cad94714c5577919c266171d935c_L.jpg,175467,82c1a24223133ca66f043f4663032761bc0cf03c7798c60541ca000f5cad996f
https://vl63.ru/media/k2/items/cache/5cf9cad94714c5577919c266171d935c_XL.jpg,media/k2/items/cache/5cf9cad94714c5577919c266171d935c_XL.jpg,329305,8e643fa636ff26538ac4841ae33e2523e25bc0eeefa883f9995fc1ddc50198a3
https://vl63.ru/media/k2/items/cache/5cf9cad94714c5577919c266171d935c_XS.jpg,media/k2/items/cache/5cf9cad94714c5577919c266171d935c_XS.jpg,30624,25ee87f840836f7aa12e7044e8de3fb32feb04b99a0ebf92339b8412e281e4aa
https://vl63.ru/media/k2/items/cache/5fa21cd9e0d2531a2f1dfdffbab46f70_L.jpg,media/k2/items/cache/5fa21cd9e0d2531a2f1dfdffbab46f70_L.jpg,117172,95503b7e636e2f971f4fa7f13a3440471877cc200a60035600ec57edfcd49a54
https://vl63.ru/media/k2/items/cache/5fa21cd9e0d2531a2f1dfdffbab46f70_XL.jpg,media/k2/items/cache/5fa21cd9e0d2531a2f1dfdffbab46f70_XL.jpg,199590,8c2f8ec14c34deb1647173f5a129f1219c15379ea8e928168f87bc0ee2df57d9
https://vl63.ru/media/k2/items/cache/5fa21cd9e0d2531a2f1dfdffbab46f70_XS.jpg,media/k2/items/cache/5fa21cd9e0d2531a2f1dfdffbab46f70_XS.jpg,28278,75efa82fd3c91cef0709e26e7a02540f647658ea0d412e68ca3f945cf46776c0
https://vl63.ru/media/k2/items/cache/5fd45095a868b007b05013834dba7a95_L.jpg,media/k2/items/cache/5fd45095a868b007b05013834dba7a95_L.jpg,136156,97bae16427291b2b0a11b1f3832bc9244059f6a8e63e007629246c7153f8c363
https://vl63.ru/media/k2/items/cache/5fd45095a868b007b05013834dba7a95_M.jpg,media/k2/items/cache/5fd45095a868b007b05013834dba7a95_M.jpg,60808,ba55527cc11f74de54ec3c7633045c421a0324704832613789deec6d9d8b2746
https://vl63.ru/media/k2/items/cache/5fd45095a868b007b05013834dba7a95_XL.jpg,media/k2/items/cache/5fd45095a868b007b05013834dba7a95_XL.jpg,298735,270d4fde29139337547e36a862fa4b91c25a2b38c06786b4ad57b15b2ea80468
https://vl63.ru/media/k2/items/cache/600eb6612b31632f6c618c9c012d873d_Generic.jpg,media/k2/items/cache/600eb6612b31632f6c618c9c012d873d_Generic.jpg,82625,39f92ed099d44c761c48dac03207a705025cb6ff805d77d3574a6d8876c592a2
https://vl63.ru/media/k2/items/cache/600eb6612b31632f6c618c9c012d873d_L.jpg,media/k2/items/cache/600eb6612b31632f6c618c9c012d873d_L.jpg,308466,35045c2d5cc489401868eb95a6f00f6dea79e5c6faecc2f2e72f7e1edc74624f
https://vl63.ru/media/k2/items/cache/600eb6612b31632f6c618c9c012d873d_XL.jpg,media/k2/items/cache/600eb6612b31632f6c618c9c012d873d_XL.jpg,667592,5e564f00abde00267206211dea4dac6293fdc480a1384caf62eec468cb3342a8
https://vl63.ru/media/k2/items/cache/600eb6612b31632f6c618c9c012d873d_XS.jpg,media/k2/items/cache/600eb6612b31632f6c618c9c012d873d_XS.jpg,39423,52c50da0636e88ae6ea38392882d742f0bdd32f1ad81a7bf825993da02a82704
https://vl63.ru/media/k2/items/cache/60959e8d8c34f5c00b9627dfd768f462_L.jpg,media/k2/items/cache/60959e8d8c34f5c00b9627dfd768f462_L.jpg,96990,68fe12155f62685986e44b5f4eaf1420d8161580b9f12fc6f9574ac8f3d60c70
https://vl63.ru/media/k2/items/cache/60959e8d8c34f5c00b9627dfd768f462_XL.jpg,media/k2/items/cache/60959e8d8c34f5c00b9627dfd768f462_XL.jpg,189686,90352b718e7990fe8687677795d3dcc9f15342ede9938f2a8b80f1cdc923f170
https://vl63.ru/media/k2/items/cache/60959e8d8c34f5c00b9627dfd768f462_XS.jpg,media/k2/items/cache/60959e8d8c34f5c00b9627dfd768f462_XS.jpg,14440,554066ed771c0d084afa5b1894bf3a8f998f98ea6bedc435c2c4096805123487
https://vl63.ru/media/k2/items/cache/621af29360685f88fae4c26f96ed9d8c_L.jpg,media/k2/items/cache/621af29360685f88fae4c26f96ed9d8c_L.jpg,220563,9265b24010e6fdf8e123c2eb1f626aec790bf5abb2e7e1ecd6368070874e9124
https://vl63.ru/media/k2/items/cache/621af29360685f88fae4c26f96ed9d8c_XL.jpg,media/k2/items/cache/621af29360685f88fae4c26f96ed9d8c_XL.jpg,454872,80455b09e3f2e539708d74491496ad1690231905b9501eb47a70a498c20eabf5
https://vl63.ru/media/k2/items/cache/621af29360685f88fae4c26f96ed9d8c_XS.jpg,media/k2/items/cache/621af29360685f88fae4c26f96ed9d8c_XS.jpg,31454,aecb1e71b110b9674e7c1aa3d16f189765c23c8d902c335da707c5a23da5b2c7
https://vl63.ru/media/k2/items/cache/63955aa9869cf7707ada1662dbfb31e2_L.jpg,media/k2/items/cache/63955aa9869cf7707ada1662dbfb31e2_L.jpg,108874,5f3fb4f619c8b15ebc83f6da6b653ad449d0d64f1712806ac494ce76a8f18585
https://vl63.ru/media/k2/items/cache/63955aa9869cf7707ada1662dbfb31e2_XL.jpg,media/k2/items/cache/63955aa9869cf7707ada1662dbfb31e2_XL.jpg,209432,84ff1eaf1c337c763de0d4cea4a9dc9eeb738e445bb837d047fe9eda015b5c1b
https://vl63.ru/media/k2/items/cache/63955aa9869cf7707ada1662dbfb31e2_XS.jpg,media/k2/items/cache/63955aa9869cf7707ada1662dbfb31e2_XS.jpg,17504,f21b9cfb06026cffc8b285f894221eb65b82b9feb05188c21402c393c4db20a9
https://vl63.ru/media/k2/items/cache/63ae8dd535459e6ddaa9950601158f8d_L.jpg,media/k2/items/cache/63ae8dd535459e6ddaa9950601158f8d_L.jpg,180870,3441128446d244f0503a5263fdfaff97cc4847bc90e4e305af9205a642a0bc36
https://vl63.ru/media/k2/items/cache/63ae8dd535459e6ddaa9950601158f8d_XL.jpg,media/k2/items/cache/63ae8dd535459e6ddaa9950601158f8d_XL.jpg,355545,5ec8f55657fe4d29b9c23c2f47af06c98a0ac3910a47342a364da59dccbcc27d
https://vl63.ru/media/k2/items/cache/63ae8dd535459e6ddaa9950601158f8d_XS.jpg,media/k2/items/cache/63ae8dd535459e6ddaa9950601158f8d_XS.jpg,8623,23b339349332a4e9b39e1119665c3b0cefa733644657d042c84437798d8011e3
https://vl63.ru/media/k2/items/cache/665e3353c5a0a1298b58f0408e39e998_Generic.jpg,media/k2/items/cache/665e3353c5a0a1298b58f0408e39e998_Generic.jpg,95138,67ea2101d209b244b46629e164174a6e3a69d7c8cc18bfab383cc00bd09c1086
https://vl63.ru/media/k2/items/cache/665e3353c5a0a1298b58f0408e39e998_L.jpg,media/k2/items/cache/665e3353c5a0a1298b58f0408e39e998_L.jpg,305983,615e8133ba210211ba8952af2d4d5ccb740f875950fe9852d120254b19d03f5a
https://vl63.ru/media/k2/items/cache/665e3353c5a0a1298b58f0408e39e998_XL.jpg,media/k2/items/cache/665e3353c5a0a1298b58f0408e39e998_XL.jpg,584691,2c0fb49c1ffb26e81ac8821521e6f8623a493bfeaf8aee11c3cb8dbc0520fccf
https://vl63.ru/media/k2/items/cache/665e3353c5a0a1298b58f0408e39e998_XS.jpg,media/k2/items/cache/665e3353c5a0a1298b58f0408e39e998_XS.jpg,46187,d3d6a568708cf02b342725c54ed4b7fbbff71a0f19e583b31f307305e7644c0d
https://vl63.ru/media/k2/items/cache/69bc9c3e85c501b0a6208cc7a55abbf9_L.jpg,media/k2/items/cache/69bc9c3e85c501b0a6208cc7a55abbf9_L.jpg,118259,be80ad14aac7848c483a286ae940a4352c56b5d7ecc82d613786c6bad258470a
https://vl63.ru/media/k2/items/cache/69bc9c3e85c501b0a6208cc7a55abbf9_XL.jpg,media/k2/items/cache/69bc9c3e85c501b0a6208cc7a55abbf9_XL.jpg,259259,af76b7004ec454c41b10bf658f664c0a548d9d299df189480cf1afed172ce636
https://vl63.ru/media/k2/items/cache/69bc9c3e85c501b0a6208cc7a55abbf9_XS.jpg,media/k2/items/cache/69bc9c3e85c501b0a6208cc7a55abbf9_XS.jpg,18968,ad570eb48647147aba737e0b0de52645737dcfbe4461dbf06e25f54dc622ae05
https://vl63.ru/media/k2/items/cache/6c16f95e5837b7a15cc22a32eb72fad8_L.jpg,media/k2/items/cache/6c16f95e5837b7a15cc22a32eb72fad8_L.jpg,136969,50e6825101b16edb56447bfe08a1dce23bac654ecc9988867fed200d6a6e2a10
https://vl63.ru/media/k2/items/cache/6c16f95e5837b7a15cc22a32eb72fad8_XL.jpg,media/k2/items/cache/6c16f95e5837b7a15cc22a32eb72fad8_XL.jpg,265198,ab3cbcac4353a5861e52f7583304b9d52e95aec9299c68f78a65d8fcd954d41c
https://vl63.ru/media/k2/items/cache/6c16f95e5837b7a15cc22a32eb72fad8_XS.jpg,media/k2/items/cache/6c16f95e5837b7a15cc22a32eb72fad8_XS.jpg,21149,ca1d135e7d1a39655a41423d04bc93abbefc7f28bb5c80751868a323f4156a2b
https://vl63.ru/media/k2/items/cache/6cff81ed2fd5fd02c6bfe5986e55231b_L.jpg,media/k2/items/cache/6cff81ed2fd5fd02c6bfe5986e55231b_L.jpg,221777,028c4cfeead0dabb5b943921fe0798d7bc3d28d4022e32b44ea7262c23ac8552
https://vl63.ru/media/k2/items/cache/6cff81ed2fd5fd02c6bfe5986e55231b_XL.jpg,media/k2/items/cache/6cff81ed2fd5fd02c6bfe5986e55231b_XL.jpg,431634,1f3646b431ffcfa1658c1a6460759364cc7112f5154919c410bc64b10ca1be75
https://vl63.ru/media/k2/items/cache/6cff81ed2fd5fd02c6bfe5986e55231b_XS.jpg,media/k2/items/cache/6cff81ed2fd5fd02c6bfe5986e55231b_XS.jpg,35149,60abe2f7098a147abaf5896583e5cfd3d31955321506c35699fede6387e4ce22
https://vl63.ru/media/k2/items/cache/71ab1197965a26d2e4379f8b23c36ebb_Generic.jpg,media/k2/items/cache/71ab1197965a26d2e4379f8b23c36ebb_Generic.jpg,38938,e5bdbd24a69da18f0c1e52ae5251b9977646b00d132c8b552f48fba640058f8d
https://vl63.ru/media/k2/items/cache/71ab1197965a26d2e4379f8b23c36ebb_L.jpg,media/k2/items/cache/71ab1197965a26d2e4379f8b23c36ebb_L.jpg,115645,71c4884cd9489f71503187e82c3a09216065d0cab323c6509557088ba09f1946
https://vl63.ru/media/k2/items/cache/71ab1197965a26d2e4379f8b23c36ebb_XL.jpg,media/k2/items/cache/71ab1197965a26d2e4379f8b23c36ebb_XL.jpg,220058,f599cf980e2c28114e1b4b86c0828341f6abb310164e061f6af6dd1048047392
https://vl63.ru/media/k2/items/cache/71ab1197965a26d2e4379f8b23c36ebb_XS.jpg,media/k2/items/cache/71ab1197965a26d2e4379f8b23c36ebb_XS.jpg,20216,fb92d6b88934e7ceb23a44f1503385da95912cb93196c5150f1b0593b9adad50
https://vl63.ru/media/k2/items/cache/7539a1b30386b8951ffea14c91e802dc_Generic.jpg,media/k2/items/cache/7539a1b30386b8951ffea14c91e802dc_Generic.jpg,59191,a5220340a9dc8c393d670248ef40f65675d59e026892b10d8fda70aacebcaaff
https://vl63.ru/media/k2/items/cache/7539a1b30386b8951ffea14c91e802dc_L.jpg,media/k2/items/cache/7539a1b30386b8951ffea14c91e802dc_L.jpg,185389,ea0d063a00ae3fe0c8801c879814fa92a85116312e7d1f94d9a2e5815f831291
https://vl63.ru/media/k2/items/cache/7539a1b30386b8951ffea14c91e802dc_M.jpg,media/k2/items/cache/7539a1b30386b8951ffea14c91e802dc_M.jpg,95640,ea1c203ac88508a45da12d9d934a1b74b0f97bc3ff7f1aaf910cef89323fdc87
https://vl63.ru/media/k2/items/cache/7539a1b30386b8951ffea14c91e802dc_XL.jpg,media/k2/items/cache/7539a1b30386b8951ffea14c91e802dc_XL.jpg,359937,1dcf6b5928e38d8f9986b423f7e59ebcbb2af65d20c7716ed9abdbc7a8c99b02
https://vl63.ru/media/k2/items/cache/753a82091bdf93df272697e1f26229c2_L.jpg,media/k2/items/cache/753a82091bdf93df272697e1f26229c2_L.jpg,327104,35bb1ac4c4aaf775c0e8c85d1d51067320be152e18cf723d1a36a5595807335a
https://vl63.ru/media/k2/items/cache/753a82091bdf93df272697e1f26229c2_XL.jpg,media/k2/items/cache/753a82091bdf93df272697e1f26229c2_XL.jpg,667610,569afeb448f8983a00f4ce7ba300a8dae589a76fe65627253bae6762dfa741b6
https://vl63.ru/media/k2/items/cache/753a82091bdf93df272697e1f26229c2_XS.jpg,media/k2/items/cache/753a82091bdf93df272697e1f26229c2_XS.jpg,53459,11f1459d24d206d7b33bc69cf726bd68a80578debd847edef25c7db618f4a1ff
https://vl63.ru/media/k2/items/cache/778faba3e3dc8c6c6db24b403da494ae_Generic.jpg,media/k2/items/cache/778faba3e3dc8c6c6db24b403da494ae_Generic.jpg,33008,e063626745e55a30f2a63ac5934e50ad3d45093d4632cf65e0e854f689dc146b
https://vl63.ru/media/k2/items/cache/778faba3e3dc8c6c6db24b403da494ae_L.jpg,media/k2/items/cache/778faba3e3dc8c6c6db24b403da494ae_L.jpg,127067,f298d6d3e6c321898ccd2c54aca53a512cb0af6814ef1c5703f50c5e8c37d655
https://vl63.ru/media/k2/items/cache/778faba3e3dc8c6c6db24b403da494ae_XL.jpg,media/k2/items/cache/778faba3e3dc8c6c6db24b403da494ae_XL.jpg,259315,96c706d333c5f2a03a5de97e4508f9383bf5ec0ee88c937dcab9d30696e39ac8
https://vl63.ru/media/k2/items/cache/778faba3e3dc8c6c6db24b403da494ae_XS.jpg,media/k2/items/cache/778faba3e3dc8c6c6db24b403da494ae_XS.jpg,15036,de04737a3b6185553927a851973b7006fabc42738a02c6d79c88cafe22b7aa39
https://vl63.ru/media/k2/items/cache/78a38d90a5f5af5857b8e93fa4dd5a84_L.jpg,media/k2/items/cache/78a38d90a5f5af5857b8e93fa4dd5a84_L.jpg,172657,442356ed6e7b3aae953c3446cf20fd78875bbfa997d0401fe6b653e892eceb58
https://vl63.ru/media/k2/items/cache/78a38d90a5f5af5857b8e93fa4dd5a84_S.jpg,media/k2/items/cache/78a38d90a5f5af5857b8e93fa4dd5a84_S.jpg,21843,7ac94318a3312f75d60f05e097e610fc709aae3ce84c103c8cd1697d9680f4c5
https://vl63.ru/media/k2/items/cache/78a38d90a5f5af5857b8e93fa4dd5a84_XL.jpg,media/k2/items/cache/78a38d90a5f5af5857b8e93fa4dd5a84_XL.jpg,352947,5905dfbfad3512bc4e6f221fa92cd175961d144f043aa902a11ed746709fe7a9
https://vl63.ru/media/k2/items/cache/78d607068cd064420401737e12f83bae_Generic.jpg,media/k2/items/cache/78d607068cd064420401737e12f83bae_Generic.jpg,48586,4aacce152084492159df1e194d95ab6ea7fd0fc1fe7bb6633c636892e0c90c00
https://vl63.ru/media/k2/items/cache/78d607068cd064420401737e12f83bae_L.jpg,media/k2/items/cache/78d607068cd064420401737e12f83bae_L.jpg,156238,ddbc3b81f3e74d541fcf5e34becb373121f3667de53d26d00a736138636969b0
https://vl63.ru/media/k2/items/cache/78d607068cd064420401737e12f83bae_S.jpg,media/k2/items/cache/78d607068cd064420401737e12f83bae_S.jpg,24244,5b00922c8624d52c02fc4493d438070dff0031bc2f004cb4071ef45ad8c901ec
https://vl63.ru/media/k2/items/cache/78d607068cd064420401737e12f83bae_XL.jpg,media/k2/items/cache/78d607068cd064420401737e12f83bae_XL.jpg,305497,fc5f9ad08d9a95e7fead7fabb261004ba0639dccf2f0c69d85dc7427f080aed9
https://vl63.ru/media/k2/items/cache/79e08f32fa8a036f84441baab7b7a7ff_L.jpg,media/k2/items/cache/79e08f32fa8a036f84441baab7b7a7ff_L.jpg,312549,3391824889e58f9a810472981386626d1866fd2aae1b5ab4535d8c56755dc4e5
https://vl63.ru/media/k2/items/cache/79e08f32fa8a036f84441baab7b7a7ff_M.jpg,media/k2/items/cache/79e08f32fa8a036f84441baab7b7a7ff_M.jpg,161854,09dd84750cdf33a14aa6206e1d5903464bcb5b25da7f7a32ac42fe07e42e7fe9
https://vl63.ru/media/k2/items/cache/79e08f32fa8a036f84441baab7b7a7ff_XL.jpg,media/k2/items/cache/79e08f32fa8a036f84441baab7b7a7ff_XL.jpg,589043,7a01179818e903a318bfea2736b1b2bace71f802388e550b0aaf76912589bc2c
https://vl63.ru/media/k2/items/cache/7a6409a35f8223f856dc99651cb33cb1_Generic.jpg,media/k2/items/cache/7a6409a35f8223f856dc99651cb33cb1_Generic.jpg,46422,72a1c828aa6efdcf3abf9eaa73932c9021eab2a3f4ad3b8dd465a58eb630deeb
https://vl63.ru/media/k2/items/cache/7a6409a35f8223f856dc99651cb33cb1_L.jpg,media/k2/items/cache/7a6409a35f8223f856dc99651cb33cb1_L.jpg,155353,59a98286076c2c01c8d838c17f8c68be402ed347d004bf476a55a0633e900b7c
https://vl63.ru/media/k2/items/cache/7a6409a35f8223f856dc99651cb33cb1_M.jpg,media/k2/items/cache/7a6409a35f8223f856dc99651cb33cb1_M.jpg,77848,c61a0581820d1464857a9c653e3a3a775a38794a45accdcfe84ba01d84b29f80
https://vl63.ru/media/k2/items/cache/7a6409a35f8223f856dc99651cb33cb1_XL.jpg,media/k2/items/cache/7a6409a35f8223f856dc99651cb33cb1_XL.jpg,309516,a4ab9e1c9f12933a2aa77632e631a92043f16e8ec0f1b70d163d15fe7bd269d0
https://vl63.ru/media/k2/items/cache/7ab716354432ee12f19b58c60471093b_L.jpg,media/k2/items/cache/7ab716354432ee12f19b58c60471093b_L.jpg,149397,1e8c088d7781911856f0ccdf51fade159b84f126af73c031f7781c00de939037
https://vl63.ru/media/k2/items/cache/7ab716354432ee12f19b58c60471093b_XL.jpg,media/k2/items/cache/7ab716354432ee12f19b58c60471093b_XL.jpg,287834,da9c5a0107d3846770eac439bec84fa578975a4ae9c6068452453964e34fd5c4
https://vl63.ru/media/k2/items/cache/7ab716354432ee12f19b58c60471093b_XS.jpg,media/k2/items/cache/7ab716354432ee12f19b58c60471093b_XS.jpg,23708,858e4dbce765f60314414d95e72ab714e9b06a05b14daeaefa7210685b37e730
https://vl63.ru/media/k2/items/cache/7acce66d40ec90c2d61987b409cbf850_L.jpg,media/k2/items/cache/7acce66d40ec90c2d61987b409cbf850_L.jpg,154008,c94f97298c8525487ac90bee90917358278418cb26e6dacca8190a9830dbe648
https://vl63.ru/media/k2/items/cache/7acce66d40ec90c2d61987b409cbf850_XL.jpg,media/k2/items/cache/7acce66d40ec90c2d61987b409cbf850_XL.jpg,284444,52394d25e550f1101f3b67c585607557032b180155a51af5691ddf5f3613dba9
https://vl63.ru/media/k2/items/cache/7acce66d40ec90c2d61987b409cbf850_XS.jpg,media/k2/items/cache/7acce66d40ec90c2d61987b409cbf850_XS.jpg,27695,29bc93e4bcde50479d3059f379a8e05348a8472b8cc989f1a9a2020d16c21db0
https://vl63.ru/media/k2/items/cache/7be335477876db854960134c6e137164_Generic.jpg,media/k2/items/cache/7be335477876db854960134c6e137164_Generic.jpg,100150,70cb90b6bc2765802f301418172e91492c50b59d6811b877e67d5922976e1ea8
https://vl63.ru/media/k2/items/cache/7be335477876db854960134c6e137164_L.jpg,media/k2/items/cache/7be335477876db854960134c6e137164_L.jpg,316900,8d903a78238871e8592149d99841971d591d88e79ca4c7239f473c423776195c
https://vl63.ru/media/k2/items/cache/7be335477876db854960134c6e137164_S.jpg,media/k2/items/cache/7be335477876db854960134c6e137164_S.jpg,48838,0b0bda4f9f45b0bef3e84514a609c6a63a3f7d49e53ef594e327f6fa6494259a
https://vl63.ru/media/k2/items/cache/7be335477876db854960134c6e137164_XL.jpg,media/k2/items/cache/7be335477876db854960134c6e137164_XL.jpg,600214,8983043419abf640fc6cd5e3a48efd1f2a61af40f21b0a1c08d262dbb69c8303
https://vl63.ru/media/k2/items/cache/7d0d25bfcaa1421c2931a4f0387462aa_L.jpg,media/k2/items/cache/7d0d25bfcaa1421c2931a4f0387462aa_L.jpg,165354,e4466c20d207b293d3ed699fe812ffde2ec9f3994e51680681f70f390a1509cb
https://vl63.ru/media/k2/items/cache/7d0d25bfcaa1421c2931a4f0387462aa_XL.jpg,media/k2/items/cache/7d0d25bfcaa1421c2931a4f0387462aa_XL.jpg,319007,a34e5f63503bad0f57068d3106a21361babfca7c2f4f047dba0b01732e0324dd
https://vl63.ru/media/k2/items/cache/7d0d25bfcaa1421c2931a4f0387462aa_XS.jpg,media/k2/items/cache/7d0d25bfcaa1421c2931a4f0387462aa_XS.jpg,23849,a3513b25e3bc68006eb9c34ae7dbeef8830a0f984afb505bd6249c068500d549
https://vl63.ru/media/k2/items/cache/7e58113966c67085953dd45e2ed189c9_L.jpg,media/k2/items/cache/7e58113966c67085953dd45e2ed189c9_L.jpg,52012,7e316a1f8d5a57fec2064c797355e098c7fe1da7e1b851038f1c6cef3003c006
https://vl63.ru/media/k2/items/cache/7e58113966c67085953dd45e2ed189c9_M.jpg,media/k2/items/cache/7e58113966c67085953dd45e2ed189c9_M.jpg,27733,026a43c1bb843d490992f5fd73f56869a2096517be1ba997221eb51a14c5293d
https://vl63.ru/media/k2/items/cache/7e58113966c67085953dd45e2ed189c9_XL.jpg,media/k2/items/cache/7e58113966c67085953dd45e2ed189c9_XL.jpg,77556,257207e353a9896f966d9b41942a6b56ac77262235c8bcbf3c279f68ebc150fe
https://vl63.ru/media/k2/items/cache/7e64c4d2a4a242251ffdaa790b21fa01_L.jpg,media/k2/items/cache/7e64c4d2a4a242251ffdaa790b21fa01_L.jpg,299026,7cf20f268497a9115f1173efe3b60c55a689aff88444325c3c4e3954f5feec63
https://vl63.ru/media/k2/items/cache/7e64c4d2a4a242251ffdaa790b21fa01_XL.jpg,media/k2/items/cache/7e64c4d2a4a242251ffdaa790b21fa01_XL.jpg,576952,718f2decf0f63b3e9aa0967bb5fcb37d7a3f116ca17b19a158179d3d0a908b4a
https://vl63.ru/media/k2/items/cache/7e64c4d2a4a242251ffdaa790b21fa01_XS.jpg,media/k2/items/cache/7e64c4d2a4a242251ffdaa790b21fa01_XS.jpg,14169,07009edc00aaef7b377066a628f24b99629243e8abea8f653ddaa13fdff8a23a
https://vl63.ru/media/k2/items/cache/7fb770f34c796f7501d3cf0f0dc39075_L.jpg,media/k2/items/cache/7fb770f34c796f7501d3cf0f0dc39075_L.jpg,123435,851b290763bff1417b451f11c7c1fddb99446742ac3aafdc704b6e76a9870286
https://vl63.ru/media/k2/items/cache/7fb770f34c796f7501d3cf0f0dc39075_S.jpg,media/k2/items/cache/7fb770f34c796f7501d3cf0f0dc39075_S.jpg,19734,6cb667d15ce4d41101fe0295556f75210bd81ee6f4cac21b6b5dcb131282761d
https://vl63.ru/media/k2/items/cache/7fb770f34c796f7501d3cf0f0dc39075_XL.jpg,media/k2/items/cache/7fb770f34c796f7501d3cf0f0dc39075_XL.jpg,239060,da938d36ce390771b695c820fcd1bd466cde5f4f03de397d9ada939309da1036
https://vl63.ru/media/k2/items/cache/8012f255a337782bffaadea968723f36_L.jpg,media/k2/items/cache/8012f255a337782bffaadea968723f36_L.jpg,134319,25ba48ce06e71b4d64601eb57fdff6f0126350ffe808e3df73efe102d64001b2
https://vl63.ru/media/k2/items/cache/8012f255a337782bffaadea968723f36_XL.jpg,media/k2/items/cache/8012f255a337782bffaadea968723f36_XL.jpg,261081,9ccbc617eeb72cf0a64db0658defb518dfe56bce4ca079e1dccd52f71aa5d8a9
https://vl63.ru/media/k2/items/cache/8012f255a337782bffaadea968723f36_XS.jpg,media/k2/items/cache/8012f255a337782bffaadea968723f36_XS.jpg,19993,86c72787dfd88c4def1948e693c431917b98b507fb3381ddeb8cf0ba64e6f2c4
https://vl63.ru/media/k2/items/cache/821ee19c73076a9074fe1f4f0b493d5a_L.jpg,media/k2/items/cache/821ee19c73076a9074fe1f4f0b493d5a_L.jpg,197977,d79cb6880da806d61706f15d854b1bd2791e7f7d1f061db1892ba150739be534
https://vl63.ru/media/k2/items/cache/821ee19c73076a9074fe1f4f0b493d5a_XL.jpg,media/k2/items/cache/821ee19c73076a9074fe1f4f0b493d5a_XL.jpg,370560,8c84cda3b8dfc227daeca2012ff386991c657f8ff11cd1f79afd4aa278277035
https://vl63.ru/media/k2/items/cache/82558bd755d4bf64f8b1324b360ed554_L.jpg,media/k2/items/cache/82558bd755d4bf64f8b1324b360ed554_L.jpg,211383,ff535d29bded7a3d322a7078f5bcee583d8c80f740abebacc6d42af8b3be5a6f
https://vl63.ru/media/k2/items/cache/82558bd755d4bf64f8b1324b360ed554_XL.jpg,media/k2/items/cache/82558bd755d4bf64f8b1324b360ed554_XL.jpg,423270,d9cb3caaa92231b5218ebdf71b90d199f4368763d095fa2dd1cf571e2ae665cf
https://vl63.ru/media/k2/items/cache/82558bd755d4bf64f8b1324b360ed554_XS.jpg,media/k2/items/cache/82558bd755d4bf64f8b1324b360ed554_XS.jpg,8412,f600fb60e4bc120891d06bc958b6ee8b9be5cd3702d4280a686b84aa72b8e7e6
https://vl63.ru/media/k2/items/cache/84ac056b57dd032fcf18a346d4a81feb_Generic.jpg,media/k2/items/cache/84ac056b57dd032fcf18a346d4a81feb_Generic.jpg,22947,45603ef45543bb2fa367f8165d269a34b619a70c72e20f13ce41a467643739eb
https://vl63.ru/media/k2/items/cache/84ac056b57dd032fcf18a346d4a81feb_L.jpg,media/k2/items/cache/84ac056b57dd032fcf18a346d4a81feb_L.jpg,67998,f80aca01cce362b33bdd7d068998a884b860987b431616d9f06457d6f88a325e
https://vl63.ru/media/k2/items/cache/84ac056b57dd032fcf18a346d4a81feb_S.jpg,media/k2/items/cache/84ac056b57dd032fcf18a346d4a81feb_S.jpg,12373,a9b646df2f3a8c2ad75c96cb03839bba3f5dbd67223b20e7437fa59d459428fb
https://vl63.ru/media/k2/items/cache/84ac056b57dd032fcf18a346d4a81feb_XL.jpg,media/k2/items/cache/84ac056b57dd032fcf18a346d4a81feb_XL.jpg,129063,1e4f459caa4d5df5fc11f03971fc6f685c18d48c44cdf9b7870f556be428506e
https://vl63.ru/media/k2/items/cache/873514e130e46a244b5aae0b135db01f_Generic.jpg,media/k2/items/cache/873514e130e46a244b5aae0b135db01f_Generic.jpg,45794,39969edefbabb047bbd6a911a4a8ea97aac813e5c7187373aab9b651863b4a36
https://vl63.ru/media/k2/items/cache/873514e130e46a244b5aae0b135db01f_L.jpg,media/k2/items/cache/873514e130e46a244b5aae0b135db01f_L.jpg,144302,6f0579ab1492b83c5c025f16eb9f427fbf2cf3cc7f44ae8d51831c379cc3871b
https://vl63.ru/media/k2/items/cache/873514e130e46a244b5aae0b135db01f_S.jpg,media/k2/items/cache/873514e130e46a244b5aae0b135db01f_S.jpg,23389,5d7ccb0030701a90eac3097a796c9cfc09d2dab3a1652ee9dac9368373b9de76
https://vl63.ru/media/k2/items/cache/873514e130e46a244b5aae0b135db01f_XL.jpg,media/k2/items/cache/873514e130e46a244b5aae0b135db01f_XL.jpg,274412,d9f540bf30204dc3cc912ceb6f40f597a900e05568944f2749dc892c9620e755
https://vl63.ru/media/k2/items/cache/8c4e7ddecfb739ef5c33c55621b27630_L.jpg,media/k2/items/cache/8c4e7ddecfb739ef5c33c55621b27630_L.jpg,116100,f3d30c656b78ecbb7a8c57366cb18efcc6bafda38a0c4faec318c365b7b3692d
https://vl63.ru/media/k2/items/cache/8c4e7ddecfb739ef5c33c55621b27630_M.jpg,media/k2/items/cache/8c4e7ddecfb739ef5c33c55621b27630_M.jpg,59279,3c02e386f3c6cbe2b86f55d457ad57194a09cad425c072dca4c1289eb9017ace
https://vl63.ru/media/k2/items/cache/8c4e7ddecfb739ef5c33c55621b27630_XL.jpg,media/k2/items/cache/8c4e7ddecfb739ef5c33c55621b27630_XL.jpg,225564,0db54d366edfaa235ad2db6f1d88b4ce5b9bc62e56705251d0a8e54de6b513dd
https://vl63.ru/media/k2/items/cache/8e5f062e9750688c028aaa3058da9ec4_Generic.jpg,media/k2/items/cache/8e5f062e9750688c028aaa3058da9ec4_Generic.jpg,102311,57a16839ca8124658f72b3e02d99f76f339db8b371fd7831584494f076af7a5b
https://vl63.ru/media/k2/items/cache/8e5f062e9750688c028aaa3058da9ec4_L.jpg,media/k2/items/cache/8e5f062e9750688c028aaa3058da9ec4_L.jpg,317522,1b8c395e2ab7384fcd9b3a70e5add5ea5315efc854947240568aee0414c6378e
https://vl63.ru/media/k2/items/cache/8e5f062e9750688c028aaa3058da9ec4_M.jpg,media/k2/items/cache/8e5f062e9750688c028aaa3058da9ec4_M.jpg,165315,d9a2fd1432fd1ff3b87f5c2093b9a178aca21fef47380d2f92c19bddc982bf7d
https://vl63.ru/media/k2/items/cache/8e5f062e9750688c028aaa3058da9ec4_XL.jpg,media/k2/items/cache/8e5f062e9750688c028aaa3058da9ec4_XL.jpg,585100,e1244e9a9c3ed0efe906bda0cea83bf2c5efaf0cb18d2c270ee27822461ac028
https://vl63.ru/media/k2/items/cache/8ee107fb8e11fa27c5eb0c84c03d7dff_L.jpg,media/k2/items/cache/8ee107fb8e11fa27c5eb0c84c03d7dff_L.jpg,310732,e0364746b3cf2c37078579a9ff4ac76dafa7e93f38ee07d62d4409cf19ff44cc
https://vl63.ru/media/k2/items/cache/8ee107fb8e11fa27c5eb0c84c03d7dff_XL.jpg,media/k2/items/cache/8ee107fb8e11fa27c5eb0c84c03d7dff_XL.jpg,568633,398609eb9ec189099dadd87d6563378cdafaf44a7b496e3c81f727ac7e25c6f8
https://vl63.ru/media/k2/items/cache/8ee107fb8e11fa27c5eb0c84c03d7dff_XS.jpg,media/k2/items/cache/8ee107fb8e11fa27c5eb0c84c03d7dff_XS.jpg,52350,9874739f91ed573f1227e4deeb76bd704770630d5bfaf793897e72b04a7393cc
https://vl63.ru/media/k2/items/cache/935dbd09c0a7727e2143877810820513_L.jpg,media/k2/items/cache/935dbd09c0a7727e2143877810820513_L.jpg,148354,5271ec686db8df7293f8932a819400d8a58bb67d92fdb37b0ea4495daec67e68
https://vl63.ru/media/k2/items/cache/935dbd09c0a7727e2143877810820513_M.jpg,media/k2/items/cache/935dbd09c0a7727e2143877810820513_M.jpg,78368,12d7efaf3eb9f9dbdb54270d4d3e73a292f5b90329d65f23d1ee0751b0749b9f
https://vl63.ru/media/k2/items/cache/935dbd09c0a7727e2143877810820513_XL.jpg,media/k2/items/cache/935dbd09c0a7727e2143877810820513_XL.jpg,273982,bf848e2b5ebe13a65157a250fa48e4344e1f5969500c323507c72041a084a42c
https://vl63.ru/media/k2/items/cache/97d2860871f3d35e35f6eb0477d3015a_Generic.jpg,media/k2/items/cache/97d2860871f3d35e35f6eb0477d3015a_Generic.jpg,38773,8d84ea230522e0720737edcf329c5918d924bee33a82980f99a65d304320064f
https://vl63.ru/media/k2/items/cache/97d2860871f3d35e35f6eb0477d3015a_L.jpg,media/k2/items/cache/97d2860871f3d35e35f6eb0477d3015a_L.jpg,152620,257aa95aeb873687c8fe20020abcd21471733e5a4c8178ab56844a03e598c1a8
https://vl63.ru/media/k2/items/cache/97d2860871f3d35e35f6eb0477d3015a_XL.jpg,media/k2/items/cache/97d2860871f3d35e35f6eb0477d3015a_XL.jpg,307516,532c116007d27ed4d2be3b1a0c94cabee3b8ad8698a80036befc9cd5c582b700
https://vl63.ru/media/k2/items/cache/97d2860871f3d35e35f6eb0477d3015a_XS.jpg,media/k2/items/cache/97d2860871f3d35e35f6eb0477d3015a_XS.jpg,5108,c99bab2bf080ae033016877f105e4a933d770478c4e0853d12d775ac55a3f493
https://vl63.ru/media/k2/items/cache/98786352ab62965a07c516ba5d449e8a_L.jpg,media/k2/items/cache/98786352ab62965a07c516ba5d449e8a_L.jpg,165919,a487a1d7b21d9b20c050dca0df3a183182e5f6ed540c5fcd9309f489ba951979
https://vl63.ru/media/k2/items/cache/98786352ab62965a07c516ba5d449e8a_XL.jpg,media/k2/items/cache/98786352ab62965a07c516ba5d449e8a_XL.jpg,353159,2ebc7dfb8a42f9270f325cafb6ce3b5f1b08d59f31da95a7b874911e4a73c48c
https://vl63.ru/media/k2/items/cache/98786352ab62965a07c516ba5d449e8a_XS.jpg,media/k2/items/cache/98786352ab62965a07c516ba5d449e8a_XS.jpg,23428,ab86358195526f387995a2536ac75229837cd4523832f3e58614309fe8965807
https://vl63.ru/media/k2/items/cache/9962afd4d7801adbe96e49a2f2eab69f_L.jpg,media/k2/items/cache/9962afd4d7801adbe96e49a2f2eab69f_L.jpg,128271,8c23dedd7a9671d9a9aceb629ab8973bec8ce0e2e3a4f69b0bfbc20e8c10421b
https://vl63.ru/media/k2/items/cache/9962afd4d7801adbe96e49a2f2eab69f_XL.jpg,media/k2/items/cache/9962afd4d7801adbe96e49a2f2eab69f_XL.jpg,253400,e06c8cd5b7004e2d7f34f35269685b11321fdd885c2b5a1ad51cca92481723b6
https://vl63.ru/media/k2/items/cache/9f6d22dec5a20bcdd01cd84e98637764_L.jpg,media/k2/items/cache/9f6d22dec5a20bcdd01cd84e98637764_L.jpg,155929,5a260a0e5d7abcdbe8a8dd48a757a20a1eb0c1861d050f22445da2c70012aeb9
https://vl63.ru/media/k2/items/cache/9f6d22dec5a20bcdd01cd84e98637764_XL.jpg,media/k2/items/cache/9f6d22dec5a20bcdd01cd84e98637764_XL.jpg,303811,eee64c28222dbfa6b94767fb947c22ab92a18217fe51cf190c7c16add1afc031
https://vl63.ru/media/k2/items/cache/9f6d22dec5a20bcdd01cd84e98637764_XS.jpg,media/k2/items/cache/9f6d22dec5a20bcdd01cd84e98637764_XS.jpg,29253,696918a4c050e80618a66bcfb65ba6917917b54ff0b2e8ddf852697fabed907d
https://vl63.ru/media/k2/items/cache/a07bb170c4a36161aa1f8f4859c19794_L.jpg,media/k2/items/cache/a07bb170c4a36161aa1f8f4859c19794_L.jpg,126474,e6d96e3b9a8fb8c0810a77f4c4eb6b79769783b91ee33ecc5236a3ce6f6eebd7
https://vl63.ru/media/k2/items/cache/a07bb170c4a36161aa1f8f4859c19794_S.jpg,media/k2/items/cache/a07bb170c4a36161aa1f8f4859c19794_S.jpg,17552,64f587d8b6ee69f81302156801f3a1296f082cca85513f6d617aca2222799b32
https://vl63.ru/media/k2/items/cache/a07bb170c4a36161aa1f8f4859c19794_XL.jpg,media/k2/items/cache/a07bb170c4a36161aa1f8f4859c19794_XL.jpg,247975,e87e0f93d26be05775caffc802dba3ecf6149713083f962f131074af00ec13a1
https://vl63.ru/media/k2/items/cache/a67e9d105d87a83c2081372f8c241cc4_Generic.jpg,media/k2/items/cache/a67e9d105d87a83c2081372f8c241cc4_Generic.jpg,42732,0e0d8422edf6ecdb971341994a3918c40682b4734f543e65f51113e120a8469c
https://vl63.ru/media/k2/items/cache/a67e9d105d87a83c2081372f8c241cc4_L.jpg,media/k2/items/cache/a67e9d105d87a83c2081372f8c241cc4_L.jpg,141373,7d79b14c267251e884b7a852508c6c3c7337a0317f4c248b059149f442983c3b
https://vl63.ru/media/k2/items/cache/a67e9d105d87a83c2081372f8c241cc4_XL.jpg,media/k2/items/cache/a67e9d105d87a83c2081372f8c241cc4_XL.jpg,269577,1d0d9e04ec69b6967ef5ec3bf7a231da0a3b34abec5430f38f1d8f722bfef817
https://vl63.ru/media/k2/items/cache/a67e9d105d87a83c2081372f8c241cc4_XS.jpg,media/k2/items/cache/a67e9d105d87a83c2081372f8c241cc4_XS.jpg,7627,e08a3b255ef69ad6836a48d91f049079e29c3d8d637c0825998a7471e4d7e76d
https://vl63.ru/media/k2/items/cache/a8bfce1b35b25b98e185785e8a683747_L.jpg,media/k2/items/cache/a8bfce1b35b25b98e185785e8a683747_L.jpg,246559,ca9fcbd64ce19b52adb6d8c35dbcba52df503cd2ad8dbb3b5c40be8378fcaf0e
https://vl63.ru/media/k2/items/cache/a8bfce1b35b25b98e185785e8a683747_XL.jpg,media/k2/items/cache/a8bfce1b35b25b98e185785e8a683747_XL.jpg,483972,b4ec427735dddb29ccd156e0481bbfad0bb23f72ae11cad706f1a65d4176a029
https://vl63.ru/media/k2/items/cache/a8bfce1b35b25b98e185785e8a683747_XS.jpg,media/k2/items/cache/a8bfce1b35b25b98e185785e8a683747_XS.jpg,36586,079c1d27a5ba727b0657b95ee6348b7c534c29e0310fe29116ca58972c40d6b9
https://vl63.ru/media/k2/items/cache/aa5045f13216477abf2a0e16a08acd59_L.jpg,media/k2/items/cache/aa5045f13216477abf2a0e16a08acd59_L.jpg,179236,6f525adf4b4fbad89c1174b60f898ce55e4e63787255c0fc968ca899f33ae123
https://vl63.ru/media/k2/items/cache/aa5045f13216477abf2a0e16a08acd59_XL.jpg,media/k2/items/cache/aa5045f13216477abf2a0e16a08acd59_XL.jpg,328480,f1b65e04fd4bf4ac09c4e344cbac7afb1566b13d0c3f3506093a4af5d31ef323
https://vl63.ru/media/k2/items/cache/aa5045f13216477abf2a0e16a08acd59_XS.jpg,media/k2/items/cache/aa5045f13216477abf2a0e16a08acd59_XS.jpg,30005,84aff1b734719f97631abd8144bff8bf1e13611a4317a375274cac641389d995
https://vl63.ru/media/k2/items/cache/ab98897d60eaa0d05c1862c118538407_L.jpg,media/k2/items/cache/ab98897d60eaa0d05c1862c118538407_L.jpg,365745,06f9bd8b3419040d8ecc7a11e05ac99c38b01ab9b884d11d5ab0797d26eb2786
https://vl63.ru/media/k2/items/cache/ab98897d60eaa0d05c1862c118538407_M.jpg,media/k2/items/cache/ab98897d60eaa0d05c1862c118538407_M.jpg,164748,e990b1a449c09d670d7afda9d369cbd06362d54cc8337c39714538626ea3380d
https://vl63.ru/media/k2/items/cache/ab98897d60eaa0d05c1862c118538407_XL.jpg,media/k2/items/cache/ab98897d60eaa0d05c1862c118538407_XL.jpg,793695,0f751d2d30c5232fd02b4f49d696935f869d463cf099a05eb2b577d83d3311fe
https://vl63.ru/media/k2/items/cache/ae265ec8d02add74bcb0f72e47ec001b_L.jpg,media/k2/items/cache/ae265ec8d02add74bcb0f72e47ec001b_L.jpg,130797,bfff44e5da35322737c986218094c1cd837587d0e7cc13ca53bcdcc9210bbdf7
https://vl63.ru/media/k2/items/cache/ae265ec8d02add74bcb0f72e47ec001b_XL.jpg,media/k2/items/cache/ae265ec8d02add74bcb0f72e47ec001b_XL.jpg,259237,8b5da9bcb4e2e1ed7c72054c4c46851f68d99a64eb6d669e3bfa8d815c8785be
https://vl63.ru/media/k2/items/cache/ae265ec8d02add74bcb0f72e47ec001b_XS.jpg,media/k2/items/cache/ae265ec8d02add74bcb0f72e47ec001b_XS.jpg,6395,0e8dedb92c0969749cda2d3f48016315986de6b5fad4241bfca835f57aee28ba
https://vl63.ru/media/k2/items/cache/aee44fc32e47f07b5fe3050745ad94ac_Generic.jpg,media/k2/items/cache/aee44fc32e47f07b5fe3050745ad94ac_Generic.jpg,42965,24ac478f63e4eb07998fdf70328f98042b34d475e63e35b87dd41b17699d5842
https://vl63.ru/media/k2/items/cache/aee44fc32e47f07b5fe3050745ad94ac_L.jpg,media/k2/items/cache/aee44fc32e47f07b5fe3050745ad94ac_L.jpg,154310,f15e6f1f0a3d07ea71cf4ed00832a4cba5286b350fcc9b8eaf361d4989f1e356
https://vl63.ru/media/k2/items/cache/aee44fc32e47f07b5fe3050745ad94ac_XL.jpg,media/k2/items/cache/aee44fc32e47f07b5fe3050745ad94ac_XL.jpg,308661,e6cfb6fd68370d5340f7c3808cd9e317fba81b275c0dcbece59e29bd4ede1f1b
https://vl63.ru/media/k2/items/cache/aee44fc32e47f07b5fe3050745ad94ac_XS.jpg,media/k2/items/cache/aee44fc32e47f07b5fe3050745ad94ac_XS.jpg,20824,016dc31d3fe98646b31a42106601699be17f4895d4e6a2919ed6d72a9874cda5
https://vl63.ru/media/k2/items/cache/b1d237aad44a95e3871fc116e6241517_L.jpg,media/k2/items/cache/b1d237aad44a95e3871fc116e6241517_L.jpg,122162,8b6ba2400f7da3ec0a8ac4e009d0d8e9d4155938557b967af96183982f133a63
https://vl63.ru/media/k2/items/cache/b1d237aad44a95e3871fc116e6241517_XL.jpg,media/k2/items/cache/b1d237aad44a95e3871fc116e6241517_XL.jpg,239553,9b82e89695a65d0a497e191bd1b33e62d3b897a2bd6a72655a7f9d202cabae06
https://vl63.ru/media/k2/items/cache/b1d237aad44a95e3871fc116e6241517_XS.jpg,media/k2/items/cache/b1d237aad44a95e3871fc116e6241517_XS.jpg,20415,06a5380249df03a61500de202f9c894845491ddf0f278ff1da1f1e862e1f2db5
https://vl63.ru/media/k2/items/cache/b262fcb3a88d76445a5d5d6ad933cf2d_L.jpg,media/k2/items/cache/b262fcb3a88d76445a5d5d6ad933cf2d_L.jpg,84270,c2ce0426f1462cdf2042b2c408a3d1483ef399838edcdf5c4fd977ad4c5e41d6
https://vl63.ru/media/k2/items/cache/b262fcb3a88d76445a5d5d6ad933cf2d_XL.jpg,media/k2/items/cache/b262fcb3a88d76445a5d5d6ad933cf2d_XL.jpg,144591,f7fb19f50da4be38b18ceae68cd78a2645f31a9d0ef7f567bdf82d1853d3f166
https://vl63.ru/media/k2/items/cache/b262fcb3a88d76445a5d5d6ad933cf2d_XS.jpg,media/k2/items/cache/b262fcb3a88d76445a5d5d6ad933cf2d_XS.jpg,15975,435410c981aaa25c18339b0a1e3b9a7194c8fa1f8c357fdb785f9164a163da5d
https://vl63.ru/media/k2/items/cache/b320775de3c297425b69dccc362220a9_L.jpg,media/k2/items/cache/b320775de3c297425b69dccc362220a9_L.jpg,275102,7c563c3159e4b93a19e2925229ebb8526f0c646d616d274996f6786caa612c85
https://vl63.ru/media/k2/items/cache/b320775de3c297425b69dccc362220a9_S.jpg,media/k2/items/cache/b320775de3c297425b69dccc362220a9_S.jpg,41172,58499fc0744ce5fc4a46d0e4a736dba55b1460b3e319308c557a97cab89526c0
https://vl63.ru/media/k2/items/cache/b320775de3c297425b69dccc362220a9_XL.jpg,media/k2/items/cache/b320775de3c297425b69dccc362220a9_XL.jpg,534350,14439d3ac3966bfb51ea5bdac5fa1c14ece2483ebcd3709f73348fb4eeaa32ee
https://vl63.ru/media/k2/items/cache/b6d7090a321aeca0f529ab265a288b1b_L.jpg,media/k2/items/cache/b6d7090a321aeca0f529ab265a288b1b_L.jpg,104146,ae3160a93e539471883154171134b1ff3650ef6709f2ea490eb9413a4f505a4b
https://vl63.ru/media/k2/items/cache/b6d7090a321aeca0f529ab265a288b1b_XL.jpg,media/k2/items/cache/b6d7090a321aeca0f529ab265a288b1b_XL.jpg,202020,73b20c4073eba615bec102fdb86b23a95ee0c2d4c490e681e95c34b51f2a09f5
https://vl63.ru/media/k2/items/cache/b6d7090a321aeca0f529ab265a288b1b_XS.jpg,media/k2/items/cache/b6d7090a321aeca0f529ab265a288b1b_XS.jpg,19281,e559c84a024b28b50a3a6d18a1a212293908636d2aefbfb2983e6a1011a81a92
https://vl63.ru/media/k2/items/cache/bc04f87b1442e82a9d7828879f80552b_Generic.jpg,media/k2/items/cache/bc04f87b1442e82a9d7828879f80552b_Generic.jpg,56004,e2c3578675c83805da8c7ac7e18a70f8b52e66bb68705337ba48b81e97e75083
https://vl63.ru/media/k2/items/cache/bc04f87b1442e82a9d7828879f80552b_L.jpg,media/k2/items/cache/bc04f87b1442e82a9d7828879f80552b_L.jpg,194170,571dd45adb4fd600bca2c894a62e8da3a4a08b9239325645ef605f091e8b846d
https://vl63.ru/media/k2/items/cache/bc04f87b1442e82a9d7828879f80552b_S.jpg,media/k2/items/cache/bc04f87b1442e82a9d7828879f80552b_S.jpg,27271,e35a05a8b0c662337a76130ab9e0a77b538eeb50d2a0f5b5939e925a0601d893
https://vl63.ru/media/k2/items/cache/bc04f87b1442e82a9d7828879f80552b_XL.jpg,media/k2/items/cache/bc04f87b1442e82a9d7828879f80552b_XL.jpg,396515,837f31d1317894b50e1ecfeccda3a9d54f96e312559b21178b6ed7cb86e535c6
https://vl63.ru/media/k2/items/cache/c10c64c27e0606d1654b81b9bb482558_L.jpg,media/k2/items/cache/c10c64c27e0606d1654b81b9bb482558_L.jpg,101832,8dc64d042c8750f6624500f11677411e78c6e32fb2d37655e684707c45eba5f1
https://vl63.ru/media/k2/items/cache/c10c64c27e0606d1654b81b9bb482558_XL.jpg,media/k2/items/cache/c10c64c27e0606d1654b81b9bb482558_XL.jpg,199000,f639b8ea6d1e901db55344dc6bf2598082accdf01765fc0c189de927b8840025
https://vl63.ru/media/k2/items/cache/c10c64c27e0606d1654b81b9bb482558_XS.jpg,media/k2/items/cache/c10c64c27e0606d1654b81b9bb482558_XS.jpg,15999,70a229b0952a361a9b09e743a4f67922735a303cc1f44833eea7c823efacc43c
https://vl63.ru/media/k2/items/cache/c2be3493ce42ee658842d93c6d54529d_L.jpg,media/k2/items/cache/c2be3493ce42ee658842d93c6d54529d_L.jpg,245247,8164fe3d181c970b2d49d52b296775f2cacb54e3ad31cf1b5fe692948179582c
https://vl63.ru/media/k2/items/cache/c2be3493ce42ee658842d93c6d54529d_XL.jpg,media/k2/items/cache/c2be3493ce42ee658842d93c6d54529d_XL.jpg,509283,79a1444dca1bccd7bcdc68c2499e5a35cb5aca594aebe6000c0a3b1762b0b9aa
https://vl63.ru/media/k2/items/cache/c2be3493ce42ee658842d93c6d54529d_XS.jpg,media/k2/items/cache/c2be3493ce42ee658842d93c6d54529d_XS.jpg,34409,cfef66a220fc79f5b5fabe7091728554059d202106ca9b534e0e285dba0ec9e3
https://vl63.ru/media/k2/items/cache/c5f7f8ba22bc61faa6aa803ae1139d1d_L.jpg,media/k2/items/cache/c5f7f8ba22bc61faa6aa803ae1139d1d_L.jpg,114582,b0eec8e2609196ca48514c4fa1ab438154cce1b3777ac298a6eb57f3ea10cbd1
https://vl63.ru/media/k2/items/cache/c5f7f8ba22bc61faa6aa803ae1139d1d_XL.jpg,media/k2/items/cache/c5f7f8ba22bc61faa6aa803ae1139d1d_XL.jpg,221312,053a4334f6a9f3339a38117362331b20678a8255dd5d8a96220366e5fece7d80
https://vl63.ru/media/k2/items/cache/c5f7f8ba22bc61faa6aa803ae1139d1d_XS.jpg,media/k2/items/cache/c5f7f8ba22bc61faa6aa803ae1139d1d_XS.jpg,20539,1f651e9ec3ddce2b34c55576ae79337a78d41e83a053d06b802277559bc38764
https://vl63.ru/media/k2/items/cache/c82e68ecc91a6115905b52a4dab0ec5b_L.jpg,media/k2/items/cache/c82e68ecc91a6115905b52a4dab0ec5b_L.jpg,249636,f0a9055df26d1235e263bd9d475d1aabe60ae086904b7c5c6d39ba24c18004a2
https://vl63.ru/media/k2/items/cache/c82e68ecc91a6115905b52a4dab0ec5b_XL.jpg,media/k2/items/cache/c82e68ecc91a6115905b52a4dab0ec5b_XL.jpg,492202,acdd875b1be9b14ddffcca6e6c06f487841c840e98991510f44159ac05513769
https://vl63.ru/media/k2/items/cache/c82e68ecc91a6115905b52a4dab0ec5b_XS.jpg,media/k2/items/cache/c82e68ecc91a6115905b52a4dab0ec5b_XS.jpg,45552,ccc0a5f9cf44b04c42ce27e5784be2610a1f6a1ba9369a06946082effd5499fb
https://vl63.ru/media/k2/items/cache/c9e8d9069e929f4898939a62f1adcffd_L.jpg,media/k2/items/cache/c9e8d9069e929f4898939a62f1adcffd_L.jpg,131495,75bbf4974c2495c244ea98bd337c9f9efdde3479c3ea20262f7264a4508b0311
https://vl63.ru/media/k2/items/cache/c9e8d9069e929f4898939a62f1adcffd_XL.jpg,media/k2/items/cache/c9e8d9069e929f4898939a62f1adcffd_XL.jpg,250362,329e69589066353bf1ba1b7d3d535a6ad2745533bc4f4438d656e10a5ac4eb29
https://vl63.ru/media/k2/items/cache/c9e8d9069e929f4898939a62f1adcffd_XS.jpg,media/k2/items/cache/c9e8d9069e929f4898939a62f1adcffd_XS.jpg,21508,d031b526c1753a020dba84a0143708befb9014d46865d309e70a2d8552bb2ae5
https://vl63.ru/media/k2/items/cache/cc947675ce0ac0c98617f27425843c35_L.jpg,media/k2/items/cache/cc947675ce0ac0c98617f27425843c35_L.jpg,139636,d9089eb3f71ce3f2b9054d29594f3b3725b49c6214749937c45742a4f4bdcb25
https://vl63.ru/media/k2/items/cache/cc947675ce0ac0c98617f27425843c35_XL.jpg,media/k2/items/cache/cc947675ce0ac0c98617f27425843c35_XL.jpg,267070,0d4928390212836a8063e4be22f9c2895c0ec2f536b46e69058794a36bb59ff0
https://vl63.ru/media/k2/items/cache/cc947675ce0ac0c98617f27425843c35_XS.jpg,media/k2/items/cache/cc947675ce0ac0c98617f27425843c35_XS.jpg,8003,03f498e049d4c602b5369217dd297b52cf230c52055df6c1f1e99da934151766
https://vl63.ru/media/k2/items/cache/ce7646a74c54cecf1c05442c71f02147_L.jpg,media/k2/items/cache/ce7646a74c54cecf1c05442c71f02147_L.jpg,109003,a8412ecdb00abf90a835def73bdfba6cd62f95fdb6aaa2b182bd6a0e85880c78
https://vl63.ru/media/k2/items/cache/ce7646a74c54cecf1c05442c71f02147_XL.jpg,media/k2/items/cache/ce7646a74c54cecf1c05442c71f02147_XL.jpg,203688,b6bfa5908071fab73cef401c89c3bf92227cf8d96c9af07f3be6c9ddb48978d9
https://vl63.ru/media/k2/items/cache/ce7646a74c54cecf1c05442c71f02147_XS.jpg,media/k2/items/cache/ce7646a74c54cecf1c05442c71f02147_XS.jpg,23129,64ca963f53e837b0a173f5604e90128580b6a0a22aa6b527f58345393d347c82
https://vl63.ru/media/k2/items/cache/d0d354668f69293e040aa69de3140c78_L.jpg,media/k2/items/cache/d0d354668f69293e040aa69de3140c78_L.jpg,169821,73cdd7938d1b394f08bc1ab1c689fa4cbe20b489114f589ddd59981a2023c63a
https://vl63.ru/media/k2/items/cache/d0d354668f69293e040aa69de3140c78_XL.jpg,media/k2/items/cache/d0d354668f69293e040aa69de3140c78_XL.jpg,327104,1b1ae704575a32811c49707c242c2ff4e813f1800c0556f8af2d434d3527f61f
https://vl63.ru/media/k2/items/cache/d0d354668f69293e040aa69de3140c78_XS.jpg,media/k2/items/cache/d0d354668f69293e040aa69de3140c78_XS.jpg,27063,4ce319a3cb79f981e4cf3658a5e6dbb0fe65888ebfd542e92f75dfd3c5979c05
https://vl63.ru/media/k2/items/cache/d382bd8ae87d9139df6458192532657c_L.jpg,media/k2/items/cache/d382bd8ae87d9139df6458192532657c_L.jpg,75409,1fa400342b4af431a6eb4aa95bf939403518bacb24a41de23d6f803bd0cc86ba
https://vl63.ru/media/k2/items/cache/d382bd8ae87d9139df6458192532657c_XL.jpg,media/k2/items/cache/d382bd8ae87d9139df6458192532657c_XL.jpg,147065,ba19efce3651a9bd84769649d64c4a2d508092cdffad7fc3619d8fff770b75a2
https://vl63.ru/media/k2/items/cache/d382bd8ae87d9139df6458192532657c_XS.jpg,media/k2/items/cache/d382bd8ae87d9139df6458192532657c_XS.jpg,11912,eb9baae2d290a54dcf2ae9704497eb7afc9f76292a793cbfd9f239d33598580d
https://vl63.ru/media/k2/items/cache/d383d2a7f18b38f50f531c6f6759cc5a_Generic.jpg,media/k2/items/cache/d383d2a7f18b38f50f531c6f6759cc5a_Generic.jpg,38365,816263e0909e2086dd7e1432d0027b56037290c1cb9dd1f82b60a343d0729c10
https://vl63.ru/media/k2/items/cache/d383d2a7f18b38f50f531c6f6759cc5a_L.jpg,media/k2/items/cache/d383d2a7f18b38f50f531c6f6759cc5a_L.jpg,125379,f993a57d08eb1b8f5318662e74e5a7226a08c910ac6aefdda48dce418c6644df
https://vl63.ru/media/k2/items/cache/d383d2a7f18b38f50f531c6f6759cc5a_S.jpg,media/k2/items/cache/d383d2a7f18b38f50f531c6f6759cc5a_S.jpg,19279,9414c5e0984e0cc28add4c81ca41fe08c631808ed141740d0ce2b9ecf4d6c9d1
https://vl63.ru/media/k2/items/cache/d383d2a7f18b38f50f531c6f6759cc5a_XL.jpg,media/k2/items/cache/d383d2a7f18b38f50f531c6f6759cc5a_XL.jpg,242849,2b98f71ab8e52abb21580298a58d257d8590013229871c3a6a8da7406d0b1d54
https://vl63.ru/media/k2/items/cache/d48ed900e79fa9547169c26138b4cd8d_L.jpg,media/k2/items/cache/d48ed900e79fa9547169c26138b4cd8d_L.jpg,81380,3d457cf92aadc7b9c3b5fac7d2c77d782b2be7405b677c8e13c49877c82d8d5b
https://vl63.ru/media/k2/items/cache/d48ed900e79fa9547169c26138b4cd8d_S.jpg,media/k2/items/cache/d48ed900e79fa9547169c26138b4cd8d_S.jpg,14093,02559407944782055cd92c637bea6b067137267c816adde52a3c83f808676d7d
https://vl63.ru/media/k2/items/cache/d48ed900e79fa9547169c26138b4cd8d_XL.jpg,media/k2/items/cache/d48ed900e79fa9547169c26138b4cd8d_XL.jpg,172414,5503e551ca708b2b69e60030d57f61a1502335add3df3ea1b893e18cf0baba17
https://vl63.ru/media/k2/items/cache/d632334130a2b9d194362b7d857b88bf_L.jpg,media/k2/items/cache/d632334130a2b9d194362b7d857b88bf_L.jpg,96289,b60633cccf170aa89972076b982581770a80dfa901a35b846c88f913685a6a9c
https://vl63.ru/media/k2/items/cache/d632334130a2b9d194362b7d857b88bf_M.jpg,media/k2/items/cache/d632334130a2b9d194362b7d857b88bf_M.jpg,46670,6f9382cbd8a28f309e530d2c078546841631e59f41b78fbc97e76232fdd52ad8
https://vl63.ru/media/k2/items/cache/d632334130a2b9d194362b7d857b88bf_XL.jpg,media/k2/items/cache/d632334130a2b9d194362b7d857b88bf_XL.jpg,193788,71543811a2d60720b9a74a37a0497fe9d669b5828d31a941fe69dee16962b2a5
https://vl63.ru/media/k2/items/cache/d65085d854a39feae81a41eb458281c5_Generic.jpg,media/k2/items/cache/d65085d854a39feae81a41eb458281c5_Generic.jpg,34848,4fff85fe5198a2fabda5e01956eeb2cf05085e46d407582c6a2047db4b209385
https://vl63.ru/media/k2/items/cache/d65085d854a39feae81a41eb458281c5_L.jpg,media/k2/items/cache/d65085d854a39feae81a41eb458281c5_L.jpg,109862,61bea4c963e1b180e44914482ce3ed3c7b2609c73455d9a768adbfec1a2f65b1
https://vl63.ru/media/k2/items/cache/d65085d854a39feae81a41eb458281c5_XL.jpg,media/k2/items/cache/d65085d854a39feae81a41eb458281c5_XL.jpg,216240,795f40de2f975cd01c35100189b221276e76dd941f510706a6f86a6d2565c5cd
https://vl63.ru/media/k2/items/cache/d65085d854a39feae81a41eb458281c5_XS.jpg,media/k2/items/cache/d65085d854a39feae81a41eb458281c5_XS.jpg,17723,3612365fcb0b6fb83e8010cf135722e0c59b5a3a8e2df8f9d4b83053e9aa3fbb
https://vl63.ru/media/k2/items/cache/da8a96cfc8ca1dd33bc42677c8b9c7c6_L.jpg,media/k2/items/cache/da8a96cfc8ca1dd33bc42677c8b9c7c6_L.jpg,88403,c03219f24dfa79d6cb05108684fa48679f5fa63b074ef406cfc23fa5edd26f6f
https://vl63.ru/media/k2/items/cache/da8a96cfc8ca1dd33bc42677c8b9c7c6_XL.jpg,media/k2/items/cache/da8a96cfc8ca1dd33bc42677c8b9c7c6_XL.jpg,166199,58ea17b5e704e94373b7ca5afd560c8304da691378a0aec7ecb005a86efdaf9c
https://vl63.ru/media/k2/items/cache/da8a96cfc8ca1dd33bc42677c8b9c7c6_XS.jpg,media/k2/items/cache/da8a96cfc8ca1dd33bc42677c8b9c7c6_XS.jpg,15103,7b2da19fe0e56083dc597dc21a59d060080a0ecf73bca2d9d7a30d8e2ccbe63f
https://vl63.ru/media/k2/items/cache/dbe05350458c15fa6c802fb686391131_Generic.jpg,media/k2/items/cache/dbe05350458c15fa6c802fb686391131_Generic.jpg,49809,c97a3e6665f6b872956afd9c3894459f37f110433ff225dd77927f09a13f9e02
https://vl63.ru/media/k2/items/cache/dbe05350458c15fa6c802fb686391131_L.jpg,media/k2/items/cache/dbe05350458c15fa6c802fb686391131_L.jpg,149924,7121a4ac63c37c4f66c0bae6dd56842db6ac5f4f32f7e8098efd5f314f84f867
https://vl63.ru/media/k2/items/cache/dbe05350458c15fa6c802fb686391131_S.jpg,media/k2/items/cache/dbe05350458c15fa6c802fb686391131_S.jpg,24970,a73cf9eb6218d39490c9584fb52f85826cf2da5ddb683140512b7203cc5e8bd1
https://vl63.ru/media/k2/items/cache/dbe05350458c15fa6c802fb686391131_XL.jpg,media/k2/items/cache/dbe05350458c15fa6c802fb686391131_XL.jpg,291414,2f732cc856935d14e471e9694505f910c0488870cd62be14ed3d08c9fb66633a
https://vl63.ru/media/k2/items/cache/dd34e32172fe0202ef287e574244e1d2_L.jpg,media/k2/items/cache/dd34e32172fe0202ef287e574244e1d2_L.jpg,118296,9e1513029d0ee20ce47c6fb649697618c7a741f93dceade49309fc92d82192cd
https://vl63.ru/media/k2/items/cache/dd34e32172fe0202ef287e574244e1d2_XL.jpg,media/k2/items/cache/dd34e32172fe0202ef287e574244e1d2_XL.jpg,281527,007169adc7ffe57e7da5b12008d3e2838d0a82ec151e25cf7648c4a606698b50
https://vl63.ru/media/k2/items/cache/dd34e32172fe0202ef287e574244e1d2_XS.jpg,media/k2/items/cache/dd34e32172fe0202ef287e574244e1d2_XS.jpg,20293,f825324429dab3d12eeae09ae4d4bba6b3b207ce27ec196d82847c08f431995f
https://vl63.ru/media/k2/items/cache/deb45d333d0414ba3de42155789fdb4a_L.jpg,media/k2/items/cache/deb45d333d0414ba3de42155789fdb4a_L.jpg,310956,8f942f9004b2a3807c15ec24364067ff1d800c2abe0c6b2c63a554f7f8703a4b
https://vl63.ru/media/k2/items/cache/deb45d333d0414ba3de42155789fdb4a_S.jpg,media/k2/items/cache/deb45d333d0414ba3de42155789fdb4a_S.jpg,46354,a0747bd706840b002f62bd9168e25185f3ea40fa5f1da6240f456a15d4bda797
https://vl63.ru/media/k2/items/cache/deb45d333d0414ba3de42155789fdb4a_XL.jpg,media/k2/items/cache/deb45d333d0414ba3de42155789fdb4a_XL.jpg,602882,a3e1242daba52f4683e9c2e4a0f178ac9dbd1ab4e0e98e1499c4b445c3155069
https://vl63.ru/media/k2/items/cache/e02fde07d49ee258cc3f6d1b19207757_XS.jpg,media/k2/items/cache/e02fde07d49ee258cc3f6d1b19207757_XS.jpg,29438,58f7c50523ce523696677966a627bb22f1af540692e284f16c0cef75e79ca1a5
https://vl63.ru/media/k2/items/cache/e17bf28887a04e7713039bc3ae638d41_L.jpg,media/k2/items/cache/e17bf28887a04e7713039bc3ae638d41_L.jpg,74643,2710e6fb11513ad6ef63c52a662312eb46bf5587578869ae498e33bfca4df338
https://vl63.ru/media/k2/items/cache/e17bf28887a04e7713039bc3ae638d41_XL.jpg,media/k2/items/cache/e17bf28887a04e7713039bc3ae638d41_XL.jpg,148099,03f37efbbc736ebc465839e92cb3397364d89ed6c5d83ee591bb5191c2dbe8e3
https://vl63.ru/media/k2/items/cache/e17bf28887a04e7713039bc3ae638d41_XS.jpg,media/k2/items/cache/e17bf28887a04e7713039bc3ae638d41_XS.jpg,11874,b919d7c3874a937926c3c513dacb20f74e4f7c9f651d4ad00a2e2610cf9d8a75
https://vl63.ru/media/k2/items/cache/e1e1ad60f07c4aa3ccbcb2973e9d7007_Generic.jpg,media/k2/items/cache/e1e1ad60f07c4aa3ccbcb2973e9d7007_Generic.jpg,48229,030bd7fbe56698247592bd1b39ff7a4bda3fe45bc3caf0548c3de82ba5e859fe
https://vl63.ru/media/k2/items/cache/e1e1ad60f07c4aa3ccbcb2973e9d7007_L.jpg,media/k2/items/cache/e1e1ad60f07c4aa3ccbcb2973e9d7007_L.jpg,160530,d4e56eb3e344edd2935ba697e8aeca5fdb55657e119d715962852b35008f9d04
https://vl63.ru/media/k2/items/cache/e1e1ad60f07c4aa3ccbcb2973e9d7007_M.jpg,media/k2/items/cache/e1e1ad60f07c4aa3ccbcb2973e9d7007_M.jpg,79843,1e882d82df8683af3ac52e814c8b08cfa4a160f1132101dd5d29d1e58dd1876d
https://vl63.ru/media/k2/items/cache/e1e1ad60f07c4aa3ccbcb2973e9d7007_XL.jpg,media/k2/items/cache/e1e1ad60f07c4aa3ccbcb2973e9d7007_XL.jpg,317614,00d695f9ff9170ce74099b6ce788931f99ad88e19c551c7df818f91e3c589546
https://vl63.ru/media/k2/items/cache/e2acd849d365015ef08ef5b696dc9e31_L.jpg,media/k2/items/cache/e2acd849d365015ef08ef5b696dc9e31_L.jpg,88403,c03219f24dfa79d6cb05108684fa48679f5fa63b074ef406cfc23fa5edd26f6f
https://vl63.ru/media/k2/items/cache/e2acd849d365015ef08ef5b696dc9e31_XL.jpg,media/k2/items/cache/e2acd849d365015ef08ef5b696dc9e31_XL.jpg,166199,58ea17b5e704e94373b7ca5afd560c8304da691378a0aec7ecb005a86efdaf9c
https://vl63.ru/media/k2/items/cache/e2acd849d365015ef08ef5b696dc9e31_XS.jpg,media/k2/items/cache/e2acd849d365015ef08ef5b696dc9e31_XS.jpg,15103,7b2da19fe0e56083dc597dc21a59d060080a0ecf73bca2d9d7a30d8e2ccbe63f
https://vl63.ru/media/k2/items/cache/e303e2027514497aaa0603a129a3eb42_L.jpg,media/k2/items/cache/e303e2027514497aaa0603a129a3eb42_L.jpg,151859,9bf0660aeade67424d2785288ed00f0c4b943380d041d01e7f57a182d61cd146
https://vl63.ru/media/k2/items/cache/e303e2027514497aaa0603a129a3eb42_S.jpg,media/k2/items/cache/e303e2027514497aaa0603a129a3eb42_S.jpg,24614,787043a3c166c3cc3111d22c30b2b82b139b92803af1e4a8da2f49565c912d64
https://vl63.ru/media/k2/items/cache/e303e2027514497aaa0603a129a3eb42_XL.jpg,media/k2/items/cache/e303e2027514497aaa0603a129a3eb42_XL.jpg,289551,367b9cc86451711168d0ad6f83e27865f71f143e9ea78e2ff669c7ab36eef33e
https://vl63.ru/media/k2/items/cache/e36a512fe5b90101a88ae780e05256f8_L.jpg,media/k2/items/cache/e36a512fe5b90101a88ae780e05256f8_L.jpg,201501,7c513b0dfbebd2cc8e5cd0155c917f41fbb63d26f04b727ce3e309d2f7f2b01c
https://vl63.ru/media/k2/items/cache/e36a512fe5b90101a88ae780e05256f8_XL.jpg,media/k2/items/cache/e36a512fe5b90101a88ae780e05256f8_XL.jpg,400255,99b3cdbfd17f96e61275ba5b2260350b61d4a083afd7afe8b84ef41a52f8d653
https://vl63.ru/media/k2/items/cache/e36a512fe5b90101a88ae780e05256f8_XS.jpg,media/k2/items/cache/e36a512fe5b90101a88ae780e05256f8_XS.jpg,29404,6104819de037796e8bcb19c94bf2e8edfbe2d9ad29d8a82c2f6e9d17dd3ce8ee
https://vl63.ru/media/k2/items/cache/e4c07973dbc8eb2f7380bdedc4201087_Generic.jpg,media/k2/items/cache/e4c07973dbc8eb2f7380bdedc4201087_Generic.jpg,50261,3d29ad3f74affae3b3f9e4d0e8b136b210f2d1feb2056b4d65df79579da71ce5
https://vl63.ru/media/k2/items/cache/e4c07973dbc8eb2f7380bdedc4201087_L.jpg,media/k2/items/cache/e4c07973dbc8eb2f7380bdedc4201087_L.jpg,158590,385c1c05c958a97740b9f7deccc760a1799c5172c50aafe3f9381d5ea6a11b0b
https://vl63.ru/media/k2/items/cache/e4c07973dbc8eb2f7380bdedc4201087_XL.jpg,media/k2/items/cache/e4c07973dbc8eb2f7380bdedc4201087_XL.jpg,308879,bd58e8e5e5176543e15a2b554ed7973a2d697226d678024ce035cbe0cc84c2d1
https://vl63.ru/media/k2/items/cache/e4c07973dbc8eb2f7380bdedc4201087_XS.jpg,media/k2/items/cache/e4c07973dbc8eb2f7380bdedc4201087_XS.jpg,25415,07b3974d35d2478cd6f341b7781ab6fab517943f90b68ab70402c686a2a43217
https://vl63.ru/media/k2/items/cache/e67ec824afbc9f855ad850f1b49c5b05_L.jpg,media/k2/items/cache/e67ec824afbc9f855ad850f1b49c5b05_L.jpg,215742,82881585574f58b3160dd265368f94ff22781fcbdabdc7aa003e88bcdd4819fa
https://vl63.ru/media/k2/items/cache/e67ec824afbc9f855ad850f1b49c5b05_S.jpg,media/k2/items/cache/e67ec824afbc9f855ad850f1b49c5b05_S.jpg,35740,a705dcaeca5c92797de60b08ca25333e3f583b09415017bd4b34eb3f93e4d623
https://vl63.ru/media/k2/items/cache/e67ec824afbc9f855ad850f1b49c5b05_XL.jpg,media/k2/items/cache/e67ec824afbc9f855ad850f1b49c5b05_XL.jpg,403837,e030fbc2460ca07d623012e320f0f5ebd50cafb54fc7d2bbf0a368edcc2fdc0e
https://vl63.ru/media/k2/items/cache/e7b279be6a862d254f0e7cc4dde2874e_Generic.jpg,media/k2/items/cache/e7b279be6a862d254f0e7cc4dde2874e_Generic.jpg,37646,da06bb0e2aebe22be3d244d12a837e388f4bc9aa8e5548062354351ae9a88762
https://vl63.ru/media/k2/items/cache/e7b279be6a862d254f0e7cc4dde2874e_L.jpg,media/k2/items/cache/e7b279be6a862d254f0e7cc4dde2874e_L.jpg,115111,2eaf682a681ffff423f2ea56e1a7319362900ac539352491b5cf4e1028842f95
https://vl63.ru/media/k2/items/cache/e7b279be6a862d254f0e7cc4dde2874e_M.jpg,media/k2/items/cache/e7b279be6a862d254f0e7cc4dde2874e_M.jpg,59443,121a94dd87485a0c21e28febd6c7d6c0d5d34ea80d79abbaad6bbcdc207191ae
https://vl63.ru/media/k2/items/cache/e7b279be6a862d254f0e7cc4dde2874e_XL.jpg,media/k2/items/cache/e7b279be6a862d254f0e7cc4dde2874e_XL.jpg,225685,22848b5506f4cbb73cb9dd85c43514901910bbe9e2a98f5d7cb3a70bd59babc9
https://vl63.ru/media/k2/items/cache/ea82697ed9755e975f3c7d735db2070c_L.jpg,media/k2/items/cache/ea82697ed9755e975f3c7d735db2070c_L.jpg,160891,f4aebfcffead255b0ee9be648e62492b8614ce68cc4373784518a313a9f2d653
https://vl63.ru/media/k2/items/cache/ea82697ed9755e975f3c7d735db2070c_XL.jpg,media/k2/items/cache/ea82697ed9755e975f3c7d735db2070c_XL.jpg,309372,1f2bf14bfe0ed4a43098dd65b6434f6b89f9075fb3a80c00b677c3bb90231e00
https://vl63.ru/media/k2/items/cache/ea82697ed9755e975f3c7d735db2070c_XS.jpg,media/k2/items/cache/ea82697ed9755e975f3c7d735db2070c_XS.jpg,25323,882f56cf868de2b1e8848edfd7996a59ef207752bbeb1d496c30a4fa72883f3c
https://vl63.ru/media/k2/items/cache/ee68a9df1200997b07be8fb0bbdb9f29_L.jpg,media/k2/items/cache/ee68a9df1200997b07be8fb0bbdb9f29_L.jpg,122936,3346259b48835f6a9fd3be0a9a6ceef6772bf991fdc9cdacc4b41d83c685167a
https://vl63.ru/media/k2/items/cache/ee68a9df1200997b07be8fb0bbdb9f29_XL.jpg,media/k2/items/cache/ee68a9df1200997b07be8fb0bbdb9f29_XL.jpg,226094,82beef79c54d233fd48a3377e1c77ce67542ccc80db39e99cae21e1cf1fd21c5
https://vl63.ru/media/k2/items/cache/ee68a9df1200997b07be8fb0bbdb9f29_XS.jpg,media/k2/items/cache/ee68a9df1200997b07be8fb0bbdb9f29_XS.jpg,20415,d1ca1c8d8219789397fb674abf076ee364e81049df70cdcc581121f6c59c5061
https://vl63.ru/media/k2/items/cache/ef8bd3de49a270d49d40baf602fbfad5_L.jpg,media/k2/items/cache/ef8bd3de49a270d49d40baf602fbfad5_L.jpg,172573,5591b8a1244f9362cf47ffd64447d67fa87ae0c6cf6c77be25ca46abaa453ec8
https://vl63.ru/media/k2/items/cache/ef8bd3de49a270d49d40baf602fbfad5_XL.jpg,media/k2/items/cache/ef8bd3de49a270d49d40baf602fbfad5_XL.jpg,330841,7fe5840b719b06540e13773e3caa4ebee34ec9de21f36805f114d11aaf85bdef
https://vl63.ru/media/k2/items/cache/ef8bd3de49a270d49d40baf602fbfad5_XS.jpg,media/k2/items/cache/ef8bd3de49a270d49d40baf602fbfad5_XS.jpg,27140,e1d2e5b4c62b454955bd8c37c284c06b02c7fd4c8868e9a548c222b839ecab7c
https://vl63.ru/media/k2/items/cache/f0ba2bfd8f936a77d3b146acfe9443c7_L.jpg,media/k2/items/cache/f0ba2bfd8f936a77d3b146acfe9443c7_L.jpg,267667,867c72e963f9f11d0c925952217a3e00a48100379c12629f1283bea70477480e
https://vl63.ru/media/k2/items/cache/f0ba2bfd8f936a77d3b146acfe9443c7_XL.jpg,media/k2/items/cache/f0ba2bfd8f936a77d3b146acfe9443c7_XL.jpg,508563,1bf5d95c0aef7885dff01a3bcf5a09eb5780fad6a81bd9839906ac92ff194bdc
https://vl63.ru/media/k2/items/cache/f0ba2bfd8f936a77d3b146acfe9443c7_XS.jpg,media/k2/items/cache/f0ba2bfd8f936a77d3b146acfe9443c7_XS.jpg,46933,a74f57cea0c93cb29bf99773688d33c867a7f0e8bef4e3a7e40039a08f59255e
https://vl63.ru/media/k2/items/cache/f5207093f4bafcb21c0c017e46b49f6e_L.jpg,media/k2/items/cache/f5207093f4bafcb21c0c017e46b49f6e_L.jpg,163885,5777421f4e7741ec012c49c5c31ff25d880c5b5d199cb02147c9bfecdd8b30e1
https://vl63.ru/media/k2/items/cache/f5207093f4bafcb21c0c017e46b49f6e_XL.jpg,media/k2/items/cache/f5207093f4bafcb21c0c017e46b49f6e_XL.jpg,316945,5d88d19898696a388d40ee39a6d282a72b6629dcfc53ce472c39b8998ea678ef
https://vl63.ru/media/k2/items/cache/f5207093f4bafcb21c0c017e46b49f6e_XS.jpg,media/k2/items/cache/f5207093f4bafcb21c0c017e46b49f6e_XS.jpg,25864,e710b8856c5b2d8512cdfe3dec36356ed141c078a9782ba49de33ad78ac6353a
https://vl63.ru/media/k2/items/cache/f5ddf7bd97d01d87f4a7985398aea709_L.jpg,media/k2/items/cache/f5ddf7bd97d01d87f4a7985398aea709_L.jpg,92820,9a4e3e3344c16658e304f416babfbfbd3c537347a077e863be2283cd167fc0ae
https://vl63.ru/media/k2/items/cache/f5ddf7bd97d01d87f4a7985398aea709_M.jpg,media/k2/items/cache/f5ddf7bd97d01d87f4a7985398aea709_M.jpg,45460,7c1194a6805b1ded3fc3c86eeffc0e961227b6654179e491633dd5daac00cb98
https://vl63.ru/media/k2/items/cache/f5ddf7bd97d01d87f4a7985398aea709_XL.jpg,media/k2/items/cache/f5ddf7bd97d01d87f4a7985398aea709_XL.jpg,183587,6cce535341f28898032e47ae290bea2ba1c619618b21c940859269a666862ab4
https://vl63.ru/media/k2/items/cache/f710044bf79a4b1f5d8b085e5e5d9711_L.jpg,media/k2/items/cache/f710044bf79a4b1f5d8b085e5e5d9711_L.jpg,77984,420d50ee3e4b0e852d461efea4cb9ac0e40775b6b2a0f4d6ae0745d79e9cb64a
https://vl63.ru/media/k2/items/cache/f710044bf79a4b1f5d8b085e5e5d9711_XL.jpg,media/k2/items/cache/f710044bf79a4b1f5d8b085e5e5d9711_XL.jpg,124982,fc683db3544251118b73e798c3650ed21eb04bfe089888036e2d02ef086c6a38
https://vl63.ru/media/k2/items/cache/f710044bf79a4b1f5d8b085e5e5d9711_XS.jpg,media/k2/items/cache/f710044bf79a4b1f5d8b085e5e5d9711_XS.jpg,20040,3ed7f9c265367f30e2332d090327a40158c13133f1ec0204b938862a9e239bf5
https://vl63.ru/media/k2/items/cache/f7b9be29873ad525695063e6e748eae3_L.jpg,media/k2/items/cache/f7b9be29873ad525695063e6e748eae3_L.jpg,230596,8c9c6fd6394ef5179bab18b3f61b6b4dd9b85397d6e66bf24ff0dddda2cb1eab
https://vl63.ru/media/k2/items/cache/f7b9be29873ad525695063e6e748eae3_XL.jpg,media/k2/items/cache/f7b9be29873ad525695063e6e748eae3_XL.jpg,462334,2a5d3676dfb49bc8dec7ebaecc26aa9b87fbed7f374b73133c328f643a8b74f2
https://vl63.ru/media/k2/items/cache/f7b9be29873ad525695063e6e748eae3_XS.jpg,media/k2/items/cache/f7b9be29873ad525695063e6e748eae3_XS.jpg,8602,fbc0508c8066b73586395bcb0efe05ace0f12cb9b9c28c937b843e68ec25e96b
https://vl63.ru/media/k2/items/cache/f7f8c4727a011019fe43a7eaa92bf9a5_L.jpg,media/k2/items/cache/f7f8c4727a011019fe43a7eaa92bf9a5_L.jpg,170748,fe7cf19efe2c7331915ba199ba2eade2887fdda143b0c28c1c5ad6b4b622377b
https://vl63.ru/media/k2/items/cache/f7f8c4727a011019fe43a7eaa92bf9a5_XL.jpg,media/k2/items/cache/f7f8c4727a011019fe43a7eaa92bf9a5_XL.jpg,317885,073fab33ed4daa4d4fc75974e705b53f83636c88ab7f00da55ab56ddccbb6e4f
https://vl63.ru/media/k2/items/cache/f7f8c4727a011019fe43a7eaa92bf9a5_XS.jpg,media/k2/items/cache/f7f8c4727a011019fe43a7eaa92bf9a5_XS.jpg,29736,f23f2e29f4a1b56eced5c659bc43dd928c95e400145b0050835fcd0389dfa6fc
https://vl63.ru/media/k2/items/cache/f8091000de3f026d209837e21bc2e700_L.jpg,media/k2/items/cache/f8091000de3f026d209837e21bc2e700_L.jpg,103847,f700b1c79bbcd918802181309c9efd74071ea2c80f5b49a6662ce90aa3638d26
https://vl63.ru/media/k2/items/cache/f8091000de3f026d209837e21bc2e700_XL.jpg,media/k2/items/cache/f8091000de3f026d209837e21bc2e700_XL.jpg,195280,40e1dc0abc38e0ffc3a56f477e0e680b4b91866599982d87c88c58961ff7448e
https://vl63.ru/media/k2/items/cache/f8091000de3f026d209837e21bc2e700_XS.jpg,media/k2/items/cache/f8091000de3f026d209837e21bc2e700_XS.jpg,17904,ac05af82af5b07e69fced0aa49b447d774ceae15c03e02325962154846e2f1b8
https://vl63.ru/media/k2/items/cache/f8a458e18503c86603dc02339a944feb_L.jpg,media/k2/items/cache/f8a458e18503c86603dc02339a944feb_L.jpg,291469,0d5832a6b7cb6353be4d4638ab3cda0946fdf78c96ff9217e6e9ad2ec162bb68
https://vl63.ru/media/k2/items/cache/f8a458e18503c86603dc02339a944feb_S.jpg,media/k2/items/cache/f8a458e18503c86603dc02339a944feb_S.jpg,45209,b266d13c165dae7f339b4d95b95bf263f90d4bde81ed67289f2bfdafaf934612
https://vl63.ru/media/k2/items/cache/f8a458e18503c86603dc02339a944feb_XL.jpg,media/k2/items/cache/f8a458e18503c86603dc02339a944feb_XL.jpg,560489,8aac3446026ae4b47c07b11cb25643189c8441f6b8c4889bb393c2ec157499b3
https://vl63.ru/media/k2/items/cache/f9bbdeb62248e2fc4418a6935e64cf4c_L.jpg,media/k2/items/cache/f9bbdeb62248e2fc4418a6935e64cf4c_L.jpg,139017,289162a8ac8ca7784ba388ea1424a56c3cda9e120c759825a5b56be3db92f71d
https://vl63.ru/media/k2/items/cache/f9bbdeb62248e2fc4418a6935e64cf4c_M.jpg,media/k2/items/cache/f9bbdeb62248e2fc4418a6935e64cf4c_M.jpg,69148,736a317c51a00fc717cd537b956356e6492822acdb97778c174a83bf7eaeec70
https://vl63.ru/media/k2/items/cache/f9bbdeb62248e2fc4418a6935e64cf4c_XL.jpg,media/k2/items/cache/f9bbdeb62248e2fc4418a6935e64cf4c_XL.jpg,276406,94ae75c31d82af5a488a502df7fd153fa648fc9078d6246cb55509b6d4ec142b
https://vl63.ru/media/k2/items/cache/fac9770ae986695c80dfb6c58f312f32_L.jpg,media/k2/items/cache/fac9770ae986695c80dfb6c58f312f32_L.jpg,199105,b4f52d0abbea5c8b752bf12556ecd2013269e04d38b948e303584e6f5f93037b
https://vl63.ru/media/k2/items/cache/fac9770ae986695c80dfb6c58f312f32_XL.jpg,media/k2/items/cache/fac9770ae986695c80dfb6c58f312f32_XL.jpg,389429,f3e101a7c6c1cffd6a519e001f9b6dd4da54a868ca9aaeaad2d11993272045bc
https://vl63.ru/media/k2/items/cache/fac9770ae986695c80dfb6c58f312f32_XS.jpg,media/k2/items/cache/fac9770ae986695c80dfb6c58f312f32_XS.jpg,29773,7027a589586c586c04fddf9d16bbd617c9626ee47d1021a7fcb50d143924338d
https://vl63.ru/media/k2/items/cache/fd57315048b2a0e2ee02ed04b0927842_L.jpg,media/k2/items/cache/fd57315048b2a0e2ee02ed04b0927842_L.jpg,287329,c3481fae129905c0c9cdc181669b1881e451c7a5b7c05f6c7c8274aa5aa24a4e
https://vl63.ru/media/k2/items/cache/fd57315048b2a0e2ee02ed04b0927842_XL.jpg,media/k2/items/cache/fd57315048b2a0e2ee02ed04b0927842_XL.jpg,544274,bf67187725d833a72648b508ca033b2db1547691138727e76af42268fbc57553
https://vl63.ru/media/k2/items/cache/fd57315048b2a0e2ee02ed04b0927842_XS.jpg,media/k2/items/cache/fd57315048b2a0e2ee02ed04b0927842_XS.jpg,47152,a9bcb25f10ce5ffef8207b9c762301ade6f9fb89d48f58c07478c3e30842f963
https://vl63.ru/media/k2/items/cache/fedea746cd0ecb257a1249d3a2a80bb1_L.jpg,media/k2/items/cache/fedea746cd0ecb257a1249d3a2a80bb1_L.jpg,193349,83a0bdc2289cba620743594a1b9bff7d9cf58004b69dae37602403b00e8a3cf9
https://vl63.ru/media/k2/items/cache/fedea746cd0ecb257a1249d3a2a80bb1_XL.jpg,media/k2/items/cache/fedea746cd0ecb257a1249d3a2a80bb1_XL.jpg,376434,9d11f4234eb07e565be68f0897f5a2f3986250f50c4e059b1f5e4d68710db623
https://vl63.ru/media/k2/items/cache/fedea746cd0ecb257a1249d3a2a80bb1_XS.jpg,media/k2/items/cache/fedea746cd0ecb257a1249d3a2a80bb1_XS.jpg,29280,ce9c27410947e602df6d536870c26b24e3a4fd87f2f97d58445c1b04c169a8fb
https://vl63.ru/media/k2/items/cache/fff4548682445ceca36c12620f894d26_Generic.jpg,media/k2/items/cache/fff4548682445ceca36c12620f894d26_Generic.jpg,32659,44cd0b1b640c016dbf785b7b36351813f9e28e29c3600ed8919c0c067bd012a1
https://vl63.ru/media/k2/items/cache/fff4548682445ceca36c12620f894d26_L.jpg,media/k2/items/cache/fff4548682445ceca36c12620f894d26_L.jpg,104461,13b85cfbe21a0f122922f12d08f38846bd960973ecee9358c1bc579a75f0941a
https://vl63.ru/media/k2/items/cache/fff4548682445ceca36c12620f894d26_S.jpg,media/k2/items/cache/fff4548682445ceca36c12620f894d26_S.jpg,16536,0e9f27b4651a9fd9438e8f17df09c8e97bba47a98d942e76005c40cf22cc0bbe
https://vl63.ru/media/k2/items/cache/fff4548682445ceca36c12620f894d26_XL.jpg,media/k2/items/cache/fff4548682445ceca36c12620f894d26_XL.jpg,204214,f84462efefdae755dc9bbd56a6ff860e71cbebe31df9ee3d9862620c43adfabf
https://vl63.ru/media/system/images/modal/bg_e.png,media/system/images/modal/bg_e.png,97,5b3eb5e38c2d4fa8ecccb5980dae0ee5755f6cdba8bf20500b4602f5aae16e4b
https://vl63.ru/media/system/images/modal/bg_n.png,media/system/images/modal/bg_n.png,132,646019eb2d205a9231e7907231d032617bb7331263b70cf66174c59e45d0aef1
https://vl63.ru/media/system/images/modal/bg_ne.png,media/system/images/modal/bg_ne.png,457,527c9c38b1b7ec2272925664e92de9871fb3f4f92ca9c408f5e448b113d181da
https://vl63.ru/media/system/images/modal/bg_nw.png,media/system/images/modal/bg_nw.png,331,277d6d1108e720871b72639e39a2a3869798c360efe26ad37372cb82840789cf
https://vl63.ru/media/system/images/modal/bg_s.png,media/system/images/modal/bg_s.png,123,eb3ead86dee26eca4b6806b34ec2a74ea15c74ccb12d6b751865bac396c39597
https://vl63.ru/media/system/images/modal/bg_se.png,media/system/images/modal/bg_se.png,352,113bb841faa5da4c61398dee88773d68b0bc33d59c3994315970d49f5f6003c7
https://vl63.ru/media/system/images/modal/bg_sw.png,media/system/images/modal/bg_sw.png,302,c4b5f5692b83a00cf90305458c8bb5e23f39de7b72985d48e8752342a205a4b8
https://vl63.ru/media/system/images/modal/bg_w.png,media/system/images/modal/bg_w.png,93,ea7c34f31dfc7d9bea9c81a3cc9f19f96d87d5526642ef7bcca432b3837f8b2b
https://vl63.ru/media/system/images/modal/closebox.png,media/system/images/modal/closebox.png,1634,7a6e6d94362b4f8afb35da95a3566821218a93f29fc2ef98a94c72a208ec55e9
https://vl63.ru/media/system/images/modal/spinner.gif,media/system/images/modal/spinner.gif,1569,25bad287bd5ff25d523e43460b10cdd063d900bd21fdcb597fc62bb095f5c3e8
https://vl63.ru/modules/mod_djimageslider/assets/loader.gif,modules/mod_djimageslider/assets/loader.gif,2608,23764e494bad625e234a195971adfc86f36cff51ac267e18d798bc299fac0068
https://vl63.ru/modules/mod_news_pro_gk4/interface/images/interface.png,modules/mod_news_pro_gk4/interface/images/interface.png,666,d4defa7f1e2a99436f963c56bde08b3d33aced571f624af3f65c99d0194b0266
https://vl63.ru/modules/mod_news_pro_gk4/interface/images/nsp_add_to_cart.png,modules/mod_news_pro_gk4/interface/images/nsp_add_to_cart.png,1869,63ce4259c24e337ce0f3442471f64ab13d47a23955f7925597c2457cf9ebc220
https://vl63.ru/modules/mod_ot_virtuemart_category/images/next.png,modules/mod_ot_virtuemart_category/images/next.png,1794,7e912614fd00698b6c6155ab073b01c473caea3e7007b7e60b35f3644d76d847
https://vl63.ru/modules/mod_ot_virtuemart_category/images/prev.png,modules/mod_ot_virtuemart_category/images/prev.png,1724,be7541dd59c32736f1347926c440f15d1b2b51f6ef8c1aaafe0085887e9bdcba
https://vl63.ru/otzivi/captcha/59225.html,otzivi/captcha/59225.html,1560,d953225f1e9ce13aa33812d4c3589cbcdbf1e4a6c976673578c0b55291143668
https://vl63.ru/plugins/content/jw_sigpro/jw_sigpro/includes/images/transparent.gif,plugins/content/jw_sigpro/jw_sigpro/includes/images/transparent.gif,49,7ee756b01de4464eaf4b71b85779bdb7a955b4d2af89faa3d29c4906d0ece1db
https://vl63.ru/plugins/content/jw_sigpro/jw_sigpro/includes/js/jquery_swipebox/src/img/icons.png,plugins/content/jw_sigpro/jw_sigpro/includes/js/jquery_swipebox/src/img/icons.png,729,1607110affa24dcaf57bb7f4db12363b391339d8b976ecc1ed00e69ad02307d5
https://vl63.ru/plugins/content/jw_sigpro/jw_sigpro/includes/js/jquery_swipebox/src/img/loader.gif,plugins/content/jw_sigpro/jw_sigpro/includes/js/jquery_swipebox/src/img/loader.gif,2608,4d398837e4322752c213c94b8c04b285deea34c263db59e118a856e9f34c0f70
https://vl63.ru/plugins/content/jw_sigpro/jw_sigpro/tmpl/Classic/images/disk.png,plugins/content/jw_sigpro/jw_sigpro/tmpl/Classic/images/disk.png,620,9697f3ae90bfdbcffe8811d9a5cd2e2a98f1d44a06c2cc9d8eb5674fc414f33e
https://vl63.ru/plugins/content/jw_sigpro/jw_sigpro/tmpl/Classic/images/shadow.gif,plugins/content/jw_sigpro/jw_sigpro/tmpl/Classic/images/shadow.gif,4364,09ff2c19097d7d26f1963fa1cc5a8ca7861f2e40dfd2cf62f6f9e988c527b985
https://vl63.ru/plugins/content/jw_sigpro/jw_sigpro/tmpl/Classic/images/shadowAlpha.png,plugins/content/jw_sigpro/jw_sigpro/tmpl/Classic/images/shadowAlpha.png,3403,c5cef9e0049b04ddcfdbb0a0cc60dfc627218da8772a788ad8aa61e4ccb0b732
https://vl63.ru/plugins/system/omgshortcodes/assets/images/badge.png,plugins/system/omgshortcodes/assets/images/badge.png,890,f38478906144f3e4b3b7e4dd091dbfb1b82e7ea9020b2e0a94877c46f11142b6
https://vl63.ru/plugins/system/omgshortcodes/assets/images/button.png,plugins/system/omgshortcodes/assets/images/button.png,446,4734cee78abcef9b898530fc8c950fd9bdb6b8288a323adc34aa2535f08ad8b2
https://vl63.ru/plugins/system/omgshortcodes/assets/images/carousel.png,plugins/system/omgshortcodes/assets/images/carousel.png,451,4bb31202e984c6d4a56faee320d54c630f85f49b69dd268fe02b3860ba5b3491
https://vl63.ru/plugins/system/omgshortcodes/assets/images/code.png,plugins/system/omgshortcodes/assets/images/code.png,629,81ff55bde31d9261ecf4cc58823475aa46be187716fa9275c4cdb6c443742b53
https://vl63.ru/plugins/system/omgshortcodes/assets/images/column.png,plugins/system/omgshortcodes/assets/images/column.png,400,7ae58da9397c878223151bae7c114a3361cf737f4decc5344bf06c061845824a
https://vl63.ru/plugins/system/omgshortcodes/assets/images/dropcap.png,plugins/system/omgshortcodes/assets/images/dropcap.png,732,5254d408e6911e70f3b574c08b2aff1900a6fd7ae4230f17aacc02e807791b23
https://vl63.ru/plugins/system/omgshortcodes/assets/images/icon.png,plugins/system/omgshortcodes/assets/images/icon.png,554,1025368c240d7c8e810dd50e8d31f2c1a045fd69201e5cfa834f2dade36acaeb
https://vl63.ru/plugins/system/omgshortcodes/assets/images/label.png,plugins/system/omgshortcodes/assets/images/label.png,831,3cbb2be368bece776aa13627d885f02bf467be7bd2731f5d244688af439a82f5
https://vl63.ru/plugins/system/omgshortcodes/assets/images/message.png,plugins/system/omgshortcodes/assets/images/message.png,897,a9296b64f69f5d1f8d756fc91933b68a0024493c66a2d7d0288411ef72df5950
https://vl63.ru/plugins/system/omgshortcodes/assets/images/modal.png,plugins/system/omgshortcodes/assets/images/modal.png,598,9ff4419eefdae06552979368a8e988668fab3b4c7619fc6c9585b7896b8cc3b0
https://vl63.ru/plugins/system/omgshortcodes/assets/images/spacer.png,plugins/system/omgshortcodes/assets/images/spacer.png,439,c4cdeb6ba8f553941bb5ee1a7633167682766cde3686277ecd9b34b11702789d
https://vl63.ru/plugins/system/omgshortcodes/assets/images/tabs.png,plugins/system/omgshortcodes/assets/images/tabs.png,453,bf84396a7798f24759a22d9f60d3a403bbb018cfa41a8d0937a6f5d22f2e4975
https://vl63.ru/plugins/system/omgshortcodes/assets/images/tooltip.png,plugins/system/omgshortcodes/assets/images/tooltip.png,517,312a029e484908aff0154133a80231c779a392eda162b759489bb749b79109ca
https://vl63.ru/plugins/system/omgshortcodes/assets/images/vimeo.png,plugins/system/omgshortcodes/assets/images/vimeo.png,865,c94f549849be2103bb30d3edf82f95759a15e96f32d0f27a8e06f3337312617a
https://vl63.ru/plugins/system/omgshortcodes/assets/images/well.png,plugins/system/omgshortcodes/assets/images/well.png,640,79ba33004fab971e9f595b7b2943e24488a842d7526cba6a5cd36649686dfe3b
https://vl63.ru/plugins/system/omgshortcodes/assets/images/youtube.png,plugins/system/omgshortcodes/assets/images/youtube.png,802,b9ab101381c68b92ee354235e2d2e0a025b834158d3acbdc31c1c002c02bee9a
https://vl63.ru/templates/ot_print/css/fonts/MyriadPro-Bold.svg,templates/ot_print/css/fonts/MyriadPro-Bold.svg,97009,8ef782baac3b3059f7c114b932f56d51cdfacde878d86156aef7541c112f35e7
https://vl63.ru/templates/ot_print/css/fonts/MyriadPro-Regular.svg,templates/ot_print/css/fonts/MyriadPro-Regular.svg,95716,caa9128772cb9641eb70a2d09a1acc721adc029d34415cb451eb1d5b91d5bc5b
https://vl63.ru/templates/ot_print/favicon.ico,templates/ot_print/favicon.ico,2957,434a567e8c6b650317eb7c2c0d5c40579ec3957b6739c7b721eea5e92875ccb8
https://vl63.ru/templates/ot_print/images/arrow_w.png,templates/ot_print/images/arrow_w.png,2808,07bd2e92394ac77a229b42ea455a63f6095994b24c9c3069e181923a27a72bfc
https://vl63.ru/templates/ot_print/images/bq-c.png,templates/ot_print/images/bq-c.png,1075,779811c22e18c56434497e56fbea89aaa09525795b7e01e819c4055ed08efa62
https://vl63.ru/templates/ot_print/images/bq-o.png,templates/ot_print/images/bq-o.png,1148,4e6b0a40a9858cd77d366d4dc0f8502b1704340822df69e764062e03a5e3e106
https://vl63.ru/templates/ot_print/images/bullet_g.png,templates/ot_print/images/bullet_g.png,2872,c3ee2f9be0b9bea92d4700bec1cddf3fa136fc12b75aed5547bf5098080081b8
https://vl63.ru/templates/ot_print/images/cart.png,templates/ot_print/images/cart.png,1270,75bceaf51a2569763399721bb4738734cfabda6fc19db8509f286ebe8dcc067b
https://vl63.ru/templates/ot_print/images/color-stars.png,templates/ot_print/images/color-stars.png,5752,8931056776ff88a319cca6e05dd869804b6ab7408f597b34d237c71e316e2e8f
https://vl63.ru/templates/ot_print/images/divider.png,templates/ot_print/images/divider.png,1017,e77effff91a9f801e4005dd51dcd4b1007ef4315f0ad7048f38dff2287be77e3
https://vl63.ru/templates/ot_print/images/expand-down2.png,templates/ot_print/images/expand-down2.png,4426,912994349a5aa34c8f6295a125fc242f04fe7163e16b7c92c29d67f6ad634c64
https://vl63.ru/templates/ot_print/images/expand-up2.png,templates/ot_print/images/expand-up2.png,4424,1eb285a1ef265ac5908a86b1050ef53087d473e542fe70ba894cac7d063411d6
https://vl63.ru/templates/ot_print/images/hr_bg.png,templates/ot_print/images/hr_bg.png,1086,f2fdf145eb169a2b8eb54022f70f64d83e753f8b95793e48b22ebd23a5622463
https://vl63.ru/templates/ot_print/images/icon-next-bold.png,templates/ot_print/images/icon-next-bold.png,1127,6c06ff2698d10e9cdd20f64a1b27c95884df2a5ff98a804a9be0f40ebcf83d7a
https://vl63.ru/templates/ot_print/images/icon-next.png,templates/ot_print/images/icon-next.png,1092,a34dc33a3536b7905813929394774e19832453baae7021334e94933be8612944
https://vl63.ru/templates/ot_print/images/icon-prev-bold.png,templates/ot_print/images/icon-prev-bold.png,1141,80ee2fd09f4d66b9cdb80dcca1d8c35999741f82ae84207ee77d8100551ba579
https://vl63.ru/templates/ot_print/images/icon-prev.png,templates/ot_print/images/icon-prev.png,1094,241d521a6a60182b077d9865a0a3a2439e7719110ae7ddec257f3bf49087f348
https://vl63.ru/templates/ot_print/images/icon_external_link.gif,templates/ot_print/images/icon_external_link.gif,62,542b3d05844c995b83cac63fd204aac7133bbbd091535933b67e97319643ad5c
https://vl63.ru/templates/ot_print/images/icon_tag.png,templates/ot_print/images/icon_tag.png,1221,553c5fd82b70605187eeec7c037801c36721c39662d165706b7ca47c8cd4aacc
https://vl63.ru/templates/ot_print/images/letter_round.png,templates/ot_print/images/letter_round.png,1246,478659140db8dc9a8663d0ae6708605d156383767a337ee067127a2708c70e5c
https://vl63.ru/templates/ot_print/images/minus.png,templates/ot_print/images/minus.png,936,42cd7dbd68bc423e74f6018fbb20ed957dcebaed856baaa0e98ebfbb81363b12
https://vl63.ru/templates/ot_print/images/next_w.png,templates/ot_print/images/next_w.png,1374,1b507060764786868a9fb9168e671eb866ca86a1ea5609ad72b8576958d2b208
https://vl63.ru/templates/ot_print/images/plus.png,templates/ot_print/images/plus.png,1003,9a23072e5707f10f3921221d40bb7b12bbfca879b7f71bec1cc5347712eeb113
https://vl63.ru/templates/ot_print/images/prev_w.png,templates/ot_print/images/prev_w.png,1372,dfe4cc7d64ea771b70c4c7d510030f91867691d968f7b5e47f2f545033247ae7
https://vl63.ru/templates/ot_print/images/setting.png,templates/ot_print/images/setting.png,1736,86c4af22e0b5f68664b7a2069e9ecd21d6d3c70154a3d9299a074bcf781c5804
https://vl63.ru/templates/ot_print/images/vm2-sprite.png,templates/ot_print/images/vm2-sprite.png,27015,c386307dc82d3a15fd4031f4594a98a42c75bbfceec0aa0d1bb74ef0f7e9bdde
https://vl63.ru/templates/ot_print/images/vmgeneral/arrow_down.png,templates/ot_print/images/vmgeneral/arrow_down.png,1253,ca729a6b760b030db7e183b2d050348ddc812c849bc8c34c2614ffa93b2ca12f
https://vl63.ru/templates/ot_print/images/vmgeneral/backgrounds.png,templates/ot_print/images/vmgeneral/backgrounds.png,362,60b44629c97f93a96214216ce3690fc4010e82a9b2d981e9fd6b1e24a33fd5ce
https://vl63.ru/templates/ot_print/images/vmgeneral/default_bg.jpg,templates/ot_print/images/vmgeneral/default_bg.jpg,1228,bd5fc64c83bbb510b339b8df36265229df16956720c6175f655f49fb35d965c8
https://vl63.ru/templates/ot_print/images/vmgeneral/default_hover_bg.jpg,templates/ot_print/images/vmgeneral/default_hover_bg.jpg,1219,daad2f4f4db0b3fd5341c15e9af3318d8fd3b589e5ac3a2ebaa1976a3b4e80a5
https://vl63.ru/templates/ot_print/images/vmgeneral/next_16x16.png,templates/ot_print/images/vmgeneral/next_16x16.png,1407,f4eb95a5ac607d6ef4eb77168f75f55b0b99cf3cf85c9fc8adc673f134988d97
https://vl63.ru/templates/ot_print/images/vmgeneral/previous_16x16.png,templates/ot_print/images/vmgeneral/previous_16x16.png,1394,ff8e011f7f29149abb22d34f54174648dc06f270d9b52d9d5669af7496540d41
https://vl63.ru/templates/ot_print/images/vmgeneral/quantity-controls.png,templates/ot_print/images/vmgeneral/quantity-controls.png,1369,ef7c5a49be634650fa87ccc0465dc022a45fc54eadaf7b3d2b60aebfefecbb75
