source_url,local_path,title,page_type,source_item_id,published_text,meta_description,text_file
https://vl63.ru/,index.html,"Натяжные потолки в Тольятти и Самаре, компания Вертикальная линия",homepage,,,"Как выгодно заказать натяжные потолки из экологически безопасной пленки ПВХ без запаха, грамотно подготовить помещение к монтажу, качественно установить полотно сложных форм, красивого цвета и фактуры к дизайну интерьера своей квартиры или дома, подскажут наши фото, статьи и хорошие отзывы наших клиентов.",articles/89ff78a357451320.md
https://vl63.ru/katalog_cvetov_plenki.html,katalog_cvetov_plenki.html,Каталог цветов лаковой пленки натяжного потолка Lackfolie,k2-item,63,,Выбрать цвет натяжного потолка по каталогу пленки Lackfolie (Германия),articles/6666d33631f81d79.md
https://vl63.ru/nashi_raboty.html,nashi_raboty.html,"Натяжные потолки фото в интерьерах, компания Вертикальная линия",k2-item,133,,"Фотографии натяжных потолков в интерьере комнат и помещений различного назначения, портфолио компании ""Вертикальная линия"".",articles/01985f52279efdb0.md
https://vl63.ru/akcia.html,akcia.html,"Натяжные потолки акции и скидки в Самаре, Тольятти и Сызрани",k2-item,52,,"Акции и выгодные предложения на натяжные потолки в Тольятти от компании ""Вертикальная линия""",articles/e7b60673708e8a67.md
https://vl63.ru/contacts.html,contacts.html,Контакты фирмы по натяжным потолкам,k2-item,36,,"Контакты, юридические и банковские реквизиты, схема проезда к офисам компании Вертикальная линия",articles/964f8d9073a0bef9.md
https://vl63.ru/nashi_raboty/bassejn-alter-ego.html,nashi_raboty/bassejn-alter-ego.html,"Бассейн ""Альтер Эго""",k2-item,37,,"Натяжной потолок над чашей 25-метрового бассейна в ""Альтер Эго"" ул.Карбышева, 2 разбит на три части для возможности монтажа. Единое полотно натянуть н...",articles/e3f621e80e288ba9.md
https://vl63.ru/nashi_raboty/lovchiy.html,nashi_raboty/lovchiy.html,Ловчий+,k2-item,38,,"Натяжной потолок в бассейне банного комплекса, установленный компанией ""Вертикальная линия"" в лучшем стрелковом комплексе Европы ""Ловчий"" (г.Тольятти,...",articles/9a86c3bb1ab3d2c9.md
https://vl63.ru/nashi_raboty/sush-ka.html,nashi_raboty/sush-ka.html,Sush-ka,k2-item,39,,"Установленные в Тольятти натяжные потолки компании ""Вертикальная линия"" можно увидеть в ТРК ""Мадагаскар"" вдоль окон ресторана ""Сушка"".",articles/6bdd79576b259fea.md
https://vl63.ru/nashi_raboty/kafe_tarelka.html,nashi_raboty/kafe_tarelka.html,"кафе ""Тарелка""",k2-item,41,,  View the embedded image gallery online at: https://vl63.ru/nashi_raboty/kafe_tarelka.html#sigProIdcf0ba6e7ad,articles/d964f230a1838f4e.md
https://vl63.ru/nashi_raboty/madagaskar.html,nashi_raboty/madagaskar.html,ТЦ Мадагаскар,k2-item,42,,"Двухуровневые натяжные потолки со спайкой полотен двух цветов лаковой фактуры в холле кинотеатра ""Три кита"" в ТРК ""Мадагаскар"" (г.Тольятти, ул.Льва Яш...",articles/8d2b0ba9ff076e3a.md
https://vl63.ru/nashi_raboty/otel_emerald.html,nashi_raboty/otel_emerald.html,"Гостиничный комплекс ""Эмеральд""",k2-item,43,,"Натяжные потолки от компании Вертикальная линия. Фото работ: Гостиничный комплекс ""Эмеральд"".",articles/f29edb7b50b9545d.md
https://vl63.ru/nashi_raboty/kafe_florans.html,nashi_raboty/kafe_florans.html,"Кафе ""Флоранс""",k2-item,44,,  View the embedded image gallery online at: https://vl63.ru/nashi_raboty/kafe_florans.html#sigProId1b9c97a393,articles/f587bcebc066e2df.md
https://vl63.ru/nashi_raboty/restoran_jemchujina_jiguley.html,nashi_raboty/restoran_jemchujina_jiguley.html,Ресторан Жемчужина Жигулей,k2-item,45,,Синие глянцевые натяжные потолки с внутренними вырезами в форме эллипса в зале ресторана   View the embedded image gallery online at: https://vl6...,articles/956df20f1acbc859.md
https://vl63.ru/o-kompanii.html,o-kompanii.html,О компании,k2-item,70,,"Узнайте подробнее о компании ""Вертикальная линия"" из Тольятти!",articles/0fe14a79c628ffd2.md
https://vl63.ru/news.html,news.html,"Натяжные потолки Тольятти, новости - Компания ""Вертикальная линия""",listing-or-page,,,,articles/b7730c4f4bc63d02.md
https://vl63.ru/pyblikazii.html,pyblikazii.html,Публикации,k2-item,62,,"О чём пишут газеты и журналы о компании ""Вертикальная линия"". Подборка публикаций.",articles/5fee152cba49dd0d.md
https://vl63.ru/partners.html,partners.html,Партнерам,k2-item,61,,"Извлеките выгоду от сотрудничества с компанией по натяжным потолкам ""Вертикальная линия""!",articles/77f87098b699139f.md
https://vl63.ru/sertifikaty.html,sertifikaty.html,Сертификаты на натяжные потолки,k2-item,75,,"Санитарно-эпидемиологические заключения, пожарные сертификаты, гигиеническая характеристика пленки для натяжных потолков.",articles/7212464044d33abc.md
https://vl63.ru/natyznie-potolki.html,natyznie-potolki.html,Фирменные натяжные потолки,k2-item,80,,Какие натяжные потолки предлагает компания Вертикальная линия.,articles/159f50700f2ff8d5.md
https://vl63.ru/natyznsoi-potolok-zakazat.html,natyznsoi-potolok-zakazat.html,"С чего начать, чтобы купить натяжной потолок.",k2-item,82,,"Купить качественный натяжной потолок не сложно, если начать набирать номер телефона  U+260E +7 (8482) 503-206 !",articles/178929450aa1d45a.md
https://vl63.ru/podgotovka_pomescheniya.html,podgotovka_pomescheniya.html,Подготовка помещения к монтажу натяжного потолка,k2-item,149,,"Как подготовить помещения к установке натяжных потолков подскажут специалисты фирмы ""Вертикальная линия"".",articles/412e5bc8c7188688.md
https://vl63.ru/rekomendacii.html,rekomendacii.html,Важные рекомендации,listing-or-page,,,"Важные рекомендации экспертов компании ""Вертикальная линия"" по установке натяжных потолков. Советы специалистов по натяжным потолкам из Тольятти.",articles/7e4656168cbfcb5f.md
https://vl63.ru/vybor_formy.html,vybor_formy.html,Выбор формы натяжного потолка,k2-item,65,,"Компания ""Вертикальная линия"" г.Тольятти. Натяжные потолки. Производство. Монтаж. Установка.",articles/86de96fc153a6493.md
https://vl63.ru/vybor_lyustr.html,vybor_lyustr.html,Выбор люстр для натяжных потолков,k2-item,150,,"Как правильно подобрать люстры для натяжных потолков и где их выгодно купить, посоветуют специалисты компании ""Вертикальная линия"".",articles/11594b69b78be8e9.md
https://vl63.ru/proizvodstvo.html,proizvodstvo.html,Производство и монтаж натяжных потолков,k2-item,151,,"Компания Вертикальная линия занимается производством и установкой натяжных потолков в Самаре, Тольятти и Сызрани. Описание процесса изготовления и монтажа.",articles/bf158e070d664a8b.md
https://vl63.ru/profil.html,profil.html,Профили натяжных потолков,k2-item,132,,Широкий ассортимент алюминиевого профиля для монтажа натяжных потолков позволяет реализовать любые дизайнерские решения.,articles/a565ee4b3476325c.md
https://vl63.ru/svetilniki.html,svetilniki.html,Светильники для натяжных потолков,k2-item,83,,"Эти встраиваемые точечные светильники идеально подойдут к натяжным потолкам. Узнайте, где и как их купить дешевле!",articles/3a44a06db1fc1db3.md
https://vl63.ru/moduli-v-armstrong.html,moduli-v-armstrong.html,Модульные натяжные потолки для подвесного Armstrong,k2-item,219,,Компания Вертикальная линия предлагает встроить в подвесной потолок типа Armstrong красивые натяжные потолки. Модули для ячейки кассетного потолка Армстронг.,articles/9392e19b97b98e67.md
https://vl63.ru/ekspluatacia-i-uhod-za-natjazhnym-potolkom.html,ekspluatacia-i-uhod-za-natjazhnym-potolkom.html,Эксплуатация и уход за натяжным потолком,k2-item,85,,"Узнайте, как и чем протереть, удалить пятна, разводы, пыль, брызги, капли, грязь, жир, клей и прочие загрязнения с натяжного потолка!",articles/669d2359e70fec44.md
https://vl63.ru/garantii.html,garantii.html,Гарантии на натяжные потолки,k2-item,78,,"С компанией по натяжным потолкам ""Вертикальная линия"" Вы не останетесь со своими проблемами! Мы чётко соблюдаем все свои гарантийные обязательства.",articles/65f34715ce4936a0.md
https://vl63.ru/bezopasnost.html,bezopasnost.html,Безопасность,k2-item,76,,"Безопасный монтаж натяжных потолков. Насколько опасный монтаж натяжных потолков, есть ли вред от натяжных потолков? На эти волнующие многих вопросы отвечают специалисты по натяжным потолкам из Тольятти компании ""Вертикальная линия"".",articles/3da26422dee004e3.md
https://vl63.ru/otzivi.html,otzivi.html,"Натяжные потолки отзывы - Компания ""Вертикальная линия""",listing-or-page,,,"Заказать качественные натяжные потолки по низкой цене, грамотно сделать монтаж полотен сложных форм, найти нужный цвет плёнки из экологически безопасного ПВХ, подобрать фактуру полотна к дизайну и стилю интерьера квартиры, дома, коттеджа помогут наши публикации, фото, картинки, каталоги и схемы.",articles/4bbb4ec52060f58a.md
https://vl63.ru/news/item/167-40.html,news/item/167-40.html,Оплата банковскими картами за натяжные потолки от компании Вертикальная линия,k2-item,167,,"Наличных нет, а оплатить заказ надо. Безналичная оплата за натяжные потолки - это удобно! Компания ""Вертикальная линия"" к вашим услугам.",articles/a987a387cd5a0daf.md
https://vl63.ru/news/item/316-populyarnyj-v-tolyatti-nakladnoj-svetilnik-dlya-natyazhnyh-potolkov.html,news/item/316-populyarnyj-v-tolyatti-nakladnoj-svetilnik-dlya-natyazhnyh-potolkov.html,Популярный в Тольятти накладной светильник для натяжных потолков. Берите не пожалеете!,k2-item,316,"Среда, 23 Май 2018 14:20","Накладной светодиодный светильник FERON AL5000 - отличный выбор для натяжного потолка! Эксперты фирмы ""Вертикальная линия"" из Тольятти советуют к покупке.",articles/4a66a7e16b5fa99a.md
https://vl63.ru/news/item/315-kartinka-strelochnyh-chasov-na-natyazhnom-potolke-v-malenkoj-kuhne.html,news/item/315-kartinka-strelochnyh-chasov-na-natyazhnom-potolke-v-malenkoj-kuhne.html,Картинка стрелочных часов на натяжном потолке в маленькой кухне.,k2-item,315,"Понедельник, 21 Май 2018 13:23","Небольшую кухню украсил натяжной потолок с фотопечатью старинных стрелочных часов. Одна из работ фирмы ""Вертикальная линия"" в Тольятти.",articles/f1078f2be5b66a97.md
https://vl63.ru/news/item/314-natyazhnye-potolki-v-gostinichnyh-nomerah-ustanovleny-skoro-otkroetsya-v-tolyatti-gostinitsa-kokon.html,news/item/314-natyazhnye-potolki-v-gostinichnyh-nomerah-ustanovleny-skoro-o__48ba6cfc33fc.html,"Натяжные потолки в гостиничных номерах установлены. Скоро откроется в Тольятти гостиница ""Кокон""!",k2-item,314,"Вторник, 15 Май 2018 09:40","Натяжные потолки  в дизайнерском стиле лофт интерьера гостиницы, которая скоро откроется в Тольятти на пр.Ст.Разина, 66а.",articles/898cf01defe1ddb8.md
https://vl63.ru/news/item/313-dvuhurovnevyj-natyazhnoj-potolok-s-krasivym-kuhonnym-garniturom-v-zhk-lesnaya-sloboda.html,news/item/313-dvuhurovnevyj-natyazhnoj-potolok-s-krasivym-kuhonnym-garniturom-v-zhk-lesnaya-sloboda.html,Двухуровневый натяжной потолок с красивым кухонным гарнитуром в ЖК Лесная слобода,k2-item,313,"Суббота, 05 Май 2018 10:22",Это обычный белый матовый двухуровневый натяжной потолок на кухне просто тонет в красоте этого шикарного кухонного гарнитура. Смотри фото!,articles/16789c2b5dc4c3cf.md
https://vl63.ru/news/item/311-kak-vyglyadit-v-interere-natyazhnoj-potolok-s-bleskom-bronzovogo-tsveta.html,news/item/311-kak-vyglyadit-v-interere-natyazhnoj-potolok-s-bleskom-bronzovogo-tsveta.html,Как выглядит в интерьере натяжной потолок с блеском бронзового цвета,k2-item,311,"Понедельник, 23 Апрель 2018 14:57",Скоро такие фактуры натяжных потолков могут исчезнуть с продажи в Тольятти! Торопитесь купить эксклюзивные потолки!,articles/384d9be4e741db66.md
https://vl63.ru/news/item/309-pochuvstvuj-raznitsu-mezhdu-tkanevymi-i-pvh-natyazhnymi-potolkami-smotri-video.html,news/item/309-pochuvstvuj-raznitsu-mezhdu-tkanevymi-i-pvh-natyazhnymi-potolkami-smotri-video.html,Почувствуй разницу между тканевыми и ПВХ натяжными потолками! Смотри видео!,k2-item,309,"Среда, 18 Апрель 2018 13:58","Вот, что отличает ПВХ натяжные потолки от тканевых! На это стоит посмотреть, чтобы знать отличия и не ошибиться в  выборе!",articles/3d4c084b6fd38b00.md
https://vl63.ru/natyajnye-potolki-gostinye.html,natyajnye-potolki-gostinye.html,"Натяжные потолки в гостиной - Компания ""Вертикальная линия""",listing-or-page,,,"Выберите дизайн натяжных потолков для интерьера гостиной по нашим фото или придумайте свой индивидуальный проект, а наши специалисты воплотят его в жизнь!",articles/656915dc3bc08787.md
https://vl63.ru/natyajnye-potolki-kyhni.html,natyajnye-potolki-kyhni.html,"Натяжные потолки на кухне - Компания ""Вертикальная линия""",listing-or-page,,,Компания Вертикальная линия предлагает производство и установку натяжных потолков на кухне. Портфолио.,articles/3bc075d8de4c658b.md
https://vl63.ru/natyajnye-potolki-detskie.html,natyajnye-potolki-detskie.html,"Натяжные потолки для детской - Компания ""Вертикальная линия""",listing-or-page,,,Ищете новые идеи и интересный дизайн натяжных потолков для детской комнаты? Загляните в наше портфолио! Наверняка что-нибудь понравится.,articles/ef31a0d56b02b3b7.md
https://vl63.ru/natyajnye-potolki-spalni.html,natyajnye-potolki-spalni.html,"Натяжные потолки в спальне - Компания ""Вертикальная линия""",listing-or-page,,,Компания Вертикальная линия предлагает производство и установку натяжных потолков в спальне. Портфолио.,articles/69096089f3a5c6ee.md
https://vl63.ru/natyajnye-potolki-vanny.html,natyajnye-potolki-vanny.html,"Натяжные потолки в ванную. Компания ""Вертикальная линия""",listing-or-page,,,"Компания Вертикальная линия предлагает самый практичный вариант отделки потолка для ванной комнаты - натяжной потолок. Узнайте, как выгодно заказать и получить минимальную цену!",articles/a4754cca1f3e65b5.md
https://vl63.ru/natyajnye-potolki-prihojie.html,natyajnye-potolki-prihojie.html,"Идеи для натяжного потолка в прихожей от компании ""Вертикальная линия""",listing-or-page,,,Компания Вертикальная линия советует установить натяжные потолки в прихожих и коридорах в составе заказа с жилыми комнатами. Выбери дизайн потолка по фото!,articles/21c00bfab4b5a583.md
https://vl63.ru/natyajnye-potolki-basseyni.html,natyajnye-potolki-basseyni.html,"Натяжные потолки в бассейне - Компания ""Вертикальная линия""",listing-or-page,,,Компания Вертикальная линия предлагает производство и установку натяжных потолков в бассейне. Портфолио.,articles/df49ad7853bcf1f8.md
https://vl63.ru/natyajnye-potolki-mnogoyrovnevie.html,natyajnye-potolki-mnogoyrovnevie.html,2-уровневые натяжные потолки с простым перегибом вверх.,listing-or-page,,,Многоуровневые натяжные потолки в различных вариантах исполнения по оптимальным ценам предлагает компания Вертикальная линия из Тольятти. Создайте свой индивидуальный проект для интерьера дома! Наши фото помогут Вам определиться с дизайном.,articles/a61e5b137bcbcb3d.md
https://vl63.ru/natyajnye-potolki-volna.html,natyajnye-potolki-volna.html,"Натяжные потолки волна - Компания ""Вертикальная линия""",listing-or-page,,,Компания Вертикальная линия предлагает производство и установку натяжных потолков - волна. Портфолио.,articles/537d9c07cc75f9fb.md
https://vl63.ru/natyajnye-potolki-zvezdnoe-nebo.html,natyajnye-potolki-zvezdnoe-nebo.html,1 вариант. Звездное небо на натяжном потолке с проколом пленки .,listing-or-page,,,"Компания Вертикальная линия выполнит качественную установку натяжных потолков со звездным небом, северным сиянием и прочими эффектами. Посмотрите наши фото и видео при выключенном свете!",articles/e1fc3255c1ec4762.md
https://vl63.ru/natyajnye-potolki-kypol.html,natyajnye-potolki-kypol.html,"Натяжные потолки купол - Компания ""Вертикальная линия""",listing-or-page,,,Фирма Вертикальная линия предлагает производство и установку натяжных потолков в виде купола. Портфолио.,articles/ddb9636d9c6d9ab6.md
https://vl63.ru/mansardnie-okna.html,mansardnie-okna.html,"Мансардный потолок - Компания ""Вертикальная линия""",listing-or-page,,,Компания Вертикальная линия предлагает производство и установку мансардных натяжных потолков. Портфолио.,articles/8c45b5afd7af487b.md
https://vl63.ru/natyajnye-potolki-konys.html,natyajnye-potolki-konys.html,"Натяжные потолки конус - Компания ""Вертикальная линия""",listing-or-page,,,Компания Вертикальная линия спроектирует и установит вам необычный натяжной потолок в форме конуса. Все удивятся!,articles/4d18b1ce2b792fb5.md
https://vl63.ru/3d-potolki.html,3d-potolki.html,"Натяжные потолки 3d - Компания ""Вертикальная линия""",listing-or-page,,,"Компания Вертикальная линия предлагает натяжные потолки 3d. Смотрите на фото, какие они необычные!",articles/bc5fd39d33d17fdc.md
https://vl63.ru/fotopechat.html,fotopechat.html,"Натяжные потолки с фотопечатью - Компания ""Вертикальная линия""",listing-or-page,,,Компания Вертикальная линия предлагает нанести на натяжные потолки фотопечать по оптимальной цене.,articles/864254da2b409d6f.md
https://vl63.ru/svetovye.html,svetovye.html,"Световые натяжные потолки - Компания ""Вертикальная линия""",listing-or-page,,,Компания Вертикальная линия производит проектирование и монтаж световых натяжных потолков. Светящийся натяжной потолок может стать главным источником света в помещении. Портфолио.,articles/95291069cb0e07d9.md
https://vl63.ru/arka.html,arka.html,"Натяжные потолки арка - Компания ""Вертикальная линия""",listing-or-page,,,Компания Вертикальная линия предлагает устройство натяжных потолков в виде арки. Фото.,articles/0d5f2e8149f11f77.md
https://vl63.ru/fakturnye.html,fakturnye.html,Замшевые натяжные потолки .,listing-or-page,,,Компания Вертикальная линия предлагает изготовить по индивидуальному проекту и установить фактурные натяжные потолки в интерьер Вашего дома и квартиры. Смотрите фото и видео наших работ и выбирайте понравившуюся фактуру!,articles/00851b68e80aff88.md
https://vl63.ru/kombinirovannye.html,kombinirovannye.html,Спаять пленку натяжного потолка разного цвета.,listing-or-page,,,Компания Вертикальная линия предлагает производство и установку комбинированных натяжных потолков. Портфолио.,articles/b98a02ad0ac6692b.md
https://vl63.ru/paryashchie.html,paryashchie.html,"Парящие натяжные потолки - Компания ""Вертикальная линия""",listing-or-page,,,"Компания Вертикальная линия предлагает установить парящий натяжной потолок, как на наших фото.",articles/0712ce79878ebffd.md
https://vl63.ru/reznye.html,reznye.html,"Резные натяжные потолки - Компания ""Вертикальная линия""",listing-or-page,,,Компания Вертикальная линия предлагает производство и установку резных натяжных потолков. Портфолио.,articles/56c69bef8cfe24b5.md
https://vl63.ru/polzovatelskoe-soglashenie.html,polzovatelskoe-soglashenie.html,Пользовательское соглашение,joomla-article,,,"Заказать качественные натяжные потолки по низкой цене, грамотно сделать монтаж полотен сложных форм, найти нужный цвет плёнки из экологически безопасного ПВХ, подобрать фактуру полотна к дизайну и стилю интерьера квартиры, дома, коттеджа помогут наши публикации, фото, картинки, каталоги и схемы.",articles/a0466be6eaecf698.md
https://vl63.ru/politika-konfidentsialnosti.html,politika-konfidentsialnosti.html,Политика конфиденциальности,joomla-article,,,"Заказать качественные натяжные потолки по низкой цене, грамотно сделать монтаж полотен сложных форм, найти нужный цвет плёнки из экологически безопасного ПВХ, подобрать фактуру полотна к дизайну и стилю интерьера квартиры, дома, коттеджа помогут наши публикации, фото, картинки, каталоги и схемы.",articles/caf8970cb81c8c15.md
https://vl63.ru/fotogalereya.html,fotogalereya.html,"Портфолио, натяжные потолки фото",k2-item,51,,Компания Вертикальная линия. Натяжные потолки. Портфолио. Тольятти.,articles/2d543aa634a6b2c6.md
https://vl63.ru/akziiya.html,akziiya.html,"Натяжные потолки акции и скидки в Самаре, Тольятти и Сызрани",k2-item,52,,"Акции на натяжные потолки от компании Вертикальная линия - редкие, но выгодные для заказчиков! Не пропустите даты проведения!",articles/9309ac0a2b7782b6.md
https://vl63.ru/katalog_cvetov_plenki/bel-mat.html,katalog_cvetov_plenki/bel-mat.html,Матовые натяжные потолки,k2-item,189,,Натяжные потолки Тольятти. Закажите натяжной потолок в компании Вертикальная линия.,articles/a18fb68780a3749e.md
https://vl63.ru/katalog_cvetov_plenki/bel-satin.html,katalog_cvetov_plenki/bel-satin.html,Сатиновые натяжные потолки,k2-item,190,,"Натяжные потолки Тольятти. Белый сатин, фото, описание. Компания Вертикальная линия. Он-лайн заказ.",articles/ed4b79a600a71e12.md
https://vl63.ru/katalog_cvetov_plenki/potolok100.html,katalog_cvetov_plenki/potolok100.html,"Голубой цвет натяжного потолка №100, лаковые натяжные потолки Тольятти",k2-item,91,,Немецкая цветная лаковая пленка Лакфолие голубая № 100,articles/81267f97f7f7c41e.md
https://vl63.ru/katalog_cvetov_plenki/501.html,katalog_cvetov_plenki/501.html,"Цвет натяжного потолка № 501, натяжные потолки Тольятти",k2-item,110,,Заказать натяжной потолок.Глянцевый натяжной потолок. Фото. Описание. Натяжные потолки Тольятти,articles/4aa09d83af8da049.md
https://vl63.ru/katalog_cvetov_plenki/652.html,katalog_cvetov_plenki/652.html,"Цвет натяжного потолка № 652, натяжные потолки Тольятти",k2-item,120,,Заказать натяжной потолка. Зеленый натяжной потолок. Фото. Описание. Натяжные потолки Тольятти,articles/c0d8daef8c48c1c9.md
https://vl63.ru/katalog_cvetov_plenki/110.html,katalog_cvetov_plenki/110.html,"Светло-голубой цвет пленки № 110, цветные лаковые натяжные потолки Тольятти",k2-item,191,,Выбор цвета натяжного потолка. Светло-голубая глянцевая пленка немецкого производства. Фото в интерьере. Описание.,articles/372c34860d026fd9.md
https://vl63.ru/katalog_cvetov_plenki/311.html,katalog_cvetov_plenki/311.html,"Цвет натяжного потолка № 311, натяжные потолки Тольятти",k2-item,101,,Заказать натяжной потолок. Серый натяжной потолок. Фото. Описание. Натяжные потолки Тольятти,articles/d075676124df42e4.md
https://vl63.ru/katalog_cvetov_plenki/406.html,katalog_cvetov_plenki/406.html,"Цвет натяжного потолка № 406, натяжные потолки Тольятти",k2-item,111,,Заказать натяжной потолок. Персиковый натяжной потолок. Фото. Описание. Натяжные потолки Тольятти,articles/694d92e0108cda6d.md
https://vl63.ru/katalog_cvetov_plenki/644.html,katalog_cvetov_plenki/644.html,"Цвет натяжного потолка № 644, натяжные потолки Тольятти",k2-item,121,,Выбор цвета натяжного потолка. Зеленый глянцевый натяжной потолок. Фото. Описание.,articles/000afc4e2165d78b.md
https://vl63.ru/katalog_cvetov_plenki/104.html,katalog_cvetov_plenki/104.html,"Цвет натяжного потолка № 104, натяжные потолки Тольятти",k2-item,195,,Выбор цвета натяжного потолка. Серо-голубой глянцевый натяжной потолок в интерьере. Фото. Описание.,articles/d2ac59b3efaee79a.md
https://vl63.ru/katalog_cvetov_plenki/511.html,katalog_cvetov_plenki/511.html,"Цвет натяжного потолка № 511, натяжные потолки Тольятти",k2-item,112,,Заказать натяжной потолок. Бежевый глянцевый натяжной потолок. Фото. Описание. Натяжные потолки Тольятти,articles/75e2c08c271a3c90.md
https://vl63.ru/katalog_cvetov_plenki/140.html,katalog_cvetov_plenki/140.html,"Цвет натяжного потолка № 140, натяжные потолки Тольятти",k2-item,196,,Выбор цвета натяжного потолка из пленки ПВХ. Серо-голубой лаковый натяжной потолок. Фото. Описание.,articles/28aef1de45d50177.md
https://vl63.ru/katalog_cvetov_plenki/319.html,katalog_cvetov_plenki/319.html,"Цвет натяжного потолка № 319, натяжные потолки Тольятти",k2-item,102,,Заказать натяжной потолок. Серый глянцевый натяжной потолок. Фото. Описание. Натяжные потолки Тольятти,articles/e233c294e2b45310.md
https://vl63.ru/katalog_cvetov_plenki/160.html,katalog_cvetov_plenki/160.html,"Цвет натяжного потолка № 160, натяжные потолки Тольятти",k2-item,92,,Заказать натяжной потолок. Он-лайн заказ. Фото. Описание. Натяжные потолки Тольятти,articles/f2cbb80cccf54293.md
https://vl63.ru/katalog_cvetov_plenki/555.html,katalog_cvetov_plenki/555.html,Шоколадный цвет натяжного потолка № 555 по немецкому каталогу Lackfolie,k2-item,113,,Выбрать цвет натяжного потолка по каталогу. Лаковая немецкая пленка. Шоколадный оттенок. Фото в интерьере квартир и домов Тольятти.,articles/465cc2490edbaa19.md
https://vl63.ru/katalog_cvetov_plenki/114.html,katalog_cvetov_plenki/114.html,"Синий цвет натяжного потолка № 114, глянцевые натяжные потолки Тольятти",k2-item,93,,Синие лаковые натяжные потолки в интерьере фото. Цвет пленки 114 по немецкому каталогу Лакфоль.,articles/0da2e05ab102b8cf.md
https://vl63.ru/katalog_cvetov_plenki/347.html,katalog_cvetov_plenki/347.html,"Черный цвет натяжного потолка № 347, фото в интерьерах Тольятти",k2-item,103,,Фото черных натяжных потолков из пленки 347 по каталогу Lackfolie (Германия). Черный глянец в интерьере.,articles/790a8fcd186ecc51.md
https://vl63.ru/katalog_cvetov_plenki/120.html,katalog_cvetov_plenki/120.html,"Цвет натяжного потолка № 120, натяжные потолки Тольятти",k2-item,197,,Выбор цвета натяжного потолка  по немецкому каталогу. Синий глянцевый натяжной потолок. Фото. Описание.,articles/569455551c035135.md
https://vl63.ru/katalog_cvetov_plenki/402.html,katalog_cvetov_plenki/402.html,"Цвет натяжного потолка № 402, натяжные потолки Тольятти",k2-item,104,,"Заказать натяжной потолок. Розовый натяжной потолок, цвет № 402. Фото. Описание. Натяжные потолки Тольятти",articles/8852c86b20a2de07.md
https://vl63.ru/katalog_cvetov_plenki/577.html,katalog_cvetov_plenki/577.html,"Цвет натяжного потолка № 577, натяжные потолки Тольятти",k2-item,115,,Заказать натяжной потолок. Темно коричневый натяжной потолок. Фото. Описание. Натяжные потолки Тольятти,articles/f08da929c5e7dfe1.md
https://vl63.ru/katalog_cvetov_plenki/156.html,katalog_cvetov_plenki/156.html,"Цвет натяжного потолка № 156, натяжные потолки Тольятти",k2-item,94,,Заказать натяжной потолок. Цвет -синий натяжной потолок. Фото. Описание. Натяжные потолки Тольятти,articles/af762e626088a655.md
https://vl63.ru/katalog_cvetov_plenki/307.html,katalog_cvetov_plenki/307.html,"Цвет натяжного потолка № 307, натяжные потолки Тольятти",k2-item,116,,Заказать натяжной потолок. Бежевый глянцевый натяжной потолок. Примеры работ. Описание. Натяжные потолки Тольятти,articles/f2c383eaed176544.md
https://vl63.ru/katalog_cvetov_plenki/162.html,katalog_cvetov_plenki/162.html,"Цвет натяжного потолка № 162, натяжные потолки Тольятти",k2-item,95,,Заказать натяжной потолок.Синий глянцевый натяжной потолок. Фото. Описание. Натяжные потолки Тольятти,articles/a014817084684508.md
https://vl63.ru/katalog_cvetov_plenki/180.html,katalog_cvetov_plenki/180.html,"Цвет натяжного потолка № 180, натяжные потолки Тольятти",k2-item,96,,Заказать натяжной потолок. Темно синий натяжной потолок. Фото. Описание. Натяжные потолки Тольятти,articles/3c322f2be132c0a5.md
https://vl63.ru/katalog_cvetov_plenki/476.html,katalog_cvetov_plenki/476.html,"Цвет натяжного потолка № 476, натяжные потолки Тольятти",k2-item,105,,Заказать натяжной потолок. Темно бордовый натяжной потолок. Фото. Описание. Натяжные потолки Тольятти,articles/6b85c334feb1e933.md
https://vl63.ru/katalog_cvetov_plenki/739.html,katalog_cvetov_plenki/739.html,"Цвет натяжного потолка № 739, оранжевые натяжные потолки в интерьере Тольятти",k2-item,117,,Заказать в Тольятти цветной глянцевый натяжной потолок. Оранжевый цвет пленки 739 по каталогу Lackfolie. Фото. Описание.,articles/7a7eb875c4397dbe.md
https://vl63.ru/katalog_cvetov_plenki/201.html,katalog_cvetov_plenki/201.html,"Цвет натяжного потолка № 201, натяжные потолки Тольятти",k2-item,97,,Заказать натяжной потолок. Цвет №201. Фото. Описание. Натяжные потолки Тольятти,articles/4f164fd83380eb0c.md
https://vl63.ru/katalog_cvetov_plenki/478.html,katalog_cvetov_plenki/478.html,"Цвет натяжного потолка № 478, натяжные потолки Тольятти",k2-item,106,,"Перед тем, как заказать цветной лаковый натяжной потолок, посмотрите фото интерьеров с этим цветом полотна! Обязательно посмотрите темно-бордовый цвет пленки!",articles/be99bc5264b3c85d.md
https://vl63.ru/katalog_cvetov_plenki/442.html,katalog_cvetov_plenki/442.html,"Цвет натяжного потолка № 442, натяжные потолки Тольятти",k2-item,107,,Заказать натяжной потолок. Розовый натяжной потолок. Примеры работ. Описание. Натяжные потолки Тольятти,articles/a46c82825ec5ae82.md
https://vl63.ru/katalog_cvetov_plenki/604.html,katalog_cvetov_plenki/604.html,"Цвет натяжного потолка № 604, натяжные потолки Тольятти",k2-item,123,,Выбор цвета натяжного потолка. бирюзовый глянцевый натяжной потолок. Фото. Описание.,articles/819e5c0fc4d202a4.md
https://vl63.ru/katalog_cvetov_plenki/225.html,katalog_cvetov_plenki/225.html,"Цвет натяжного потолка № 225, натяжные потолки Тольятти",k2-item,98,,Заказать натяжной потолок. Компания Вертикальная линия. Фото. Описание. Натяжные потолки Тольятти,articles/aed4599cacc222cb.md
https://vl63.ru/katalog_cvetov_plenki/229.html,katalog_cvetov_plenki/229.html,"Цвет натяжного потолка № 229, натяжные потолки Тольятти",k2-item,99,,Заказать натяжной потолок. Фото. Описание. Натяжные потолки Тольятти,articles/967e1b1f1b6dc69a.md
https://vl63.ru/katalog_cvetov_plenki/507.html,katalog_cvetov_plenki/507.html,"Цвет натяжного потолка № 507, натяжной потолок Тольятти",k2-item,118,,Заказать натяжной потолок. Белый глянцевый натяжной потолок. Фото. Описание. Натяжные потолки Тольятти,articles/314022c487c4f483.md
https://vl63.ru/katalog_cvetov_plenki/303.html,katalog_cvetov_plenki/303.html,"Белый лаковый натяжной потолок, цвет № 303 по каталогу Lackfolie (Германия)",k2-item,310,,Только на нашем сайте можно увидеть интерьеры с натяжными потолками выбранного цвета из каталога пленки Lackfolie (Германия). Смотри фото и выбирай цвет потолка!,articles/819ee7b4b83569ce.md
https://vl63.ru/katalog_cvetov_plenki/490.html,katalog_cvetov_plenki/490.html,"Коричневый цвет натяжного потолка № 490, лаковые натяжные потолки",k2-item,108,,Фото натяжных потолков коричневого цвета №490 по каталогу Lackfolie. Шоколадный оттенок. Интерьеры. Дизайн.,articles/5f885490c0b0727c.md
https://vl63.ru/katalog_cvetov_plenki/707.html,katalog_cvetov_plenki/707.html,"Цвет натяжного потолка № 707, натяжные потолки Тольятти",k2-item,119,,Заказать натяжной потолка. Желтый глянцевый натяжной потолок. Фото. Описание. Натяжные потолки Тольятти,articles/84f57cd287f064ef.md
https://vl63.ru/katalog_cvetov_plenki/333.html,katalog_cvetov_plenki/333.html,"Цвет натяжного потолка № 333, натяжные потолки Тольятти",k2-item,199,,Выбор цвета натяжного потолка. Серые глянцевые натяжные потолки. Фото в интерьере. Описание.,articles/4e7872a732aea873.md
https://vl63.ru/katalog_cvetov_plenki/416.html,katalog_cvetov_plenki/416.html,"Цвет натяжного потолка № 416, натяжные потолки Тольятти",k2-item,109,,Закажите натяжной потолок. Розовый цвет. Номер в каталоге 416.  ,articles/d6d3e53033c52656.md
https://vl63.ru/katalog_cvetov_plenki/227-fiolet-tsvet-plenki-potolka-lackfolie.html,katalog_cvetov_plenki/227-fiolet-tsvet-plenki-potolka-lackfolie.html,"Цвет натяжного потолка № 227, натяжные потолки Тольятти",k2-item,243,,"Фиолетовый лаковый натяжной потолок, цвет 227 по каталогу Lackfolie (Германия). Фото. Описание. Натяжные потолки Тольятти",articles/d67421847e508f92.md
https://vl63.ru/katalog_cvetov_plenki/404.html,katalog_cvetov_plenki/404.html,"Цвет натяжного потолка № 404, натяжные потолки Тольятти",k2-item,125,,Выбор цвета натяжного потолка. Лаковый розовый натяжной потолок. Фото. Описание.,articles/10ed111cd4b2521f.md
https://vl63.ru/katalog_cvetov_plenki/231.html,katalog_cvetov_plenki/231.html,"Цвет натяжного потолка № 231, натяжные потолки Тольятти",k2-item,100,,Заказать натяжной потолок. Глянцевый натяжной потолок. Фото. Описание. Натяжные потолки Тольятти,articles/ac1a28d6b141454c.md
https://vl63.ru/katalog_cvetov_plenki/606.html,katalog_cvetov_plenki/606.html,"Зеленый цвет натяжного потолка № 606, лаковые натяжные потолки Тольятти",k2-item,126,,"Выберите свой натяжной потолок. Зеленый цвет №606 в каталоге Lackfolie немецкого производителя пленки ПВХ ф.""PONGS"". ",articles/88934ddceb594795.md
https://vl63.ru/katalog_cvetov_plenki/573.html,katalog_cvetov_plenki/573.html,"Цвет натяжного потолка № 573, натяжные потолки Тольятти",k2-item,198,,Выбор цвета натяжного потолка. Коричневый глянцевый натяжной потолок. Каталог пленки. Фото. Описание.,articles/8ad46dac49a78c14.md
https://vl63.ru/katalog_cvetov_plenki/733.html,katalog_cvetov_plenki/733.html,"Цвет натяжного потолка №733, натяжные потолки Тольятти",k2-item,200,,Каталог пленки Лакфоли. Выбор цвета натяжного потолка. Желтый глянцевый натяжной потолок. Фото. Описание.,articles/2bf9a9343eee2721.md
https://vl63.ru/nashi_raboty/bassein.html,nashi_raboty/bassein.html,"Бассейн ""Альтер Эго""",k2-item,37,,"Натяжной потолок над чашей 25-метрового бассейна в ""Альтер Эго"" ул.Карбышева, 2 разбит на три части для возможности монтажа. Единое полотно натянуть н...",articles/554816beb351dd83.md
https://vl63.ru/nashi_raboty/park_otel.html,nashi_raboty/park_otel.html,Парк-отель,k2-item,46,,"Гостиничный комплекс ""Парк-отель"" (ул. Комзина, 6, Тольятти, Самарская обл.) Натяжные потолки в гостиничных номерах установлены компанией ""Вертикальна...",articles/042247f9d55bd521.md
https://vl63.ru/nashi_raboty/sportzal_slon.html,nashi_raboty/sportzal_slon.html,"Натяжные потолки в спортивном зале ФОК ""СЛОН"" Тольятти",k2-item,305,,"Синие лаковые натяжные потолки в спортивном зале СК ""СЛОН"" г.Тольятти",articles/741e03016d6d1cce.md
https://vl63.ru/nashi_raboty/magazin_marusya.html,nashi_raboty/magazin_marusya.html,Магазин Маруся,k2-item,47,,"Натяжной потолок в торговом зале магазина ""Маруся"" (Тольятти, ул.Чайкиной, 67) был изготовлен и установлен компанией ""Вертикальная линия"" из лаковой ф...",articles/c3a7c850a53040eb.md
https://vl63.ru/nashi_raboty/salon_sekrety_krasoty.html,nashi_raboty/salon_sekrety_krasoty.html,Салон Секреты Красоты,k2-item,48,,"Дизайн салона красоты с натяжными потолками, разработанный дизайнером Бутаковым Евгением.",articles/9ef84593b1db79ed.md
https://vl63.ru/nashi_raboty/solyariy_elit_sun.html,nashi_raboty/solyariy_elit_sun.html,Солярий Elit Sun,k2-item,49,,Синий лаковый натяжной потолок в приёмной солярия Elite Sun   View the embedded image gallery online at: https://vl63.ru/nashi_raboty/solyariy_el...,articles/4ce421f996bbce28.md
https://vl63.ru/nashi_raboty/klinika_samara.html,nashi_raboty/klinika_samara.html,Холл клиники самарского государственного мед.университета,k2-item,50,,Натяжные потолки от компании Вертикальная линия. Фото выполненных работ: Холл клиники самарского университета.,articles/2f38d49253d017b4.md
https://vl63.ru/news/item/307-v-kompanii-po-natyazhnym-potolkam-ooo-vlt-izmenilis-bankovskie-rekvizity.html,news/item/307-v-kompanii-po-natyazhnym-potolkam-ooo-vlt-izmenilis-bankovskie-rekvizity.html,"В компании по натяжным потолкам ООО ""ВЛТ"" изменились банковские реквизиты",k2-item,307,"Понедельник, 09 Апрель 2018 09:19","Фирма по натяжным потолкам ООО ""Вертикальная линия-Т"" извещает своих клиентов и контрагентов об изменении банковских реквизитов.",articles/bc3d5b19e2ba7286.md
https://vl63.ru/news/item/298-neobychnaya-lyustra-vozduhoochistitel-v-natyazhnom-potolke-na-kuhne-video.html,news/item/298-neobychnaya-lyustra-vozduhoochistitel-v-natyazhnom-potolke-na-kuhne-video.html,Необычная люстра-воздухоочиститель в натяжном потолке на кухне (видео),k2-item,298,"Понедельник, 05 Февраль 2018 11:06","При монтаже натяжного потолка мы столкнулись с необычным изделием. Итальянские дизайнеры поразили своей изобретательностью, встроив внутрь хрустальной люстры воздухоочиститель.",articles/ad56a0957b64e61a.md
https://vl63.ru/news/item/297-chernyj-lakovyj-natyazhnoj-potolok-na-kuhne-v-cherno-belom-interere-doma.html,news/item/297-chernyj-lakovyj-natyazhnoj-potolok-na-kuhne-v-cherno-belom-interere-doma.html,Черный лаковый натяжной потолок на кухне в черно-белом интерьере дома,k2-item,297,"Суббота, 03 Февраль 2018 09:34",Только уверенные в себе люди выбирают дизайн дома с чёрным глянцевым натяжным потолком и другими предметами интерьера! А Вам нравится?,articles/b6674763d1500e31.md
https://vl63.ru/news/item/296-belyj-glyantsevyj-natyazhnoj-potolok-v-odnoj-ploskosti-s-gipsokartonnym-korobom-v-bassejne.html,news/item/296-belyj-glyantsevyj-natyazhnoj-potolok-v-odnoj-ploskosti-s-gips__5939acde4cda.html,Белый глянцевый натяжной потолок в одной плоскости с гипсокартонным коробом в бассейне,k2-item,296,"Четверг, 01 Февраль 2018 13:58",Перед установкой натяжного потолка согласуйте с заказчиком его уровень относительно гипсокартонного короба! Лучше письменно.,articles/bed10edb14fbb6f3.md
https://vl63.ru/news/item/295-fotoplitka-osveschennaya-paryaschim-profilem-natyazhnogo-potolka-v-vannoj.html,news/item/295-fotoplitka-osveschennaya-paryaschim-profilem-natyazhnogo-potolka-v-vannoj.html,"Фотоплитка, освещенная парящим профилем натяжного потолка в ванной.",k2-item,295,"Понедельник, 29 Январь 2018 13:13",Задумка дизайнера по освещению настенного панно с фотоплиткой при помощи профиля парящего натяжного потолка выполнена. Почувствуйте разницу!,articles/49fcbb5e8106dcb7.md
https://vl63.ru/news/item/291-zamena-natyazhnogo-potolka-posle-neudachnyh-popytok-predyduschej-firmy.html,news/item/291-zamena-natyazhnogo-potolka-posle-neudachnyh-popytok-predyduschej-firmy.html,Замена натяжного потолка после неудачных попыток предыдущей фирмы,k2-item,291,"Суббота, 06 Январь 2018 12:14","Наш мастер-класс на видео научит, как правильно  устанавливать натяжные потолки с квадратными ЛЕД панелями!",articles/51a3aa89486597ca.md
https://vl63.ru/news/item/290-belyj-glyantsevyj-natyazhnoj-potolok-s-kartinkoj-romashki-v-spalnyu.html,news/item/290-belyj-glyantsevyj-natyazhnoj-potolok-s-kartinkoj-romashki-v-spalnyu.html,Белый глянцевый натяжной потолок с картинкой ромашки в спальню,k2-item,290,"Четверг, 21 Декабрь 2017 13:06","Чтобы украсить натяжной потолок цветами ромашки, найдите понравившуюся картинку на сайте Шуттерсток, а мы её нанесем на полотно!",articles/c79593cb4f7e7afc.md
https://vl63.ru/news/item/289-natyazhnoj-potolok-v-zhigulevske-razorvalo-iz-za-polomki-plastikovyh-ramok.html,news/item/289-natyazhnoj-potolok-v-zhigulevske-razorvalo-iz-za-polomki-plastikovyh-ramok.html,Натяжной потолок в Жигулевске разорвало из-за поломки пластиковых рамок,k2-item,289,"Среда, 20 Декабрь 2017 13:29","Если бы почаще заходили на наш сайт, тогда может быть смогли бы научиться правильно  устанавливать натяжные потолки!",articles/f761d6d2e34619e5.md
https://vl63.ru/news/item/287-ultrafioletovaya-pechat-kartinki-rozy-na-belom-lakovom-natyazhnom-potolke-v-spalne.html,news/item/287-ultrafioletovaya-pechat-kartinki-rozy-na-belom-lakovom-natyazhnom-potolke-v-spalne.html,Ультрафиолетовая печать картинки розы на белом лаковом натяжном потолке в спальне,k2-item,287,"Четверг, 14 Декабрь 2017 10:54",Эта технология нанесения фотопечати обеспечит яркое насыщенное изображение на глянцевом натяжном потолке! Смотрите фото!,articles/9eadd45fecbf0f2b.md
https://vl63.ru/news/item/283-natyazhnye-potolki-oboznachili-svoyo-prisutstvie-v-tolyatti-v-megasvete-na-avtozavodskom-shosse-10-reklamnymi-vyveskami-na-fasade-zdaniya.html,news/item/283-natyazhnye-potolki-oboznachili-svoyo-prisutstvie-v-tolyatti-v__21150fafe8c6.html,Натяжные потолки обозначили своё присутствие в Тольятти в МегаСВЕТе на Автозаводском шоссе 10 рекламными вывесками на фасаде здания.,k2-item,283,"Среда, 22 Ноябрь 2017 13:30","Реклама - движитель торговли, а яркая рекламная вывеска - магнит для покупателей люстр и натяжных потолков.",articles/4fac1ffe50c0337e.md
https://vl63.ru/news/item/282-kak-spryatali-v-korob-iz-natyazhnogo-potolka-kommunikatsii-v-tualete.html,news/item/282-kak-spryatali-v-korob-iz-natyazhnogo-potolka-kommunikatsii-v-tualete.html,Как спрятали в короб из натяжного потолка коммуникации в туалете,k2-item,282,"Понедельник, 20 Ноябрь 2017 14:34",Необычный способ скрыть канализационные и водопроводные трубы за натяжным потолком. Не так ли?,articles/dd6fc760e195ac3f.md
https://vl63.ru/news/item/279-mnogourovnevye-potolki-s-podsvetkoj-v-nishe-podelili-zony-otdyha-i-kuhni.html,news/item/279-mnogourovnevye-potolki-s-podsvetkoj-v-nishe-podelili-zony-otdyha-i-kuhni.html,Многоуровневые потолки с подсветкой в нише поделили зоны отдыха и кухни,k2-item,279,"Суббота, 11 Ноябрь 2017 09:44","Как думаете, за какой срок можно смонтировать такой двухуровневый натяжной потолок со светодиодной подсветкой?",articles/e023ae11565728b7.md
https://vl63.ru/news/item/275-kompaniya-vertikalnaya-liniya-tsentralnom-rajone-tolyatti.html,news/item/275-kompaniya-vertikalnaya-liniya-tsentralnom-rajone-tolyatti.html,"Компания ""Вертикальная линия"" теперь и в Центральном районе Тольятти!",k2-item,275,"Понедельник, 30 Октябрь 2017 08:14",Всего несколько дней с 4 по 10 ноября 2017 года можно заказать натяжные потолки со скидкой 30%. Успейте купить по выгодной цене!,articles/de490d8bdd77581c.md
https://vl63.ru/news/item/274-novyj-magazin-megasvet-okolo-park-house-toljatti-s-tochkoj-prodazh-natjazhnyh-potolkov.html,news/item/274-novyj-magazin-megasvet-okolo-park-house-toljatti-s-tochkoj-prodazh-natjazhnyh-potolkov.html,"Новый магазин ""МегаСВЕТ"" около ""Парк-Хауса"" с точкой продаж натяжных потолков.",k2-item,274,"Вторник, 17 Октябрь 2017 15:23","Уже видели в Тольятти новое светящееся здание цвета лайма около Парк Хауса? Знаете что в нём? ""Вертикальная линия"" уже там...",articles/6911961a1c4d0d95.md
https://vl63.ru/news/item/272-natjazhnye-potolki-v-magazine-greenspark-v-toljatti.html,news/item/272-natjazhnye-potolki-v-magazine-greenspark-v-toljatti.html,Натяжные потолки в магазине GreenSpark в Тольятти,k2-item,272,"Понедельник, 09 Октябрь 2017 16:33","Кто ещё не закрыл натяжными потолками деревянные перекрытия помещений в торговой галерее ""Багет""? Звоните 408-303!",articles/b134f9148fe1a498.md
https://vl63.ru/news/item/270-utoplena-lusrta-v-natjazhnoj-potolok.html,news/item/270-utoplena-lusrta-v-natjazhnoj-potolok.html,"Как красиво выйти из сложной ситуации, если повредили натяжной потолок рядом с люстрой",k2-item,270,"Вторник, 03 Октябрь 2017 12:19","Во время установки люстры проткнули натяжной потолок. Смотрите, как можно решить проблему!",articles/543a128bc8115c55.md
https://vl63.ru/news/item/266-3d-stratch-ceiling-togliatty-planeta-plitka.html,news/item/266-3d-stratch-ceiling-togliatty-planeta-plitka.html,"Натяжной 3д потолок в магазине плитки в Тольятти ""Планета плитка"" на Тополиной 4а",k2-item,266,"Суббота, 12 Август 2017 08:33",Такой необычный натяжной потолок 3d вы ещё не видели!!,articles/930992055a54e181.md
https://vl63.ru/news/item/265-manager-stratch-ceiling-togliatty-city.html,news/item/265-manager-stratch-ceiling-togliatty-city.html,Новый менеджер по натяжным потолкам в ТЦ МегаСТРОЙ на Громовой 33,k2-item,265,"Вторник, 01 Август 2017 12:10","Не проспите выгодные акции по натяжным потолкам от компании ""Вертикальная линия"" в ""МегаСтрое"" на Громовой 33!",articles/cf72793b07d1bfe8.md
https://vl63.ru/news/item/262-stratch-ceiling-flower-shop-togliatty-city.html,news/item/262-stratch-ceiling-flower-shop-togliatty-city.html,Натяжные потолки в цветочном магазине Орхидея в Тольятти. Фото отчет.,k2-item,262,"Вторник, 06 Июнь 2017 14:14","Новости от компании ""Вертикальная линия"" об открытии в Тольятти нового магазина цветов ""Орхидея"" в торговой галерее ""Багет"", установлены  белые лаковые натяжные потолки. Фото отчет о проделанной работе.",articles/387c884ae7ee0e00.md
https://vl63.ru/news/item/261-natjazhnye-potolki-v-beer-time-toljatti.html,news/item/261-natjazhnye-potolki-v-beer-time-toljatti.html,Натяжные потолки в пивном магазине Beer Time в торговой галерее Багет Тольятти,k2-item,261,"Пятница, 02 Июнь 2017 08:15","В открывшемся в Тольятти магазине Beer Time в новой торговой галерее Baguette установлены  компанией ""Вертикальная линия"" белые лаковые натяжные потолки. Фото отчет о проделанной работе.",articles/e8c412017a0cb539.md
https://vl63.ru/news/item/258-natjazhnye-potolki-pvc-na-neotaplivaemoj-dache.html,news/item/258-natjazhnye-potolki-pvc-na-neotaplivaemoj-dache.html,Натяжные потолки из плёнки ПВХ на неотапливаемой даче в Ермаковское,k2-item,258,"Четверг, 25 Май 2017 08:24","Можно ли ставить натяжные потолки из виниловой плёнки на неотапливаемых дачах, выдержит ли мороза натяжной потолок из плёнки ПВХ? На волнующий многих вопрос ответят специалисты компании ""Вертикальная линия"" из Тольятти.",articles/ae1ef2341b1fb679.md
https://vl63.ru/news/item/254-svetjashijsja-natjazhnoj-potolok-v-beautystudio-toljatti.html,news/item/254-svetjashijsja-natjazhnoj-potolok-v-beautystudio-toljatti.html,"Светящийся потолок из полупрозрачной пленки в Студии красоты ""Luck"" в Тольятти",k2-item,254,"Пятница, 12 Май 2017 10:55","Световой натяжной потолок из транслюцентной пленки в новой мужской парикмахерской ""Luck"" в Тольятти.",articles/0a5c9256912f8bd2.md
https://vl63.ru/news/item/251-natjazhnoj-potolok-v-zhigulevske-kombinatsyja-faktury-oblaka-foto.html,news/item/251-natjazhnoj-potolok-v-zhigulevske-kombinatsyja-faktury-oblaka-foto.html,"Натяжной потолок в Жигулевске, комбинация фактуры облака с фотопечатью",k2-item,251,"Четверг, 20 Апрель 2017 12:23","Комбинированные натяжные потолки через разделительный профиль из фактуры ""облака"" и вставки фотопечати с картинкой голубей на дневном облачном небе.",articles/47cd8f4e8876016d.md
https://vl63.ru/news/item/249-natjazhnoj-potolok-spas-detej-ot-obrushivshihsja-plit-perekrytij-cherdaka.html,news/item/249-natjazhnoj-potolok-spas-detej-ot-obrushivshihsja-plit-perekrytij-cherdaka.html,Натяжной потолок спас детей от обрушившихся плит перекрытий чердака.,k2-item,249,"Среда, 01 Март 2017 10:17",Очередное доказательство прочности пленки ПВХ и практичности виниловых натяжных потолков.,articles/1325e458e8c27cf0.md
https://vl63.ru/news/item/248-2-urovnevyj-natjazhnoj-potolok-so-svetodidnoj-podsvetkoj-linii-peregiba-rgb-lentoj.html,news/item/248-2-urovnevyj-natjazhnoj-potolok-so-svetodidnoj-podsvetkoj-linii-peregiba-rgb-lentoj.html,Двухуровневый натяжной потолок со светодиодной подсветкой линии перегиба RGB-лентой.,k2-item,248,"Понедельник, 27 Февраль 2017 08:58","А знаете ли Вы, на сколько дорого обойдутся многоуровневые натяжные потолки по сравнению с обычными плоскими? Спросите по телефону +7(8482)503-206!",articles/25ecce9bdf357938.md
https://vl63.ru/news/item/245-svetovoj-potolok-vzamen-lustr-firm-po-natjazhnym-potolkam-toljatti.html,news/item/245-svetovoj-potolok-vzamen-lustr-firm-po-natjazhnym-potolkam-toljatti.html,Световой потолок взамен люстры от фирмы по натяжным потолкам в Тольятти.,k2-item,245,"Понедельник, 20 Февраль 2017 14:45","Фирма по натяжным потолкам Вертикальная линия устанавливает световые натяжные потолки, способные заменить люстру.",articles/b6ea8432de2bd6be.md
https://vl63.ru/news/item/241-montage-3d-natjazhnogo-potolka-toljatti-povolgeskij-foto-nebo.html,news/item/241-montage-3d-natjazhnogo-potolka-toljatti-povolgeskij-foto-nebo.html,Монтаж 3D потолка в Тольятти (Поволжский) с фотопечатью неба.,k2-item,241,"Вторник, 10 Январь 2017 18:54",Фирма по натяжным потолкам Вертикальная линия устанавливает 3d натяжные потолки в виде панорамной крыши и облачного дневного неба.,articles/2505f06746d96c2d.md
https://vl63.ru/news/item/240-skidka-natjazhnye-potolki-novyj-2017-god.html,news/item/240-skidka-natjazhnye-potolki-novyj-2017-god.html,Новогодняя скидка на натяжные потолки в Тольятти,k2-item,240,"Вторник, 27 Декабрь 2016 15:23",Фирма по натяжным потолкам Вертикальная линия объявляет последнюю акцию в уходящем 2016 году - Новогодняя скидка 30%,articles/6e9ed749bbac3b79.md
https://vl63.ru/news/item/230-usranena-protechka-s-natagnogo-potolka.html,news/item/230-usranena-protechka-s-natagnogo-potolka.html,Устранили очередную протечку с натяжного потолка после проливного дождя в Тольятти.,k2-item,230,"Понедельник, 07 Ноябрь 2016 15:03","Как удаляли воду с натяжного потолка специалисты тольяттинской фирмы  ""Вертикальная линия"" после обильных ливней.",articles/009aff3fd6f64009.md
https://vl63.ru/news/item/229-remont-v-megastroe-okolo-natagnyh-potolkov.html,news/item/229-remont-v-megastroe-okolo-natagnyh-potolkov.html,Ремонт в ТЦ МегаСТРОЙ около павильона натяжных потолков Вертикальная линия,k2-item,229,"Понедельник, 07 Ноябрь 2016 11:47",Фирма по натяжным потолкам в Тольятти - Вертикальная линия в ТЦ МегаСТРОЙ на Громовой 33.,articles/9c36ef39058c53db.md
https://vl63.ru/news/item/228-aktsija-natjazhnye-potolki-lada-sedan-baklazhan.html,news/item/228-aktsija-natjazhnye-potolki-lada-sedan-baklazhan.html,"Акция на натяжные потолки автовладельцам LADA седан цвета ""баклажан""",k2-item,228,"Четверг, 03 Ноябрь 2016 14:01","Фирма по натяжным потолкам Вертикальная линия проводит акцию - подарок заказчикам натяжных потолков, владеющим автомобилем LADA седан цвета баклажан.",articles/ce31098869f4ef1b.md
https://vl63.ru/news/item/227-natjazhnye_potolki_v_mansarde_so_vtorym_svetom.html,news/item/227-natjazhnye_potolki_v_mansarde_so_vtorym_svetom.html,"Натяжные потолки в мансарде со ""вторым светом"" в доме на берегу Волги",k2-item,227,"Суббота, 22 Октябрь 2016 10:03","Компания по натяжным потолкам ""Вертикальная линия"" благодарит за сотрудничество архитектурное бюро BONA и строителей-отделочников из дружественной Сербии.",articles/7141d8dcf8df029a.md
https://vl63.ru/news/item/221-max_shirina_potolka_bez_shva.html,news/item/221-max_shirina_potolka_bez_shva.html,"Натяжной потолок натянули на 5,7-метровую ширину без шва!",k2-item,221,"Вторник, 20 Сентябрь 2016 14:59","В бассейне с габаритными размерами 5,7х8,3 метра площадью 47 квадратных метров установлен бесшовный натяжной потолок под наклоном относительно горизон...",articles/2a8b011549531de5.md
https://vl63.ru/news/item/218-novie-potolki.html,news/item/218-novie-potolki.html,Новые образцы натяжных потолков,k2-item,218,"Среда, 27 Июль 2016 08:36","В павильоне компании Вертикальная линия рядом со входом в ТЦ ""Мегастрой"" г.Тольятти ул.Громовой 33 выставлены новые образцы натяжных потолков, среди к...",articles/93241fbc70079f7d.md
https://vl63.ru/news/item/209-21.html,news/item/209-21.html,Новость из ТЦ МегаСТРОЙ,k2-item,209,"Понедельник, 23 Май 2016 10:26","После реконструирования ТЦ МегаСТРОЙ на улице У.Громовой, 33 павильон Компании Вертикальная линия немного изменился и переместился из ""СТРОЙного ряда""...",articles/3e8cd260c9b4ec01.md
https://vl63.ru/news/item/207-21.html,news/item/207-21.html,"Натяжные потолки, облака",k2-item,207,"Вторник, 12 Апрель 2016 10:35","И снова изменение фактуры! Натяжные потолки облака стали совсем как настоящие. Закажите в компании Вертикальная линия""!",articles/5f89829f711eda0b.md
https://vl63.ru/news/item/186-21.html,news/item/186-21.html,"День Рождения ООО ""Вертикальная линия""! 10 лет.",k2-item,186,"Суббота, 11 Июль 2015 00:00","Фирма по натяжным потолкам в Тольятти ""Вертикальная линия"" отмечает 11 июля 2015 года свой 10-летний Юбилей со дня открытия организации.",articles/f4096b4c2e45745c.md
https://vl63.ru/news/item/185-22.html,news/item/185-22.html,"Открытие бара ""СУШКА""",k2-item,185,,"08.10.2013 года, в нашем городе празднуем открытие нового сушибара ""Sush-ka"" в Развлекательном центре ""Мадагаскар"" на улице Л.Яшина, 14!Теперь ""Sush-k...",articles/34a9874b1f44b6d0.md
https://vl63.ru/news/item/184-23.html,news/item/184-23.html,Звездное небо в офисе на Ворошилова 32а,k2-item,184,,Офис Компании Вертикальная линия предлагает посмотреть невероятный эффект потолков звездного неба.,articles/56ff1361603f1cdc.md
https://vl63.ru/news/item/183-24.html,news/item/183-24.html,Закажите дешевые натяжные потолки,k2-item,183,,"Если и переплатите за натяжные потолки, то только за качество и длительные гарантии. Узнайте, где дешево и качественно одновременно!",articles/e46339b0969fc520.md
https://vl63.ru/news/item/182-25.html,news/item/182-25.html,"Бассейн в ""Альтер Эго"" с натяжными потолками с напечатанным фотоизображением неба с облаками.",k2-item,182,,"Бассейн с натяжными потолками с изображением неба с облаками. установленными компанией ""Вертикальная линия"" в спортивном комплексе ""Альтер Эго"" в Тольятти.",articles/37b84876af7a0140.md
https://vl63.ru/news/item/181-26.html,news/item/181-26.html,Скидка до 50%,k2-item,181,,"Следите за скидками фирмы по натяжным потолкам в Тольятти ""Вертикальная линия""! Чем больше комнат решите затянуть плёнкой, тем большую скидку получите.",articles/e4d477f80488a025.md
https://vl63.ru/news/item/180-27.html,news/item/180-27.html,Обратите внимание на банковские реквизиты!,k2-item,180,,"30.05.2014 Изменены банковские реквизиты, новые реквизиты в разделе Контакты ",articles/4f4cc4c4423809c4.md
https://vl63.ru/news/item/179-29.html,news/item/179-29.html,"День Рождения ООО ""Вертикальная линия""! 9 лет.",k2-item,179,,"Как быстро пролетели годы с того времени, как открылась фирма по натяжным потолкам в Тольятти с названием ""Вертикальная линия""! Минуло 9 лет со дня открытия.",articles/48a8006711ce509e.md
https://vl63.ru/news/item/178-29.html,news/item/178-29.html,"Поздравляем ТЦ ""МегаСтрой"" !",k2-item,178,,23.07.2014 От всего сердца поздравляем с юбилеем! ,articles/558af5177570ab85.md
https://vl63.ru/nashi_raboty/vega.html,nashi_raboty/vega.html,"Новый натяжной потолок в ТЦ ""Арбуз"" Тольятти",k2-item,177,,"Оцените идеально ровные линии 2 уровневого натяжного потолка со светодиодной подсветкой внутреннего контура в дополнительном офисе компании ""Вертикальная линия"" в ТЦ ""Арбуз""!",articles/66f7cf565391c1c9.md
https://vl63.ru/nashi_raboty/detskiy_sad.html,nashi_raboty/detskiy_sad.html,"Новый потолок в ТЦ ""МегаСтрой""",k2-item,176,,"13.10.2014 Новый потолок позволяет показать потенциальным заказчикам возможности компании ""Вертикальная линия"" по устройству многоуровневых потолков и...",articles/0923650d16cadee7.md
https://vl63.ru/news/item/175-32.html,news/item/175-32.html,Натяжной потолок-люстра!,k2-item,175,,Натяжной потолок в виде круглой многоярусной люстры со светильниками и светодиодной подсветкой заменит люстру и станет основным источником света.,articles/05469f36daaf3410.md
https://vl63.ru/news/item/174-33.html,news/item/174-33.html,"Мы в ""Одноклассниках""!",k2-item,174,,"Создана группа в социальной сети ""Одноклассники"" по натяжным потолкам, созданной фирмой ""Вертикальная линия"".",articles/80aa67b0291b3f50.md
https://vl63.ru/news/item/173-34.html,news/item/173-34.html,"Мы ""Вконтакте""!",k2-item,173,,"27.11.2014 Группа ""Натяжные потолки VL63.ru"" теперь ""Вконтакте""!Получайте свежие новости, новые фото и видео, массу полезных и нужных советов от компа...",articles/91f998678b38fc5b.md
https://vl63.ru/news/item/172-35.html,news/item/172-35.html,Мы - в Facebook!,k2-item,172,,"07.12.2014 Всё, что вы не смогли узнать на сайте VL63.ru или найти в Интернете, теперь в нашей группе в Facebook!Присоединяйтесь к группе по натяжным...",articles/b715da40466f2e48.md
https://vl63.ru/news/item/171-36.html,news/item/171-36.html,"Акция ""Больше комнат - больше скидок""!!!",k2-item,171,,"Большие скидки в Тольятти по натяжным потолкам в зависимости от количества помещений предоставляет компания ""Вертикальная линия"". Узнайте подробности!",articles/b2dde68a8c39e937.md
https://vl63.ru/news/item/170-37.html,news/item/170-37.html,"Специальное предложение для новосёлов ""Лада-Дом""",k2-item,170,,"13.08.2015 Специальное предложение для новосёлов ""Лада-Дом"" ",articles/5ee0d27d39ce419c.md
https://vl63.ru/news/item/169-39.html,news/item/169-39.html,"Акция в ""МегаСтрой""",k2-item,169,,"21.10.2015 Компания ""Вертикальная линия"" присоединяется к условиям акции ТЦ ""МегаСтрой""и предоставляет скидку 21% на натяжные потолки. ",articles/42604cdbe2a77fa3.md
https://vl63.ru/news/item/168-39.html,news/item/168-39.html,Скидка 30% на натяжные потолки в Тольятти,k2-item,168,,"Кто же станет теми тремя счастливчиками, которым выпадет удача получить на Новый 2016 год максимальную скидку за натяжные потолки?!",articles/7af4d4f94764767d.md
https://vl63.ru/news/item/166-16.html,news/item/166-16.html,"Преимущества ""Вертикальной линии""",k2-item,166,,"Создайте им трудности, закажите сложные натяжные потолки в компании ""Вертикальная линия""! Пусть помучаются!",articles/061a2e91e327274d.md
https://vl63.ru/news/item/165-17-vertikalnaya-liniya-megastroj-gromovoj-33.html,news/item/165-17-vertikalnaya-liniya-megastroj-gromovoj-33.html,"""Вертикальная линия""- в ТЦ ""МегаСтрой"" на Громовой 33!",k2-item,165,,"Зайдите в центральную дверь магазина ""Мебель. Интерьер"", поверните голову налево и увидите наш  торговый павильон. ",articles/1a3c0c1fa08a1c0d.md
https://vl63.ru/news/item/164-19.html,news/item/164-19.html,Внимание! Акция! Натяжные потолки со скидкой до 57%,k2-item,164,,БИГЛИОН отдыхает с такими большими скидками на натяжные потолки!,articles/8f7030a905a445c1.md
https://vl63.ru/news/item/163-19.html,news/item/163-19.html,"""Вертикальная линия"" - в ТЦ ""Арбуз""!",k2-item,163,,"Компания ""Вертикальная линия"" снова в торговом центре ""Арбуз"". Звоните 744-100 !",articles/edbb821410ecbee3.md
https://vl63.ru/news/item/162-20.html,news/item/162-20.html,"Взрывы газовых баллонов не возможны в компании ""Вертикальная линия""",k2-item,162,,"11.01.2013 Компания ""Вертикальная линия"" использует для производства натяжных потолков только качественную пленку проверенных производителей и применя...",articles/07079a1229331452.md
https://vl63.ru/news/item/161-5.html,news/item/161-5.html,Французские натяжные потолки,k2-item,161,,"Французские натяжные потолки в Самаре и Тольятти можно заказать в компании «Вертикальная линия». Нашими клиентами являются как частные лица, так и орг...",articles/94a610367ba3f68c.md
https://vl63.ru/news/item/160-4.html,news/item/160-4.html,Цвета натяжных потолков,k2-item,160,,"Если вы решили установить натяжные потолки в Самаре или Тольятти, обращайтесь в компанию ""Вертикальная линия""! Компания ""Вертикальная линия"" имеет бог...",articles/5ed810b57a87bcb3.md
https://vl63.ru/news/item/159-tsvetovaya-gamma-natyazhnyh-potolkov.html,news/item/159-tsvetovaya-gamma-natyazhnyh-potolkov.html,Цветовая гамма натяжных потолков,k2-item,159,,Прочитайте наши рекомендации по выбору цвета натяжного потолка в помещении. Цветовая гамма — огромна. Поэтому принять окончательное решение достаточно...,articles/5c5fa3921eb8a38b.md
https://vl63.ru/news/item/158-7.html,news/item/158-7.html,Форма натяжного потолка,k2-item,158,,"Натяжные потолки как и одежда выкраиваются нужных размеров и формы. Установить их можно тоже не только горизонтально, но и под любым углом.",articles/6cfa0fa4f5720839.md
https://vl63.ru/news/item/157-8.html,news/item/157-8.html,5-летие компании Вертикальная линия,k2-item,157,,"11.07.2010 Сегодня компания ""Вертикальная линия"" отметила свою 5-ую годовщину с момента открытия в Тольятти! ",articles/09c5f2775224eb21.md
https://vl63.ru/news/item/156-9.html,news/item/156-9.html,Закончен ремонт в Тольятинском офисе на Ворошилова,k2-item,156,,"15.07.2010 Благодарим всех наших партнеров за оказанную помощь в ремонте: компанию ""Небесная лаборатория"" за красивую и практичную декоративную штукат...",articles/ae8933e48005cce3.md
https://vl63.ru/news/item/155-3.html,news/item/155-3.html,Усиленный багет по ценам облегченного!,k2-item,155,,"09.08.2010 Компания ""Вертикальная линия"" не рекомендует использовать облегченный алюминиевый багет в связи с его существенными недостатками (выгибает...",articles/311504f198366ee2.md
https://vl63.ru/news/item/154-2.html,news/item/154-2.html,Французские натяжные потолки,k2-item,154,,04.05.2010 Как сделать дизайн помещения стильным и необычным при помощи декорирования потолка? Отличным вариантом являются натяжные потолки. Возможнос...,articles/6d3ab5b8d1ac827f.md
https://vl63.ru/news/item/153-1.html,news/item/153-1.html,"Натяжные потолки компании ""Вертикальная линия"" из Тольятти",k2-item,153,,"Дизайнеры! Архитекторы! Строители! Давайте знакомиться! Компания ""Вертикальная линия"" по натяжным потолкам.",articles/a2003cfd3a1d6d77.md
https://vl63.ru/news/item/34-aktsii.html,news/item/34-aktsii.html,Весомая скидка 30 процентов на натяжные потолки в Тольятти всего один день,k2-item,34,,"Описание акций, проводимых компанией по натяжным потолкам - ""Вертикальная линия"". Скидки, выгодные цены, предложения.",articles/7f8aa297caa9b3d7.md
https://vl63.ru/ustanovka_natyajnyh_potolkov.html,ustanovka_natyajnyh_potolkov.html,Установка натяжных потолков,k2-item,130,,"Закажите установку натяжного потолка в компании ""Вертикальная линия"". Звоните +7 (8482)408-330 либо отправьте заявку на сайте.",articles/5eeb79590f04dae3.md
https://vl63.ru/rekomendacii/item/234-raschet-kolichestva-svetilnikov-v-natjazhnoi-potolok.html,rekomendacii/item/234-raschet-kolichestva-svetilnikov-v-natjazhnoi-potolok.html,Как рассчитать необходимое количество светильников в натяжной потолок,k2-item,234,,Нормы освещенности и расчет освещения и количества потолочных светильников в комнаты различного назначения.,articles/00553569f86893af.md
https://vl63.ru/rekomendacii/item/235-raspolozhit-svetilniki-natjazhnom-potolke.html,rekomendacii/item/235-raspolozhit-svetilniki-natjazhnom-potolke.html,Как красиво расположить точечные светильники на натяжном потолке,k2-item,235,,Схемы расположения встраиваемых точечных светильников и люстр на натяжном потолке в прямоугольном помещении.,articles/2d48b44f30caa978.md
https://vl63.ru/rekomendacii/item/263-na-skolko-opustitsja-natjagnoj-potolok.html,rekomendacii/item/263-na-skolko-opustitsja-natjagnoj-potolok.html,На сколько опускается натяжной потолок,k2-item,263,,"На какое минимальное расстояние опустится натяжной потолок? Что необходимо знать и предусмотреть, чтобы натяжной потолок не занизил высоту помещения.",articles/0d1420bb537565c5.md
https://vl63.ru/rekomendacii/item/231-kak-sprjatat-trubu-dlja-vytjazhki-na-kuhne-za-natjazhnym-potolkom.html,rekomendacii/item/231-kak-sprjatat-trubu-dlja-vytjazhki-na-kuhne-za-natjazhnym-potolkom.html,Как спрятать трубу для вытяжки на кухне под натяжной потолок,k2-item,231,,"Как сделать, чтобы воздуховод для вытяжки на кухне был не виден снаружи? Скрыть его за натяжным потолком...",articles/2011a6a8bf7060d4.md
https://vl63.ru/rekomendacii/item/233-natjazhnoi-potolok-s-nishei-dlja-shtor.html,rekomendacii/item/233-natjazhnoi-potolok-s-nishei-dlja-shtor.html,Натяжной потолок с устройством ниши под скрытый карниз для штор,k2-item,233,,Как установить нишу в натяжном потолке для скрытого размещения карниза для штор и какие она даёт преимущества по сравнению с креплением от стены до стены? Мнение экспертов из Тольятти.,articles/c1620b5734ff4e1e.md
https://vl63.ru/rekomendacii/item/237-probit-elektro-provod-montage-natjazhnoj-potolok.html,rekomendacii/item/237-probit-elektro-provod-montage-natjazhnoj-potolok.html,Если пробили электрическую проводку при монтаже натяжных потолков,k2-item,237,,"Как застраховаться от возможных повреждений скрытых коммуникаций? Что нужно сделать, чтобы при монтаже натяжных потолков не пробили электрические провода?",articles/47d963b3eb34890f.md
https://vl63.ru/rekomendacii/item/253-natjazhnoj-potolok-k-keramogranitu-bez-sverlenija-plitki.html,rekomendacii/item/253-natjazhnoj-potolok-k-keramogranitu-bez-sverlenija-plitki.html,Как закрепить натяжной потолок к керамограниту без сверления плитки,k2-item,253,,"Узнайте секрет фирмы ""Вертикальная линия"" из Тольятти, как легко смонтировать натяжной потолок на керамогранит или мрамор, чтобы не сверлить твёрдую плитку!",articles/d927b3ff688ef438.md
https://vl63.ru/rekomendacii/itemlist/tag/%D0%B1%D0%B0%D0%BB%D0%BA%D0%BE%D0%BD.html,rekomendacii/itemlist/tag/балкон.html,"Как повесить занавески на балконе, если натяжные потолки близко к раме",listing-or-page,,,"Заказать качественные натяжные потолки по низкой цене, грамотно сделать монтаж полотен сложных форм, найти нужный цвет плёнки из экологически безопасного ПВХ, подобрать фактуру полотна к дизайну и стилю интерьера квартиры, дома, коттеджа помогут наши публикации, фото, картинки, каталоги и схемы.",articles/80ec8394110b6aa9.md
https://vl63.ru/rekomendacii/itemlist/tag/%D0%B2%D1%81%D1%82%D1%80%D0%BE%D0%B8%D1%82%D1%8C%20%D0%BF%D0%B5%D1%87%D0%BD%D1%83%D1%8E%20%D1%82%D1%80%D1%83%D0%B1%D1%83.html,rekomendacii/itemlist/tag/встроить печную трубу.html,На сколько безопасно встроить в натяжной потолок стальную трубу дымохода камина,listing-or-page,,,"Заказать качественные натяжные потолки по низкой цене, грамотно сделать монтаж полотен сложных форм, найти нужный цвет плёнки из экологически безопасного ПВХ, подобрать фактуру полотна к дизайну и стилю интерьера квартиры, дома, коттеджа помогут наши публикации, фото, картинки, каталоги и схемы.",articles/a03a36a83d049728.md
https://vl63.ru/rekomendacii/itemlist/tag/%D0%B2%D1%8B%D0%B1%D0%BE%D1%80%20%D1%86%D0%B2%D0%B5%D1%82%D0%B0.html,rekomendacii/itemlist/tag/выбор цвета.html,"Дизайн гостиной, кухни и прихожей, объединеных натяжными потолками двух цветов и фактур в одном уровне",listing-or-page,,,"Заказать качественные натяжные потолки по низкой цене, грамотно сделать монтаж полотен сложных форм, найти нужный цвет плёнки из экологически безопасного ПВХ, подобрать фактуру полотна к дизайну и стилю интерьера квартиры, дома, коттеджа помогут наши публикации, фото, картинки, каталоги и схемы.",articles/334316657cad1d08.md
https://vl63.ru/rekomendacii/itemlist/tag/%D0%B4%D0%B5%D0%BA%D0%BE%D1%80.html,rekomendacii/itemlist/tag/декор.html,Как украсить натяжной потолок декоративным шнуром (кантом) по периметру стен,listing-or-page,,,"Заказать качественные натяжные потолки по низкой цене, грамотно сделать монтаж полотен сложных форм, найти нужный цвет плёнки из экологически безопасного ПВХ, подобрать фактуру полотна к дизайну и стилю интерьера квартиры, дома, коттеджа помогут наши публикации, фото, картинки, каталоги и схемы.",articles/09d4ff9ff5e630ee.md
https://vl63.ru/rekomendacii/itemlist/tag/%D0%B4%D0%B5%D1%80%D0%B5%D0%B2%D1%8F%D0%BD%D0%BD%D1%8B%D0%B5%20%D0%B4%D0%BE%D0%BC%D0%B0.html,rekomendacii/itemlist/tag/деревянные дома.html,На сколько безопасно встроить в натяжной потолок стальную трубу дымохода камина,listing-or-page,,,"Заказать качественные натяжные потолки по низкой цене, грамотно сделать монтаж полотен сложных форм, найти нужный цвет плёнки из экологически безопасного ПВХ, подобрать фактуру полотна к дизайну и стилю интерьера квартиры, дома, коттеджа помогут наши публикации, фото, картинки, каталоги и схемы.",articles/a732f403471b0b17.md
https://vl63.ru/rekomendacii/itemlist/tag/%D0%B7%D0%BE%D0%BD%D0%B8%D1%80%D0%BE%D0%B2%D0%B0%D0%BD%D0%B8%D0%B5.html,rekomendacii/itemlist/tag/зонирование.html,"Дизайн гостиной, кухни и прихожей, объединеных натяжными потолками двух цветов и фактур в одном уровне",listing-or-page,,,"Заказать качественные натяжные потолки по низкой цене, грамотно сделать монтаж полотен сложных форм, найти нужный цвет плёнки из экологически безопасного ПВХ, подобрать фактуру полотна к дизайну и стилю интерьера квартиры, дома, коттеджа помогут наши публикации, фото, картинки, каталоги и схемы.",articles/8b66157ff7f9fa59.md
https://vl63.ru/rekomendacii/itemlist/tag/%D0%BA%D0%B0%D1%87%D0%B5%D1%81%D1%82%D0%B2%D0%B0%20%D0%BD%D0%B0%D1%82%D1%8F%D0%B6%D0%BD%D1%8B%D1%85%20%D0%BF%D0%BE%D1%82%D0%BE%D0%BB%D0%BA%D0%BE%D0%B2.html,rekomendacii/itemlist/tag/качества натяжных потолков.html,Почему не стоит устанавливать натяжной потолок на дешевый пластиковый багет,listing-or-page,,,"Заказать качественные натяжные потолки по низкой цене, грамотно сделать монтаж полотен сложных форм, найти нужный цвет плёнки из экологически безопасного ПВХ, подобрать фактуру полотна к дизайну и стилю интерьера квартиры, дома, коттеджа помогут наши публикации, фото, картинки, каталоги и схемы.",articles/278ce46b81b55dc3.md
https://vl63.ru/rekomendacii/itemlist/tag/%D0%BC%D0%BD%D0%BE%D0%B3%D0%BE%D1%83%D1%80%D0%BE%D0%B2%D0%BD%D0%B5%D0%B2%D1%8B%D0%B5%20%D0%BF%D0%BE%D1%82%D0%BE%D0%BB%D0%BA%D0%B8.html,rekomendacii/itemlist/tag/многоуровневые потолки.html,Как будет выглядеть стык двухуровневого натяжного потолка с профилем ПП75 PROZET (видео),listing-or-page,,,"Заказать качественные натяжные потолки по низкой цене, грамотно сделать монтаж полотен сложных форм, найти нужный цвет плёнки из экологически безопасного ПВХ, подобрать фактуру полотна к дизайну и стилю интерьера квартиры, дома, коттеджа помогут наши публикации, фото, картинки, каталоги и схемы.",articles/875c439c71fd907e.md
https://vl63.ru/rekomendacii/itemlist/tag/%D0%BE%D1%81%D0%B2%D0%B5%D1%89%D0%B5%D0%BD%D0%B8%D0%B5.html,rekomendacii/itemlist/tag/освещение.html,"Фотоплитка, освещенная парящим профилем натяжного потолка в ванной.",listing-or-page,,,"Заказать качественные натяжные потолки по низкой цене, грамотно сделать монтаж полотен сложных форм, найти нужный цвет плёнки из экологически безопасного ПВХ, подобрать фактуру полотна к дизайну и стилю интерьера квартиры, дома, коттеджа помогут наши публикации, фото, картинки, каталоги и схемы.",articles/b0197f2e7d528064.md
https://vl63.ru/rekomendacii/itemlist/tag/%D0%BF%D1%80%D0%BE%D1%82%D0%B5%D1%87%D0%BA%D0%B0.html,rekomendacii/itemlist/tag/протечка.html,Откуда пятна на глянцевом натяжном потолке и как их удалить?,listing-or-page,,,"Заказать качественные натяжные потолки по низкой цене, грамотно сделать монтаж полотен сложных форм, найти нужный цвет плёнки из экологически безопасного ПВХ, подобрать фактуру полотна к дизайну и стилю интерьера квартиры, дома, коттеджа помогут наши публикации, фото, картинки, каталоги и схемы.",articles/6cce68daf267e7f7.md
https://vl63.ru/rekomendacii/itemlist/tag/%D0%BF%D1%8F%D1%82%D0%BD%D0%B0.html,rekomendacii/itemlist/tag/пятна.html,Откуда пятна на глянцевом натяжном потолке и как их удалить?,listing-or-page,,,"Заказать качественные натяжные потолки по низкой цене, грамотно сделать монтаж полотен сложных форм, найти нужный цвет плёнки из экологически безопасного ПВХ, подобрать фактуру полотна к дизайну и стилю интерьера квартиры, дома, коттеджа помогут наши публикации, фото, картинки, каталоги и схемы.",articles/a6ecd843b5f219b3.md
https://vl63.ru/rekomendacii/itemlist/tag/%D1%80%D0%B5%D1%88%D0%B5%D0%BD%D0%B8%D0%B5%20%D0%BF%D1%80%D0%BE%D0%B1%D0%BB%D0%B5%D0%BC.html,rekomendacii/itemlist/tag/решение проблем.html,Белый глянцевый натяжной потолок в одной плоскости с гипсокартонным коробом в бассейне,listing-or-page,,,"Заказать качественные натяжные потолки по низкой цене, грамотно сделать монтаж полотен сложных форм, найти нужный цвет плёнки из экологически безопасного ПВХ, подобрать фактуру полотна к дизайну и стилю интерьера квартиры, дома, коттеджа помогут наши публикации, фото, картинки, каталоги и схемы.",articles/a22a152c80c51f0b.md
https://vl63.ru/rekomendacii/itemlist/tag/%D1%81%D0%BF%D1%80%D1%8F%D1%82%D0%B0%D1%82%D1%8C%20%D0%B2%D0%BE%D0%B7%D0%B4%D1%83%D1%85%D0%BE%D0%B2%D0%BE%D0%B4.html,rekomendacii/itemlist/tag/спрятать воздуховод.html,Как спрятать трубу для вытяжки на кухне под натяжной потолок,listing-or-page,,,"Заказать качественные натяжные потолки по низкой цене, грамотно сделать монтаж полотен сложных форм, найти нужный цвет плёнки из экологически безопасного ПВХ, подобрать фактуру полотна к дизайну и стилю интерьера квартиры, дома, коттеджа помогут наши публикации, фото, картинки, каталоги и схемы.",articles/fc0544b597e3c0e5.md
https://vl63.ru/rekomendacii/itemlist/tag/%D1%82%D1%80%D1%83%D0%B1%D1%8B%20%D0%BE%D1%82%D0%BE%D0%BF%D0%BB%D0%B5%D0%BD%D0%B8%D1%8F.html,rekomendacii/itemlist/tag/трубы отопления.html,Что делать с натяжными потолками при замене труб отопления,listing-or-page,,,"Заказать качественные натяжные потолки по низкой цене, грамотно сделать монтаж полотен сложных форм, найти нужный цвет плёнки из экологически безопасного ПВХ, подобрать фактуру полотна к дизайну и стилю интерьера квартиры, дома, коттеджа помогут наши публикации, фото, картинки, каталоги и схемы.",articles/bb80963d48cd31fe.md
https://vl63.ru/rekomendacii/itemlist/tag/%D1%83%D1%80%D0%BE%D0%B2%D0%B5%D0%BD%D1%8C%20%D0%BD%D0%B0%D1%82%D1%8F%D0%B6%D0%BD%D0%BE%D0%B3%D0%BE%20%D0%BF%D0%BE%D1%82%D0%BE%D0%BB%D0%BA%D0%B0.html,rekomendacii/itemlist/tag/уровень натяжного потолка.html,Белый глянцевый натяжной потолок в одной плоскости с гипсокартонным коробом в бассейне,listing-or-page,,,"Заказать качественные натяжные потолки по низкой цене, грамотно сделать монтаж полотен сложных форм, найти нужный цвет плёнки из экологически безопасного ПВХ, подобрать фактуру полотна к дизайну и стилю интерьера квартиры, дома, коттеджа помогут наши публикации, фото, картинки, каталоги и схемы.",articles/6970e38554b8c97a.md
https://vl63.ru/rekomendacii/itemlist/tag/%D1%86%D0%B5%D0%BD%D1%8B.html,rekomendacii/itemlist/tag/цены.html,Натяжные потолки цена за 1м2 с установкой,listing-or-page,,,"Заказать качественные натяжные потолки по низкой цене, грамотно сделать монтаж полотен сложных форм, найти нужный цвет плёнки из экологически безопасного ПВХ, подобрать фактуру полотна к дизайну и стилю интерьера квартиры, дома, коттеджа помогут наши публикации, фото, картинки, каталоги и схемы.",articles/1e4645aab3f60449.md
https://vl63.ru/rekomendacii/itemlist/tag/%D1%88%D0%B2%D0%B5%D0%B4%D1%81%D0%BA%D0%B0%D1%8F%20%D1%81%D1%82%D0%B5%D0%BD%D0%BA%D0%B0.html,rekomendacii/itemlist/tag/шведская стенка.html,Можно ли закрепить детский спортивный комплекс к натяжному потолку,listing-or-page,,,"Заказать качественные натяжные потолки по низкой цене, грамотно сделать монтаж полотен сложных форм, найти нужный цвет плёнки из экологически безопасного ПВХ, подобрать фактуру полотна к дизайну и стилю интерьера квартиры, дома, коттеджа помогут наши публикации, фото, картинки, каталоги и схемы.",articles/8d1868d83eab21e7.md
https://vl63.ru/rekomendacii/itemlist/tag/%D1%88%D0%BA%D0%B0%D1%84%20%D0%BA%D1%83%D0%BF%D0%B5.html,rekomendacii/itemlist/tag/шкаф купе.html,Как и когда устанавливать натяжной потолок и шкаф купе,listing-or-page,,,"Заказать качественные натяжные потолки по низкой цене, грамотно сделать монтаж полотен сложных форм, найти нужный цвет плёнки из экологически безопасного ПВХ, подобрать фактуру полотна к дизайну и стилю интерьера квартиры, дома, коттеджа помогут наши публикации, фото, картинки, каталоги и схемы.",articles/9e80d91bc580d490.md
https://vl63.ru/rekomendacii/itemlist/tag/%D1%88%D1%82%D0%BE%D1%80%D1%8B%20%D1%81%20%D0%BD%D0%B0%D1%82%D1%8F%D0%B6%D0%BD%D1%8B%D0%BC%20%D0%BF%D0%BE%D1%82%D0%BE%D0%BB%D0%BA%D0%BE%D0%BC.html,rekomendacii/itemlist/tag/шторы с натяжным потолком.html,Как к нижнему краю ниши в натяжном потолке закрепить потолочный плинтус без гипсокартона,listing-or-page,,,"Заказать качественные натяжные потолки по низкой цене, грамотно сделать монтаж полотен сложных форм, найти нужный цвет плёнки из экологически безопасного ПВХ, подобрать фактуру полотна к дизайну и стилю интерьера квартиры, дома, коттеджа помогут наши публикации, фото, картинки, каталоги и схемы.",articles/0a3dc63399e9bcb1.md
https://vl63.ru/rekomendacii/itemlist/tag/%D1%8D%D0%BA%D0%BE%D0%BD%D0%BE%D0%BC%D0%B8%D1%8F.html,rekomendacii/itemlist/tag/экономия.html,Почему не стоит устанавливать натяжной потолок на дешевый пластиковый багет,listing-or-page,,,"Заказать качественные натяжные потолки по низкой цене, грамотно сделать монтаж полотен сложных форм, найти нужный цвет плёнки из экологически безопасного ПВХ, подобрать фактуру полотна к дизайну и стилю интерьера квартиры, дома, коттеджа помогут наши публикации, фото, картинки, каталоги и схемы.",articles/f3ab42ebc3169b4d.md
https://vl63.ru/rekomendacii/itemlist/tag/%D1%8D%D0%BB%D0%B5%D0%BA%D1%82%D1%80%D0%B8%D0%BA%D0%B0.html,rekomendacii/itemlist/tag/электрика.html,Если пробили электрическую проводку при монтаже натяжных потолков,listing-or-page,,,"Заказать качественные натяжные потолки по низкой цене, грамотно сделать монтаж полотен сложных форм, найти нужный цвет плёнки из экологически безопасного ПВХ, подобрать фактуру полотна к дизайну и стилю интерьера квартиры, дома, коттеджа помогут наши публикации, фото, картинки, каталоги и схемы.",articles/093be62d033a7ef6.md
https://vl63.ru/rekomendacii/item/77-%D0%BE%D0%B1%D0%B2%D0%BE%D0%B4-%D1%82%D1%80%D1%83%D0%B1%D1%8B-%D0%BD%D0%B0%D1%82%D1%8F%D0%B6%D0%BD%D1%8B%D0%BC-%D0%BF%D0%BE%D1%82%D0%BE%D0%BB%D0%BA%D0%BE%D0%BC.html,rekomendacii/item/77-обвод-трубы-натяжным-потолком.html,"Обвод трубы натяжным потолком, как нужно и не надо делать.",k2-item,77,,"Обратите внимание, как делают обвод трубы специалисты компании ""Вертикальная линия"" из Тольятти! Учитесь! Вот как надо!",articles/a89cc09d75dd7da0.md
https://vl63.ru/kak-zakazat.html,kak-zakazat.html,"Как точно рассчитать стоимость натяжного потолка, чтобы заказать",k2-item,79,,"Сообщите необходимые данные для расчета стоимости натяжных потолков и получите коммерческое предложение от компании ""Вертикальная линия""!",articles/7482d62771aedabe.md
https://vl63.ru/rekomendacii/item/220-na-kakuju-maksimalnuju-shirinu-mozhno-ustanovit-natjazhnoi-potolok-bez-shva.html,rekomendacii/item/220-na-kakuju-maksimalnuju-shirinu-mozhno-ustanovit-natjazhnoi-potolok-bez-shva.html,На какую максимальную ширину можно установить натяжной потолок без шва?,k2-item,220,,"Узнайте,  на какую ширину комнаты можно натянуть бесшовный натяжной потолок!",articles/13fa8eb1637a4dfb.md
https://vl63.ru/rekomendacii/item/225-natjazhnye-potolki-tsena-za-1-m2.html,rekomendacii/item/225-natjazhnye-potolki-tsena-za-1-m2.html,Натяжные потолки цена за 1м2 с установкой,k2-item,225,,Мы называем полную стоимость натяжных потолков и не делим цены на материалы и работы. Можете сами в этом убедиться! Звоните +7(8482) 503-206 !,articles/71c7900f24957dca.md
https://vl63.ru/rekomendacii/item/280-kak-natyazhnoj-potolok-zvyozdnoe-nebo-ukrasit-effektom-severnogo-siyaniya.html,rekomendacii/item/280-kak-natyazhnoj-potolok-zvyozdnoe-nebo-ukrasit-effektom-severnogo-siyaniya.html,"Как натяжной потолок ""звёздное небо"" украсить эффектом северного сияния.",k2-item,280,,Были на Северном Полюсе? Видели Полярное сияние? Благодаря оптическим технологиям можно любоваться красотой северного сияния на натяжном потолке у себя дома.,articles/3e88c4abfd1008a0.md
https://vl63.ru/natyajnye-potolki-kupol.html,natyajnye-potolki-kupol.html,Натяжные потолки купол в башню,k2-item,67,,Компания Вертикальная линия предлагает установить натяжные потолки купол лучших европейских производителей.,articles/c0df0ac71d98ea8a.md
https://vl63.ru/rekomendacii/item/226-otkuda-pjatna-na-natjazhnom-potolke.html,rekomendacii/item/226-otkuda-pjatna-na-natjazhnom-potolke.html,Откуда пятна на глянцевом натяжном потолке и как их удалить?,k2-item,226,,"Что делать, если на глянцевом натяжном потолке появились пятна и разводы, как их удалить.",articles/857576d1a52034b5.md
https://vl63.ru/rekomendacii/item/222-kak-povesit-zanaveski-na-balkone-esli-natjazhnye-potolki-blizko-k-rame.html,rekomendacii/item/222-kak-povesit-zanaveski-na-balkone-esli-natjazhnye-potolki-blizko-k-rame.html,"Как повесить занавески на балконе, если натяжные потолки близко к раме",k2-item,222,,"Узнай, на что вешать шторы на балконе, если между оконной рамой и натяжным потолком не достаточно места для крепления гардины.",articles/126f8bc2a304b402.md
https://vl63.ru/rekomendacii/item/267-porez-natjazhnogo-potolka-zakryt-vent-reshetkoj.html,rekomendacii/item/267-porez-natjazhnogo-potolka-zakryt-vent-reshetkoj.html,"Что сделать, чтобы порез натяжного потолка не разошелся",k2-item,267,,Случайно порезали натяжной потолок? Обязательно это сделайте!,articles/4298f99a11a55973.md
https://vl63.ru/rekomendacii/item/187-kak-economy-electrik-pri-montage-stratch-ceiling.html,rekomendacii/item/187-kak-economy-electrik-pri-montage-stratch-ceiling.html,Как сэкономить на электрике при установке натяжных потолков,k2-item,187,,"Узнайте, как провести электрические провода под натяжным потолком, чтобы уменьшить их количество и снизить затраты на монтаж!",articles/889acd380727a1a7.md
https://vl63.ru/rekomendacii/item/204-%D0%BE%D0%B1-%D1%83%D1%81%D1%82%D1%80%D0%BE%D0%B9%D1%81%D1%82%D0%B2%D0%B5-%D0%BF%D1%80%D1%8F%D0%BC%D0%BE%D1%83%D0%B3%D0%BE%D0%BB%D1%8C%D0%BD%D1%8B%D1%85-%D0%BC%D0%BD%D0%BE%D0%B3%D0%BE%D1%83%D1%80%D0%BE%D0%B2%D0%BD%D0%B5%D0%B2%D1%8B%D1%85-%D0%BD%D0%B0%D1%82%D1%8F%D0%B6%D0%BD%D1%8B%D1%85-%D0%BF%D0%BE%D1%82%D0%BE%D0%BB%D0%BA%D0%BE%D0%B2.html,rekomendacii/item/204-об-устройстве-прямоугольных-многоуровневых-натяжных-потолков.html,Об устройстве прямоугольных многоуровневых натяжных потолков,k2-item,204,,"Благодаря эластичным свойствам виниловой пленки возможно создание разнообразных форм натяжных потолков, в том числе и прямоугольных или квадратных дву...",articles/d48975472cf77c3e.md
https://vl63.ru/rekomendacii/item/205-kak-ubrat-vodu-s-natjazhnogo-potolka-posle-protechki.html,rekomendacii/item/205-kak-ubrat-vodu-s-natjazhnogo-potolka-posle-protechki.html,Как слить воду с натяжного потолка после протечки,k2-item,205,,Затопило натяжной потолок? Срочно удалите воду! Не знаете как слить? Смотрите наше видео!,articles/78477e25d0ba6c3c.md
https://vl63.ru/rekomendacii/item/206-kvadratnye-svetilniki-v-natjazhnoj-potolok.html,rekomendacii/item/206-kvadratnye-svetilniki-v-natjazhnoj-potolok.html,Можно ли установить в натяжные потолки квадратные светильники?,k2-item,206,,"Если по дизайну подходят только квадратные светильники, но есть сомнения, что их можно встроить в натяжной потолок, придут на помощь специалисты компании ""Вертикальная линия"".",articles/7a9f67a492362f9c.md
https://vl63.ru/rekomendacii/item/210-%D1%87%D1%82%D0%BE-%D0%B4%D0%B5%D0%BB%D0%B0%D1%82%D1%8C-%D1%81-%D0%BD%D0%B0%D1%82%D1%8F%D0%B6%D0%BD%D1%8B%D0%BC%D0%B8-%D0%BF%D0%BE%D1%82%D0%BE%D0%BB%D0%BA%D0%B0%D0%BC%D0%B8-%D0%BF%D1%80%D0%B8-%D0%B7%D0%B0%D0%BC%D0%B5%D0%BD%D0%B5-%D1%82%D1%80%D1%83%D0%B1-%D0%BE%D1%82%D0%BE%D0%BF%D0%BB%D0%B5%D0%BD%D0%B8%D1%8F.html,rekomendacii/item/210-что-делать-с-натяжными-потолками-при-замене-труб-отопления.html,Что делать с натяжными потолками при замене труб отопления,k2-item,210,,Процедура замены стояковых труб отопления с натяжным потолком и возможные последствия при демонтаже полотна с рассохшимся пластиковым обводом.,articles/cb5f05d07d556ddc.md
https://vl63.ru/rekomendacii.html?start=14,rekomendacii__q_4c4f2037aa.html,Важные рекомендации,listing-or-page,,,"Важные рекомендации экспертов компании ""Вертикальная линия"" по установке натяжных потолков. Советы специалистов по натяжным потолкам из Тольятти.",articles/22cab886cfab530c.md
https://vl63.ru/rekomendacii.html?start=28,rekomendacii__q_440a53144d.html,"Всем мастерам по ремонту известно, как долго и мучительно режется и сверлится керамогранит или мрамор. Расскажем и покажем на фото и видео один маленький секрет, как быстро и без проблем установить натяжной потолок без сверления плитки.",listing-or-page,,,"Важные рекомендации экспертов компании ""Вертикальная линия"" по установке натяжных потолков. Советы специалистов по натяжным потолкам из Тольятти.",articles/67d8d18f08b68cc4.md
https://vl63.ru/rekomendacii.html?start=42,rekomendacii__q_a64ea7898f.html,Важные рекомендации,listing-or-page,,,"Важные рекомендации экспертов компании ""Вертикальная линия"" по установке натяжных потолков. Советы специалистов по натяжным потолкам из Тольятти.",articles/1256d146fe391158.md
https://vl63.ru/rekomendacii.html?start=56,rekomendacii__q_6eb790dad5.html,Важные рекомендации,listing-or-page,,,"Важные рекомендации экспертов компании ""Вертикальная линия"" по установке натяжных потолков. Советы специалистов по натяжным потолкам из Тольятти.",articles/ef94e030ca1b48a3.md
https://vl63.ru/natyajnye_potolki.html,natyajnye_potolki.html,Натяжные потолки в одной плоскости,k2-item,138,,Натяжные потолки в одной плоскости. Сравните матовую и сатиновую фактуру!,articles/dd9e6c4e32c35973.md
https://vl63.ru/tehnologii.html,tehnologii.html,Технологии производства натяжных потолков,k2-item,84,,Технологии производства натяжных потолков. Компания Вертикальная линия.,articles/44fb24a6f8f87caf.md
https://vl63.ru/rekomendacii/item/238-svarnoi-shov-matovogo-natjazhnogo-potolka-foto-video.html,rekomendacii/item/238-svarnoi-shov-matovogo-natjazhnogo-potolka-foto-video.html,Как выглядит сварной шов матового натяжного потолка фото и видео,k2-item,238,,"Видео и фото натяжного потолка, дающие представление о том, как выглядит сварной шов на матовой пленке.",articles/a3d233dffdb10d10.md
https://vl63.ru/rekomendacii/item/239-vstavka-dekorativnaja-lenta-natjazhnogo-potolka.html,rekomendacii/item/239-vstavka-dekorativnaja-lenta-natjazhnogo-potolka.html,"Как устанавливается вставка, декоративная лента натяжного потолка",k2-item,239,,Вот как должна выглядеть окантовка натяжного потолка по периметру на внутренних и внешних углах! Стык между стеной и натяжным потолком без щелей.,articles/f16eb7d7bb630177.md
https://vl63.ru/rekomendacii/item/256-udalit-klej-cosmofen-natjazhnogo-potolka.html,rekomendacii/item/256-udalit-klej-cosmofen-natjazhnogo-potolka.html,"Как удалить клей Космофен с натяжного потолка, одежды, ламината, линолеума",k2-item,256,,"Специалисты компании по натяжным потолкам из Тольятти знают одно недорогое и проверенное средство, которое удаляет остатки цианкрилатного клея Cosmofen CA 12. Поделимся с вами секретом!",articles/96182029dd270287.md
https://vl63.ru/rekomendacii/item/255-remont-natjazhnogo-potolka.html,rekomendacii/item/255-remont-natjazhnogo-potolka.html,Ремонт натяжного потолка. Какие повреждения можно отремонтировать без следа.,k2-item,255,,"Что делать, если натяжной потолок порезали, прожгли, провис после протечки? Как и чем отремонтировать  повреждения натяжных потолков?",articles/0fe6bfbbc190af87.md
https://vl63.ru/rekomendacii/item/308-chem-otlichayutsya-natyazhnye-potolki-iz-plenki-pvh-i-tkanevye.html,rekomendacii/item/308-chem-otlichayutsya-natyazhnye-potolki-iz-plenki-pvh-i-tkanevye.html,Чем отличаются натяжные потолки из пленки ПВХ и тканевые. Какие выбрать.,k2-item,308,,"Прежде чем заказать натяжной потолок, стоит узнать, чем отличаются полотна из ПВХ от тканевых. Эксперты компании ""Вертикальная линия"" из Тольятти помогут выбрать тип материала.",articles/b6db892908f7f5e6.md
https://vl63.ru/rekomendacii/item/300-dizajn-gostinoj-kuhni-i-prihozhej-obedinenyh-natyazhnymi-potolkami-dvuh-tsvetov-i-faktur-v-odnom-urovne.html,rekomendacii/item/300-dizajn-gostinoj-kuhni-i-prihozhej-obedinenyh-natyazhnymi-poto__8183865cd984.html,"Дизайн гостиной, кухни и прихожей, объединеных натяжными потолками двух цветов и фактур в одном уровне",k2-item,300,,Кроме функции дизайна разделительный профиль исключает провисание натяжного потолка в комнатах с большой площадью.,articles/9da9f2eacc77f353.md
https://vl63.ru/rekomendacii/item/232-zakrepit-detskij-spot-komplex-k-natjazhnomu-potolku.html,rekomendacii/item/232-zakrepit-detskij-spot-komplex-k-natjazhnomu-potolku.html,Можно ли закрепить детский спортивный комплекс к натяжному потолку,k2-item,232,,"Мы знаем, как установить на натяжной потолок шведскую стенку без отверстий в полотне. Специалисты компании ""Вертикальная линия"" из Тольятти поделятся с Вами своим опытом.",articles/05923e9355da7fda.md
https://vl63.ru/rekomendacii/item/257-natjazhnoj-potolok-v-koridore-toljatti-3-komnat-moskovskoj-planirovki.html,rekomendacii/item/257-natjazhnoj-potolok-v-koridore-toljatti-3-komnat-moskovskoj-planirovki.html,Натяжной потолок в коридоре 3-комнатной квартиры Московской планировки Тольятти,k2-item,257,,Как можно сделать функциональным коридор рядом с санузлом в 3-комнатной квартире Московской планировки Тольятти и установить натяжной потолок.,articles/f66bad59294f1ec5.md
https://vl63.ru/rekomendacii/item/259-ustanovka-v-natjazhnoj-potolok-prjamougolnogo-svetilnika.html,rekomendacii/item/259-ustanovka-v-natjazhnoj-potolok-prjamougolnogo-svetilnika.html,Как красиво установить в натяжной потолок прямоугольный светильник без зазора.,k2-item,259,,"Хотите, чтобы прямоугольные светильники плотно примыкали к натяжному потолку? Обратитесь в компанию ""Вертикальная  линия"" из Тольятти, которые легко справятся с этой задачей!",articles/abf4aabce60683fa.md
https://vl63.ru/rekomendacii/item/273-zakaz-art-foto-pechati-na-natjazhnyh-potolkah-po-katalogam.html,rekomendacii/item/273-zakaz-art-foto-pechati-na-natjazhnyh-potolkah-po-katalogam.html,Заказ художественной фотопечати на натяжных потолках по каталогам,k2-item,273,,Как просто найти подходящую картинку и и быстро получить готовый заказ натяжных потолков с художественной фотопечатью.,articles/cff4eee8f4cd08b8.md
https://vl63.ru/rekomendacii/item/252-kak-sdelat-ravnomerno-svet-natjazhnoj-potolok.html,rekomendacii/item/252-kak-sdelat-ravnomerno-svet-natjazhnoj-potolok.html,Как сделать равномерно светящийся натяжной потолок,k2-item,252,,"Доверьте проектирование и установку светового натяжного потолка специалистам компании ""Вертикальная линия"" Тольятти.",articles/14f05a8c99a228be.md
https://vl63.ru/kombinazii-zvetov.html,kombinazii-zvetov.html,Комбинация цветов натяжного потолка,k2-item,90,,"Как объединить в одном помещении натяжные потолки разных фактур и цветов расскажут эксперты ""Вертикальной линии"" из Тольятти.",articles/79a559dbfd2f5d45.md
https://vl63.ru/nashi_raboty/jigulevskaya_ges.html,nashi_raboty/jigulevskaya_ges.html,"Портфолио, натяжные потолки фото",k2-item,51,,Компания Вертикальная линия. Натяжные потолки. Портфолио. Тольятти.,articles/ff89c9e056764bf0.md
https://vl63.ru/rekomendacii/item/294-postavit-natyazhnoj-potolok-s-gipsokartonnym-v-odnom-urovne-ili-net.html,rekomendacii/item/294-postavit-natyazhnoj-potolok-s-gipsokartonnym-v-odnom-urovne-ili-net.html,Поставить натяжной потолок с гипсокартонным в одном уровне или нет,k2-item,294,,"Что нужно учесть, чтобы решить на каком уровне установить натяжной потолок относительно короба из ГКЛ.",articles/30d05686ca8e1737.md
https://vl63.ru/rekomendacii/item/281-pochemu-potolochnyj-plintus-ne-ustanavlivayut-firmy-po-natyazhnym-potolkam.html,rekomendacii/item/281-pochemu-potolochnyj-plintus-ne-ustanavlivayut-firmy-po-natyazhnym-potolkam.html,Почему потолочный плинтус не устанавливают фирмы по натяжным потолкам,k2-item,281,,"Хочется красивый широкий интерьерный багет, а не узкую вставку в натяжных потолках? Не всё так просто!",articles/39d0f378c34ad321.md
https://vl63.ru/rekomendacii/item/250-natjazhnye-potolki-na-metal-dvutavr-balki.html,rekomendacii/item/250-natjazhnye-potolki-na-metal-dvutavr-balki.html,Натяжные потолки на металлические двутавровые балки,k2-item,250,,"Монтаж натяжных потолков к железным балкам специалистами компании ""Вертикальная линия"" Тольятти.",articles/638fcd3818b736b3.md
https://vl63.ru/rekomendacii/item/220-%D0%BD%D0%B0-%D0%BA%D0%B0%D0%BA%D1%83%D1%8E-%D0%BC%D0%B0%D0%BA%D1%81%D0%B8%D0%BC%D0%B0%D0%BB%D1%8C%D0%BD%D1%83%D1%8E-%D1%88%D0%B8%D1%80%D0%B8%D0%BD%D1%83-%D0%BC%D0%BE%D0%B6%D0%BD%D0%BE-%D1%83%D1%81%D1%82%D0%B0%D0%BD%D0%BE%D0%B2%D0%B8%D1%82%D1%8C-%D0%BD%D0%B0%D1%82%D1%8F%D0%B6%D0%BD%D0%BE%D0%B9-%D0%BF%D0%BE%D1%82%D0%BE%D0%BB%D0%BE%D0%BA-%D0%B1%D0%B5%D0%B7-%D1%88%D0%B2%D0%B0.html,rekomendacii/item/220-на-какую-максимальную-ширину-можно-установить-натяжной-потолок-без-шва.html,На какую максимальную ширину можно установить натяжной потолок без шва?,k2-item,220,,"Узнайте,  на какую ширину комнаты можно натянуть бесшовный натяжной потолок!",articles/459f47e3a408b5b5.md
https://vl63.ru/rekomendacii/item/288-kak-k-nizhnemu-krayu-nishi-v-natyazhnom-potolke-zakrepit-potolochnyj-plintus-bez-gipsokartona.html,rekomendacii/item/288-kak-k-nizhnemu-krayu-nishi-v-natyazhnom-potolke-zakrepit-poto__74cc7bea340b.html,Как к нижнему краю ниши в натяжном потолке закрепить потолочный плинтус без гипсокартона,k2-item,288,,Как без пыли и строительного мусора за 10 минут сделать вертикальную полку для крепления декоративного карниза к краю ниши натяжного потолка.,articles/4debafd67803badd.md
https://vl63.ru/rekomendacii/item/187-%D0%BA%D0%B0%D0%BA-%D1%81%D1%8D%D0%BA%D0%BE%D0%BD%D0%BE%D0%BC%D0%B8%D1%82%D1%8C-%D0%BD%D0%B0-%D1%8D%D0%BB%D0%B5%D0%BA%D1%82%D1%80%D0%B8%D0%BA%D0%B5-%D0%BF%D1%80%D0%B8-%D1%83%D1%81%D1%82%D0%B0%D0%BD%D0%BE%D0%B2%D0%BA%D0%B5-%D0%BD%D0%B0%D1%82%D1%8F%D0%B6%D0%BD%D1%8B%D1%85-%D0%BF%D0%BE%D1%82%D0%BE%D0%BB%D0%BA%D0%BE%D0%B2.html,rekomendacii/item/187-как-сэкономить-на-электрике-при-установке-натяжных-потолков.html,Как сэкономить на электрике при установке натяжных потолков,k2-item,187,,"Узнайте, как провести электрические провода под натяжным потолком, чтобы уменьшить их количество и снизить затраты на монтаж!",articles/74ea7a19804e9545.md
https://vl63.ru/rekomendacii/item/236-natjazhnoi-potolok-mebel-shkaf-kupe.html,rekomendacii/item/236-natjazhnoi-potolok-mebel-shkaf-kupe.html,Как и когда устанавливать натяжной потолок и шкаф купе,k2-item,236,,Последовательность монтажа натяжного потолка и шкафа купе. Монтажные схемы. Фото.,articles/e7f2cbda50aece78.md
https://vl63.ru/rekomendacii/item/247-otlichie-solvent-foto-print-ot-uv-natjazhnogo-potolka.html,rekomendacii/item/247-otlichie-solvent-foto-print-ot-uv-natjazhnogo-potolka.html,Отличие сольвентной фотопечати от UV на примере натяжного потолка,k2-item,247,,"Различия между двумя технологиями нанесения фотопечати на натяжные потолки на примере фото одного изображения в одном и том же помещении. Работа компании ""Вертикальная линия"" из Тольятти.",articles/463cdcab72f5623c.md
https://vl63.ru/rekomendacii/item/293-na-skolko-bezopasno-vstroit-v-natyazhnoj-potolok-stalnuyu-trubu-dymohoda-kamina.html,rekomendacii/item/293-na-skolko-bezopasno-vstroit-v-natyazhnoj-potolok-stalnuyu-trubu-dymohoda-kamina.html,На сколько безопасно встроить в натяжной потолок стальную трубу дымохода камина,k2-item,293,,"Боитесь устанавливать натяжные потолки в помещение с камином или печью? Мы тоже опасались за плёнку, пока не узнали о существовании 2-контурной трубы дымохода.",articles/19bdb9c0643ea45b.md
https://vl63.ru/rekomendacii/item/292-kak-ukrasit-natyazhnoj-potolok-dekorativnym-shnurom-kantom-po-perimetru-sten.html,rekomendacii/item/292-kak-ukrasit-natyazhnoj-potolok-dekorativnym-shnurom-kantom-po-perimetru-sten.html,Как украсить натяжной потолок декоративным шнуром (кантом) по периметру стен,k2-item,292,,Как приклеить к периметру натяжного потолка красивый разноцветный декоративный шнур (видео) взамен банальной технологической вставки.,articles/66373f146835cad8.md
https://vl63.ru/rekomendacii/item/271-decor-kamen-pod-natjazhnoj-potolok-chto-snachala-sdelat.html,rekomendacii/item/271-decor-kamen-pod-natjazhnoj-potolok-chto-snachala-sdelat.html,Декоративный камень под натяжной потолок. Что сначала: отделать стены или натянуть?,k2-item,271,,"Знаете, в какой последовательности выкладывать натуральный камень и устанавливать натяжной потолок? Читайте!",articles/5594122a3c2c6308.md
https://vl63.ru/rekomendacii/item/260-natjazhnoj-potolok-s-podsvetkoj-perimetra-svetodiod-lentoj-aluminiev-profil.html,rekomendacii/item/260-natjazhnoj-potolok-s-podsvetkoj-perimetra-svetodiod-lentoj-aluminiev-profil.html,Натяжной потолок с подсветкой периметра светодиодной лентой в угловом алюминиевом профиле.,k2-item,260,,"Красивая светодиодная подсветка периметра натяжного потолка со специальным алюминиевым угловым профилем с фаской в оранжевой ванной комнате, фото компании ""Вертикальная  линия"" из Тольятти.",articles/55d1dcd0cbfbc509.md
https://vl63.ru/rekomendacii/item/224-stoit-li-natjagivat-potolki-v-derevjannom-dome.html,rekomendacii/item/224-stoit-li-natjagivat-potolki-v-derevjannom-dome.html,"Стоит ли натягивать потолки в деревянном доме. Фото, советы и отзывы.",k2-item,224,,"Уместны ли натяжные потолки в деревянном срубе? Наши фото и советы, а также отзывы владельцев срубовых домов с натяжными потолками помогут Вам решить этот вопрос.",articles/166d05416120dfc5.md
https://vl63.ru/rekomendacii/item/269-zonirovanie-pomeshenija-natjazhnym-potolkom-v-odnom-urovne.html,rekomendacii/item/269-zonirovanie-pomeshenija-natjazhnym-potolkom-v-odnom-urovne.html,Зонирование помещения натяжными потолками в одном уровне,k2-item,269,,"Узнайте, как недорого и красиво выделить необходимую зону комнаты натяжными потолками разного цвета и фактур!",articles/fb374655ecee46ef.md
https://vl63.ru/rekomendacii/item/286-pochemu-ne-stoit-ustanavlivat-natyazhnoj-potolok-na-deshevyj-plastikovyj-baget.html,rekomendacii/item/286-pochemu-ne-stoit-ustanavlivat-natyazhnoj-potolok-na-deshevyj-plastikovyj-baget.html,Почему не стоит устанавливать натяжной потолок на дешевый пластиковый багет,k2-item,286,,Что ждёт каждого в погоне за дешёвыми натяжными потолками? Мы обязаны Вас предупредить о возможных последствиях сомнительной экономии!,articles/19c69e5874afb613.md
https://vl63.ru/rekomendacii/item/299-kak-budet-vyglyadet-styk-dvuhurovnevogo-natyazhnogo-potolka-s-profilem-pp75-prozet-video.html,rekomendacii/item/299-kak-budet-vyglyadet-styk-dvuhurovnevogo-natyazhnogo-potolka-s__452e59a49604.html,Как будет выглядеть стык двухуровневого натяжного потолка с профилем ПП75 PROZET (видео),k2-item,299,,Каким будет стык двухуровневого натяжного потолка зависит от применяемой конструкции. Наш обзор с профилем ПП75 Prozet.,articles/b522cb5fd2c817ac.md
https://vl63.ru/rekomendacii/item/264-economy-stratching-ceiling.html,rekomendacii/item/264-economy-stratching-ceiling.html,На чем можно сэкономить при заказе натяжных потолков.,k2-item,264,,"Где выгодно и как не дорого заказать натяжной потолок? Специалисты компании ""Вертикальная линия"" подскажут на чём можно, а где не стоит экономить.",articles/55c218273d8868e5.md
https://vl63.ru/rekomendacii/item/242-montage-natjazhnoj-potolok-laminirovannye-stenovye-paneli-pvc.html,rekomendacii/item/242-montage-natjazhnoj-potolok-laminirovannye-stenovye-paneli-pvc.html,Монтаж натяжных потолков с ламинированными панелями ПВХ,k2-item,242,,Как не повредить пластиковые стеновые панели при установке натяжных потолков...,articles/60cd430b5a777d81.md
https://vl63.ru/rekomendacii/item/244-proizvoditeli-natjazhnyh-potolkov-toljatti-truby-ot-plenki.html,rekomendacii/item/244-proizvoditeli-natjazhnyh-potolkov-toljatti-truby-ot-plenki.html,"Производители натяжных потолков, не знаете куда деть трубы от пленки?!",k2-item,244,,"Идеи использования отходов труб от пленки натяжных потолков от тольяттинской компании ""Вертикальная линия""",articles/a04a9a5f7b12a56c.md
https://vl63.ru/rekomendacii/item/246-montazh-ekrana-proektora-v-natjazhnoj-potolok.html,rekomendacii/item/246-montazh-ekrana-proektora-v-natjazhnoj-potolok.html,Монтаж моторизованного экрана проектора в натяжной потолок,k2-item,246,,"Инсталляция моторизованного экрана кинопроектора в нишу 2-уровневого натяжного потолка специалистами компании ""Вертикальная линия"" из Тольятти.",articles/ff7167af217c3879.md
https://vl63.ru/rekomendacii/item/268-natjazhnoj-potolok-s-cherdachnoj-lestnitsej.html,rekomendacii/item/268-natjazhnoj-potolok-s-cherdachnoj-lestnitsej.html,Можно ли поставить натяжной потолок в комнате с чердачной лестницей,k2-item,268,,"Узнайте, как красиво встроить складную лестницу для чердака в натяжной потолок!",articles/dccd2b835715a886.md
https://vl63.ru/rekomendacii/item/276-skolko-ekonomyat-elektroenergii-svetodiodnye-svetilniki-sravnenii-lyuminestsentnymi.html,rekomendacii/item/276-skolko-ekonomyat-elektroenergii-svetodiodnye-svetilniki-sravnenii-lyuminestsentnymi.html,Сколько экономят электроэнергии светодиодные светильники в сравнении с люминесцентными,k2-item,276,,"Мы собрали квитанции за свет и посчитали разницу потребления электроэнергии. Смотрите сами, решайте сами, иметь или не иметь!",articles/96af9b1f0a68f8af.md
https://vl63.ru/rekomendacii/item/277-kakim-obogrevatelem-bezopasno-bystro-sogret-rabochee-mesto-opyt-kompanii-vertikalnaya-liniya.html,rekomendacii/item/277-kakim-obogrevatelem-bezopasno-bystro-sogret-rabochee-mesto-op__a4345014ca07.html,Каким обогревателем безопасно и быстро согреть рабочее место из опыта компании Вертикальная линия,k2-item,277,,Мёрзнете за своим рабочим столом? Всего за минуту можно согреться таким обогревателем. Осталось несколько штук всего за 1000 рублей!,articles/c51d193441da5604.md
https://vl63.ru/rekomendacii/item/278-spajka-natyazhnyh-potolkov-krivolinejno-kak-zakazat-i-skolko-stoit.html,rekomendacii/item/278-spajka-natyazhnyh-potolkov-krivolinejno-kak-zakazat-i-skolko-stoit.html,Спайка натяжных потолков криволинейно. Как заказать и сколько стоит.,k2-item,278,,"Пришлите размеры помещения и эскиз конфигурации линии спайки полотен натяжного потолка на нашу электронную почту potolok63@yandex.ru, чтобы узнать стоимость!",articles/481969181ac91d48.md
https://vl63.ru/rekomendacii/item/284-esli-na-tylnuyu-storonu-natyazhnogo-potolka-popadali-moshki-ili-upala-shtukaturka.html,rekomendacii/item/284-esli-na-tylnuyu-storonu-natyazhnogo-potolka-popadali-moshki-ili-upala-shtukaturka.html,Если на тыльную сторону натяжного потолка попадали мошки или упала штукатурка,k2-item,284,,"Не говорите потом, что мы вас не предупреждали, как надо подготовить основной потолок к установке натяжного!",articles/46af2b64718f9039.md
https://vl63.ru/rekomendacii/item/285-chto-delat-esli-myshi-zavelis-za-natyazhnym-potolkom-i-progryzli-polotno.html,rekomendacii/item/285-chto-delat-esli-myshi-zavelis-za-natyazhnym-potolkom-i-progryzli-polotno.html,"Что делать, если мыши завелись за натяжным потолком и прогрызли полотно",k2-item,285,,"Узнайте, как народным способом легко прогнать грызунов с натяжного потолка!",articles/53a003b08a50c079.md
https://vl63.ru/rekomendacii/item/301-ideya-nedorogogo-remonta-odnokomnatnoj-kvartiry-s-natyazhnymi-potolkami-v-tolyatti.html,rekomendacii/item/301-ideya-nedorogogo-remonta-odnokomnatnoj-kvartiry-s-natyazhnymi-potolkami-v-tolyatti.html,Идея недорогого ремонта однокомнатной квартиры с натяжными потолками в Тольятти,k2-item,301,,"Кто сделает бюджетный качественный ремонт и поставит натяжные потолки недорого - вопрос, который волнует большинство людей. Для Вас - наши новые идеи!",articles/4de113b589d6b003.md
https://vl63.ru/rekomendacii/item/302-skrytaya-podsvetka-za-poluprozrachnym-natyazhnym-potolkom-yarkij-aktsent-svetloj-gostinoj.html,rekomendacii/item/302-skrytaya-podsvetka-za-poluprozrachnym-natyazhnym-potolkom-yar__533b8a6aa8fc.html,Скрытая подсветка за полупрозрачным натяжным потолком - яркий акцент светлой гостиной,k2-item,302,,Не хотите в гостиную люстру? Тогда натяжной потолок из полупрозрачной плёнки со скрытой светодиодной подсветкой - ваш вариант!,articles/ea2b4ee6c2e4c834.md
https://vl63.ru/rekomendacii/item/303-gde-razmestit-bloki-pitaniya-diodnoj-lenty-mezhurovnevoj-podsvetki-natyazhnogo-potolka.html,rekomendacii/item/303-gde-razmestit-bloki-pitaniya-diodnoj-lenty-mezhurovnevoj-podsvetki-natyazhnogo-potolka.html,Где разместить блоки питания диодной ленты межуровневой подсветки натяжного потолка,k2-item,303,,"Совет экспертов фирмы ""Вертикальная линия"" из Тольятти по месту расположения блоков питания светодиодной ленты для подсветки двухуровневого натяжного потолка.",articles/809356b031f132bc.md
https://vl63.ru/rekomendacii/item/304-svetovoj-natyazhnoj-potolok-vzamen-italyanskogo-svetilnika-divinare-8021.html,rekomendacii/item/304-svetovoj-natyazhnoj-potolok-vzamen-italyanskogo-svetilnika-divinare-8021.html,Световой натяжной потолок взамен итальянского светильника Divinare 8021/66 SP-1,k2-item,304,,Взамен подвесного светильника - наш световой натяжной потолок в два раза дешевле и не хуже итальянского.,articles/66dfa4803104aa7b.md
https://vl63.ru/rekomendacii/item/312-kak-podveshivaetsya-k-natyazhnomu-potolku-gibkij-uglovoj-karniz-dlya-shtorok-v-vannoj.html,rekomendacii/item/312-kak-podveshivaetsya-k-natyazhnomu-potolku-gibkij-uglovoj-karniz-dlya-shtorok-v-vannoj.html,Как подвешивается к натяжному потолку гибкий угловой карниз для шторок в ванной,k2-item,312,,"Не забудьте до монтажа натяжных потолков в ванную купить для шторки штангу, если для неё предусмотрено потолочное крепление!",articles/c466a47af7c73a51.md
